,Date,MinTemp,MaxTemp,Rainfall,Evaporation,Sunshine,WindGustDir,WindGustSpeed,WindDir9am,WindDir3pm,WindSpeed9am,WindSpeed3pm,Humidity9am,Humidity3pm,Pressure9am,Pressure3pm,Cloud9am,Cloud3pm,Temp9am,Temp3pm,RainToday,RainTomorrow,Next_RainToday,Next_Date,Is_Consecutive,Date_Diff_Days,Is_After_Gap,is_outlier,Year,Quarter,Month,MonthName,YearMonth,Season,AvgTemp,TempRange,HeatDay,RainDay_1mm,RainCategory,WindCategory,WindGustDir_Quadrant
0,2008-02-01,19.5,22.4,15.6,6.2,0.0,W,41,S,SSW,17,20,92,84,1017.6,1017.4,8,8,20.7,20.9,Yes,Yes,Yes,2008-02-02,True,,0,0,2008,1,2,Feb,2008-02,Winter,20.95,2.9,0,1,Heavy,Moderate (30-45 km/h),West
1,2008-02-02,19.5,25.6,6.0,3.4,2.7,W,41,W,E,9,13,83,73,1017.9,1016.4,7,7,22.4,24.8,Yes,Yes,Yes,2008-02-03,True,1.0,0,0,2008,1,2,Feb,2008-02,Winter,22.55,6.1,0,1,Moderate,Moderate (30-45 km/h),West
2,2008-02-03,21.6,24.5,6.6,2.4,0.1,W,41,ESE,ESE,17,2,88,86,1016.7,1015.6,7,8,23.5,23.0,Yes,Yes,Yes,2008-02-04,True,1.0,0,0,2008,1,2,Feb,2008-02,Winter,23.05,2.9,0,1,Moderate,Moderate (30-45 km/h),West
3,2008-02-04,20.2,22.8,18.8,2.2,0.0,W,41,NNE,E,22,20,83,90,1014.2,1011.8,8,8,21.4,20.9,Yes,Yes,Yes,2008-02-05,True,1.0,0,0,2008,1,2,Feb,2008-02,Winter,21.5,2.6,0,1,Heavy,Moderate (30-45 km/h),West
4,2008-02-05,19.7,25.7,77.4,4.8,0.0,W,41,NNE,W,11,6,88,74,1008.3,1004.8,8,8,22.5,25.5,Yes,Yes,Yes,2008-02-06,True,1.0,0,1,2008,1,2,Feb,2008-02,Winter,22.7,6.0,0,1,Extreme,Moderate (30-45 km/h),West
5,2008-02-06,20.2,27.2,1.6,2.6,8.6,W,41,W,ENE,9,22,69,62,1002.7,998.6,6,6,23.8,26.0,Yes,Yes,Yes,2008-02-07,True,1.0,0,0,2008,1,2,Feb,2008-02,Winter,23.7,7.0,0,1,Light,Moderate (30-45 km/h),West
6,2008-02-07,18.6,26.3,6.2,5.2,5.2,W,41,W,S,15,15,75,80,999.0,1000.3,4,7,21.7,22.3,Yes,Yes,Yes,2008-02-08,True,1.0,0,0,2008,1,2,Feb,2008-02,Winter,22.45,7.7,0,1,Moderate,Moderate (30-45 km/h),West
7,2008-02-08,17.2,22.3,27.6,5.8,2.1,W,41,S,SE,7,15,77,61,1008.3,1007.4,7,8,18.9,21.1,Yes,Yes,Yes,2008-02-09,True,1.0,0,0,2008,1,2,Feb,2008-02,Winter,19.75,5.1,0,1,Heavy,Moderate (30-45 km/h),West
8,2008-02-09,16.4,20.8,12.6,4.8,3.0,W,41,SSW,W,19,9,92,91,1006.4,1007.6,7,7,17.1,16.5,Yes,Yes,Yes,2008-02-10,True,1.0,0,0,2008,1,2,Feb,2008-02,Winter,18.6,4.4,0,1,Heavy,Moderate (30-45 km/h),West
9,2008-02-10,14.6,24.2,8.8,4.4,10.1,W,41,W,SSE,11,20,80,53,1014.0,1013.4,4,2,17.2,23.3,Yes,No,No,2008-02-11,True,1.0,0,0,2008,1,2,Feb,2008-02,Winter,19.4,9.6,0,1,Moderate,Moderate (30-45 km/h),West
10,2008-02-11,16.4,23.9,0.0,6.4,8.0,W,41,WNW,E,9,26,78,53,1017.6,1015.3,7,8,18.9,23.7,No,No,No,2008-02-12,True,1.0,0,0,2008,1,2,Feb,2008-02,Winter,20.15,7.5,0,0,None,Moderate (30-45 km/h),West
11,2008-02-12,18.9,27.3,0.0,6.8,6.7,W,41,N,NE,7,24,68,67,1010.7,1007.5,7,7,22.9,24.7,No,Yes,Yes,2008-02-13,True,1.0,0,0,2008,1,2,Feb,2008-02,Winter,23.1,8.4,0,0,None,Moderate (30-45 km/h),West
12,2008-02-13,18.4,22.8,14.4,7.0,3.3,W,41,S,S,24,30,87,70,1009.2,1011.7,8,7,20.9,21.0,Yes,Yes,Yes,2008-02-14,True,1.0,0,0,2008,1,2,Feb,2008-02,Winter,20.6,4.4,0,1,Heavy,Moderate (30-45 km/h),West
13,2008-02-14,16.9,24.3,3.0,3.2,8.7,W,41,SSW,SSE,15,19,81,51,1017.2,1016.5,7,1,18.4,23.3,Yes,No,No,2008-02-15,True,1.0,0,0,2008,1,2,Feb,2008-02,Winter,20.6,7.4,0,1,Moderate,Moderate (30-45 km/h),West
14,2008-02-15,18.3,24.4,0.0,6.2,8.5,W,41,SW,SSE,19,22,80,56,1020.2,1018.9,7,3,19.5,23.8,No,No,No,2008-02-16,True,1.0,0,0,2008,1,2,Feb,2008-02,Winter,21.35,6.1,0,0,None,Moderate (30-45 km/h),West
15,2008-02-16,16.7,24.1,0.0,6.2,8.8,W,41,WNW,SSE,11,26,77,52,1023.0,1022.6,7,6,19.8,23.3,No,No,No,2008-02-17,True,1.0,0,0,2008,1,2,Feb,2008-02,Winter,20.4,7.4,0,0,None,Moderate (30-45 km/h),West
16,2008-02-17,19.5,24.8,0.0,7.6,3.2,W,41,SE,ESE,13,24,63,62,1024.7,1023.1,7,7,21.8,23.4,No,No,No,2008-02-18,True,1.0,0,0,2008,1,2,Feb,2008-02,Winter,22.15,5.3,0,0,None,Moderate (30-45 km/h),West
17,2008-02-18,18.6,25.3,0.0,4.2,4.5,W,41,SSE,ENE,13,24,70,59,1021.7,1019.4,7,6,21.2,23.8,No,No,No,2008-02-19,True,1.0,0,0,2008,1,2,Feb,2008-02,Winter,21.95,6.7,0,0,None,Moderate (30-45 km/h),West
18,2008-02-19,19.0,24.8,0.0,5.2,7.5,W,41,WNW,E,7,17,79,65,1018.0,1015.4,7,7,20.8,23.4,No,No,No,2008-02-20,True,1.0,0,0,2008,1,2,Feb,2008-02,Winter,21.9,5.8,0,0,None,Moderate (30-45 km/h),West
19,2008-02-20,18.3,26.4,0.0,4.6,11.1,W,41,W,E,13,22,80,60,1013.4,1010.8,3,1,21.3,25.2,No,No,No,2008-02-21,True,1.0,0,0,2008,1,2,Feb,2008-02,Winter,22.35,8.1,0,0,None,Moderate (30-45 km/h),West
20,2008-02-21,20.6,26.8,0.0,6.8,6.4,W,41,WNW,SE,4,15,86,62,1011.4,1009.7,7,7,22.1,24.9,No,No,No,2008-02-22,True,1.0,0,0,2008,1,2,Feb,2008-02,Winter,23.7,6.2,0,0,None,Moderate (30-45 km/h),West
21,2008-02-22,19.1,25.4,0.4,4.4,9.4,W,41,WNW,E,11,28,77,66,1009.2,1003.1,4,1,22.3,24.9,No,No,No,2008-02-23,True,1.0,0,0,2008,1,2,Feb,2008-02,Winter,22.25,6.3,0,0,Light,Moderate (30-45 km/h),West
22,2008-02-23,20.5,26.0,0.0,6.6,12.2,W,41,WSW,ESE,20,24,38,45,1007.4,1007.0,1,1,22.5,24.0,No,No,No,2008-02-24,True,1.0,0,0,2008,1,2,Feb,2008-02,Winter,23.25,5.5,0,0,None,Moderate (30-45 km/h),West
23,2008-02-24,16.5,28.3,0.0,8.6,12.0,W,41,WNW,ESE,11,24,48,40,1007.9,1008.0,0,0,21.2,26.1,No,No,No,2008-02-25,True,1.0,0,0,2008,1,2,Feb,2008-02,Winter,22.4,11.8,0,0,None,Moderate (30-45 km/h),West
24,2008-02-25,20.5,24.2,0.0,8.6,1.5,W,41,E,E,15,20,58,54,1017.5,1016.9,7,7,21.6,23.5,No,No,No,2008-02-26,True,1.0,0,0,2008,1,2,Feb,2008-02,Winter,22.35,3.7,0,0,None,Moderate (30-45 km/h),West
25,2008-02-26,19.3,26.2,0.0,3.6,8.4,W,41,WSW,E,2,28,73,65,1018.3,1015.6,1,6,23.0,25.8,No,Yes,Yes,2008-02-27,True,1.0,0,0,2008,1,2,Feb,2008-02,Winter,22.75,6.9,0,0,None,Moderate (30-45 km/h),West
26,2008-02-27,19.0,29.0,22.2,8.2,3.3,W,41,W,NNE,0,15,82,52,1014.1,1010.6,7,7,21.3,24.7,Yes,Yes,Yes,2008-02-28,True,1.0,0,0,2008,1,2,Feb,2008-02,Winter,24.0,10.0,0,1,Heavy,Moderate (30-45 km/h),West
27,2008-02-28,17.9,21.4,4.2,4.2,0.0,W,41,S,ESE,20,9,77,88,1010.0,1010.1,8,8,20.4,19.2,Yes,Yes,Yes,2008-02-29,True,1.0,0,0,2008,1,2,Feb,2008-02,Winter,19.65,3.5,0,1,Moderate,Moderate (30-45 km/h),West
28,2008-02-29,14.7,20.6,33.0,7.0,8.9,W,41,SW,S,24,28,65,51,1015.3,1015.6,5,3,17.1,19.9,Yes,No,No,2008-03-01,True,1.0,0,0,2008,1,2,Feb,2008-02,Winter,17.65,5.9,0,1,Heavy,Moderate (30-45 km/h),West
29,2008-03-01,12.8,22.0,0.2,6.2,11.3,W,41,W,SSE,19,31,55,46,1020.9,1020.6,0,1,15.9,21.2,No,Yes,Yes,2008-03-02,True,1.0,0,0,2008,1,3,Mar,2008-03,Spring,17.4,9.2,0,0,Light,Moderate (30-45 km/h),West
30,2008-03-02,14.2,23.4,5.4,6.4,7.3,W,41,W,SE,13,17,93,54,1026.2,1025.2,7,2,15.1,22.4,Yes,No,No,2008-03-03,True,1.0,0,0,2008,1,3,Mar,2008-03,Spring,18.8,9.2,0,1,Moderate,Moderate (30-45 km/h),West
31,2008-03-03,15.0,23.1,0.2,2.6,11.2,W,41,W,ENE,15,19,78,57,1025.8,1022.5,1,1,18.2,22.5,No,No,No,2008-03-04,True,1.0,0,0,2008,1,3,Mar,2008-03,Spring,19.05,8.1,0,0,Light,Moderate (30-45 km/h),West
32,2008-03-04,15.5,25.4,0.0,6.8,11.3,W,41,WNW,E,9,19,77,57,1020.5,1018.6,0,2,18.7,23.8,No,No,No,2008-03-05,True,1.0,0,0,2008,1,3,Mar,2008-03,Spring,20.45,9.9,0,0,None,Moderate (30-45 km/h),West
33,2008-03-05,18.7,25.8,0.0,6.0,8.7,W,41,S,ESE,19,22,72,64,1024.8,1024.2,6,3,22.6,24.1,No,No,No,2008-03-06,True,1.0,0,0,2008,1,3,Mar,2008-03,Spring,22.25,7.1,0,0,None,Moderate (30-45 km/h),West
34,2008-03-06,19.6,26.0,0.0,5.0,10.4,W,41,N,ENE,11,19,67,65,1024.2,1019.8,1,1,22.1,24.7,No,No,No,2008-03-07,True,1.0,0,0,2008,1,3,Mar,2008-03,Spring,22.8,6.4,0,0,None,Moderate (30-45 km/h),West
35,2008-03-07,19.9,24.9,0.0,7.6,4.5,W,41,SSW,SSE,13,24,83,75,1021.3,1020.7,5,7,22.9,23.3,No,Yes,Yes,2008-03-08,True,1.0,0,0,2008,1,3,Mar,2008-03,Spring,22.4,5.0,0,0,None,Moderate (30-45 km/h),West
36,2008-03-08,16.5,24.8,17.4,6.0,9.6,W,41,WNW,E,9,22,88,71,1023.4,1022.3,1,2,18.8,21.5,Yes,No,No,2008-03-09,True,1.0,0,0,2008,1,3,Mar,2008-03,Spring,20.65,8.3,0,1,Heavy,Moderate (30-45 km/h),West
37,2008-03-09,16.4,24.3,0.0,4.6,10.2,W,41,W,E,9,19,82,64,1025.5,1025.2,1,2,19.7,23.8,No,No,No,2008-03-10,True,1.0,0,0,2008,1,3,Mar,2008-03,Spring,20.35,7.9,0,0,None,Moderate (30-45 km/h),West
38,2008-03-10,19.3,26.3,0.0,4.6,10.8,W,41,WNW,NE,9,24,76,50,1025.1,1022.5,1,0,22.9,25.5,No,No,No,2008-03-11,True,1.0,0,0,2008,1,3,Mar,2008-03,Spring,22.8,7.0,0,0,None,Moderate (30-45 km/h),West
39,2008-03-11,18.6,26.1,0.0,7.6,11.3,W,41,ENE,E,2,20,72,58,1022.0,1021.4,0,0,21.9,26.0,No,No,No,2008-03-12,True,1.0,0,0,2008,1,3,Mar,2008-03,Spring,22.35,7.5,0,0,None,Moderate (30-45 km/h),West
40,2008-03-12,19.3,26.4,0.0,7.0,11.1,W,41,W,NE,7,22,77,60,1021.9,1018.8,1,1,22.2,25.0,No,No,No,2008-03-13,True,1.0,0,0,2008,1,3,Mar,2008-03,Spring,22.85,7.1,0,0,None,Moderate (30-45 km/h),West
41,2008-03-13,19.2,26.1,0.0,6.0,10.6,W,41,WNW,ESE,6,20,84,69,1019.7,1019.0,1,4,22.4,25.3,No,No,No,2008-03-14,True,1.0,0,0,2008,1,3,Mar,2008-03,Spring,22.65,6.9,0,0,None,Moderate (30-45 km/h),West
42,2008-03-14,18.8,26.0,0.0,5.4,11.0,W,41,W,ENE,9,24,84,62,1022.8,1020.0,3,1,21.8,25.7,No,No,No,2008-03-15,True,1.0,0,0,2008,1,3,Mar,2008-03,Spring,22.4,7.2,0,0,None,Moderate (30-45 km/h),West
43,2008-03-15,19.3,26.1,0.0,7.0,11.3,W,41,NW,ENE,2,20,80,64,1022.1,1020.9,1,1,22.5,25.6,No,No,No,2008-03-16,True,1.0,0,0,2008,1,3,Mar,2008-03,Spring,22.7,6.8,0,0,None,Moderate (30-45 km/h),West
44,2008-03-16,19.7,25.8,0.0,5.6,10.1,W,41,W,E,7,24,81,69,1024.6,1022.6,2,2,22.8,24.7,No,No,No,2008-03-17,True,1.0,0,0,2008,1,3,Mar,2008-03,Spring,22.75,6.1,0,0,None,Moderate (30-45 km/h),West
45,2008-03-17,19.5,25.7,0.0,6.4,10.0,W,41,WNW,E,4,19,82,60,1024.8,1022.8,4,1,22.0,25.4,No,No,No,2008-03-18,True,1.0,0,0,2008,1,3,Mar,2008-03,Spring,22.6,6.2,0,0,None,Moderate (30-45 km/h),West
46,2008-03-18,19.0,26.7,0.0,8.0,9.7,W,41,N,ENE,11,20,73,58,1023.3,1020.0,0,2,22.2,25.6,No,No,No,2008-03-19,True,1.0,0,0,2008,1,3,Mar,2008-03,Spring,22.85,7.7,0,0,None,Moderate (30-45 km/h),West
47,2008-03-19,19.9,26.9,0.0,6.6,6.3,W,41,SSE,E,7,13,70,60,1021.2,1019.4,5,7,23.9,24.9,No,No,No,2008-03-20,True,1.0,0,0,2008,1,3,Mar,2008-03,Spring,23.4,7.0,0,0,None,Moderate (30-45 km/h),West
48,2008-03-20,19.7,28.1,0.0,6.0,10.4,W,41,NNE,NE,6,17,70,58,1014.3,1009.6,2,2,23.5,27.6,No,No,No,2008-03-21,True,1.0,0,0,2008,1,3,Mar,2008-03,Spring,23.9,8.4,0,0,None,Moderate (30-45 km/h),West
49,2008-03-21,17.7,19.6,1.0,7.0,0.0,W,41,S,SSW,26,22,87,80,1017.3,1018.9,8,8,17.8,18.4,No,Yes,Yes,2008-03-22,True,1.0,0,0,2008,1,3,Mar,2008-03,Spring,18.65,1.9,0,1,Light,Moderate (30-45 km/h),West
50,2008-03-22,16.9,23.2,2.2,2.2,0.6,W,41,ESE,E,24,30,81,60,1022.8,1022.2,7,7,19.6,21.7,Yes,No,No,2008-03-23,True,1.0,0,0,2008,1,3,Mar,2008-03,Spring,20.05,6.3,0,1,Light,Moderate (30-45 km/h),West
51,2008-03-23,16.3,24.8,0.4,4.0,6.1,W,41,WNW,ESE,9,13,82,57,1023.1,1020.6,5,6,18.5,24.8,No,Yes,Yes,2008-03-24,True,1.0,0,0,2008,1,3,Mar,2008-03,Spring,20.55,8.5,0,0,Light,Moderate (30-45 km/h),West
52,2008-03-24,18.5,24.3,17.0,2.6,8.0,W,41,NNW,ENE,7,26,95,72,1018.7,1015.3,6,2,19.9,23.3,Yes,No,No,2008-03-25,True,1.0,0,0,2008,1,3,Mar,2008-03,Spring,21.4,5.8,0,1,Heavy,Moderate (30-45 km/h),West
53,2008-03-25,19.8,27.5,0.4,6.4,2.5,W,41,NE,NNW,4,17,81,58,1011.1,1006.9,5,7,21.4,27.0,No,Yes,Yes,2008-03-26,True,1.0,0,0,2008,1,3,Mar,2008-03,Spring,23.65,7.7,0,0,Light,Moderate (30-45 km/h),West
54,2008-03-26,17.0,27.2,19.0,2.4,10.5,W,41,W,NW,0,6,76,38,1008.9,1007.9,1,5,20.5,27.1,Yes,No,No,2008-03-27,True,1.0,0,0,2008,1,3,Mar,2008-03,Spring,22.1,10.2,0,1,Heavy,Moderate (30-45 km/h),West
55,2008-03-27,15.0,23.6,0.0,5.8,11.0,W,41,W,ESE,20,19,52,42,1014.7,1013.4,1,1,17.5,21.8,No,No,No,2008-03-28,True,1.0,0,0,2008,1,3,Mar,2008-03,Spring,19.3,8.6,0,0,None,Moderate (30-45 km/h),West
56,2008-03-28,15.2,21.7,0.0,2.6,8.3,W,41,SSW,SE,13,17,71,51,1017.1,1016.2,4,3,18.3,21.2,No,No,No,2008-03-29,True,1.0,0,0,2008,1,3,Mar,2008-03,Spring,18.45,6.5,0,0,None,Moderate (30-45 km/h),West
57,2008-03-29,14.4,22.9,0.2,4.8,9.3,W,41,W,E,15,15,85,65,1015.4,1011.2,3,2,16.7,21.7,No,No,No,2008-03-30,True,1.0,0,0,2008,1,3,Mar,2008-03,Spring,18.65,8.5,0,0,Light,Moderate (30-45 km/h),West
58,2008-03-30,13.1,26.8,0.0,4.6,10.9,W,41,W,WNW,22,15,61,22,1013.0,1009.0,0,1,16.9,25.9,No,No,No,2008-03-31,True,1.0,0,0,2008,1,3,Mar,2008-03,Spring,19.95,13.7,0,0,None,Moderate (30-45 km/h),West
59,2008-03-31,13.5,25.6,0.0,5.8,10.4,W,41,WNW,WNW,9,17,57,31,1015.0,1012.5,4,1,16.3,24.9,No,No,No,2008-04-01,True,1.0,0,0,2008,1,3,Mar,2008-03,Spring,19.55,12.1,0,0,None,Moderate (30-45 km/h),West
60,2008-04-01,13.7,23.9,0.0,6.6,11.0,W,41,W,ESE,20,15,55,54,1023.0,1021.5,1,1,16.7,23.3,No,No,No,2008-04-02,True,1.0,0,0,2008,2,4,Apr,2008-04,Spring,18.8,10.2,0,0,None,Moderate (30-45 km/h),West
61,2008-04-02,14.1,28.7,0.0,3.8,10.5,W,41,W,N,6,22,75,34,1019.0,1012.4,1,7,17.8,28.0,No,No,No,2008-04-03,True,1.0,0,0,2008,2,4,Apr,2008-04,Spring,21.4,14.6,0,0,None,Moderate (30-45 km/h),West
62,2008-04-03,16.4,22.2,0.0,10.6,9.7,W,41,SW,WSW,26,20,42,21,1009.9,1010.8,6,1,16.6,21.2,No,No,No,2008-04-04,True,1.0,0,0,2008,2,4,Apr,2008-04,Spring,19.3,5.8,0,0,None,Moderate (30-45 km/h),West
63,2008-04-04,11.2,22.2,0.0,7.6,10.6,W,41,W,E,24,15,47,37,1020.8,1019.2,1,0,13.9,21.0,No,No,No,2008-04-05,True,1.0,0,0,2008,2,4,Apr,2008-04,Spring,16.7,11.0,0,0,None,Moderate (30-45 km/h),West
64,2008-04-05,11.6,22.7,0.0,4.2,10.7,W,41,WNW,E,13,17,71,50,1024.5,1023.4,0,1,15.2,21.0,No,No,No,2008-04-06,True,1.0,0,0,2008,2,4,Apr,2008-04,Spring,17.15,11.1,0,0,None,Moderate (30-45 km/h),West
65,2008-04-06,13.1,22.7,0.0,3.6,6.4,W,41,W,ESE,13,20,71,55,1027.2,1024.6,5,6,17.7,22.1,No,Yes,Yes,2008-04-07,True,1.0,0,0,2008,2,4,Apr,2008-04,Spring,17.9,9.6,0,0,None,Moderate (30-45 km/h),West
66,2008-04-07,15.3,22.0,12.0,3.2,4.7,W,41,SSW,SSE,11,15,83,70,1026.3,1024.2,5,6,18.2,19.8,Yes,Yes,Yes,2008-04-08,True,1.0,0,0,2008,2,4,Apr,2008-04,Spring,18.65,6.7,0,1,Heavy,Moderate (30-45 km/h),West
67,2008-04-08,14.6,22.1,9.6,5.4,5.1,W,41,SE,SE,20,17,86,75,1026.5,1024.1,6,6,17.0,18.9,Yes,Yes,Yes,2008-04-09,True,1.0,0,0,2008,2,4,Apr,2008-04,Spring,18.35,7.5,0,1,Moderate,Moderate (30-45 km/h),West
68,2008-04-09,15.6,22.2,22.8,5.4,5.8,W,41,W,E,13,20,96,62,1024.6,1021.4,7,5,16.3,21.1,Yes,Yes,Yes,2008-04-10,True,1.0,0,0,2008,2,4,Apr,2008-04,Spring,18.9,6.6,0,1,Heavy,Moderate (30-45 km/h),West
69,2008-04-10,13.8,22.7,2.2,3.6,10.6,W,41,W,E,15,15,77,60,1022.1,1019.7,5,1,18.7,21.9,Yes,No,No,2008-04-11,True,1.0,0,0,2008,2,4,Apr,2008-04,Spring,18.25,8.9,0,1,Light,Moderate (30-45 km/h),West
70,2008-04-11,14.1,23.5,0.0,3.2,8.9,W,41,W,E,15,15,83,61,1020.1,1017.5,4,2,17.1,22.1,No,No,No,2008-04-12,True,1.0,0,0,2008,2,4,Apr,2008-04,Spring,18.8,9.4,0,0,None,Moderate (30-45 km/h),West
71,2008-04-12,14.0,23.8,0.0,4.0,7.8,W,41,W,E,11,9,79,59,1018.6,1016.0,7,4,17.6,22.2,No,No,No,2008-04-13,True,1.0,0,0,2008,2,4,Apr,2008-04,Spring,18.9,9.8,0,0,None,Moderate (30-45 km/h),West
72,2008-04-13,15.1,22.7,0.0,1.8,6.6,W,41,W,ESE,11,4,81,75,1016.4,1013.4,5,6,17.4,19.7,No,Yes,Yes,2008-04-14,True,1.0,0,0,2008,2,4,Apr,2008-04,Spring,18.9,7.6,0,0,None,Moderate (30-45 km/h),West
73,2008-04-14,13.2,18.9,11.0,3.2,5.2,W,41,SSW,S,19,30,82,64,1019.6,1019.2,7,3,15.9,18.8,Yes,Yes,Yes,2008-04-15,True,1.0,0,0,2008,2,4,Apr,2008-04,Spring,16.05,5.7,0,1,Heavy,Moderate (30-45 km/h),West
74,2008-04-15,13.8,19.7,2.8,2.8,1.7,W,41,SW,S,20,22,85,71,1025.4,1023.9,7,7,15.9,19.0,Yes,Yes,Yes,2008-04-16,True,1.0,0,0,2008,2,4,Apr,2008-04,Spring,16.75,5.9,0,1,Moderate,Moderate (30-45 km/h),West
75,2008-04-16,13.8,20.9,1.4,4.6,2.2,W,41,SSW,SSW,15,20,78,85,1026.4,1024.6,7,8,17.2,16.2,Yes,Yes,Yes,2008-04-17,True,1.0,0,0,2008,2,4,Apr,2008-04,Spring,17.35,7.1,0,1,Light,Moderate (30-45 km/h),West
76,2008-04-17,14.9,19.7,4.6,1.4,0.8,W,41,SSW,S,17,13,91,72,1025.1,1023.4,7,7,16.4,19.4,Yes,Yes,Yes,2008-04-18,True,1.0,0,0,2008,2,4,Apr,2008-04,Spring,17.3,4.8,0,1,Moderate,Moderate (30-45 km/h),West
77,2008-04-18,15.3,20.0,6.4,3.2,0.3,W,41,W,SSE,4,15,94,75,1025.4,1023.7,8,7,16.4,19.6,Yes,Yes,Yes,2008-04-19,True,1.0,0,0,2008,2,4,Apr,2008-04,Spring,17.65,4.7,0,1,Moderate,Moderate (30-45 km/h),West
78,2008-04-19,15.9,21.4,5.0,4.8,5.0,W,41,SE,SE,22,24,51,61,1027.2,1026.1,6,7,19.3,19.5,Yes,Yes,Yes,2008-04-20,True,1.0,0,0,2008,2,4,Apr,2008-04,Spring,18.65,5.5,0,1,Moderate,Moderate (30-45 km/h),West
79,2008-04-20,15.2,19.1,2.8,4.0,1.3,W,41,ESE,S,15,6,79,75,1026.6,1023.7,7,6,17.3,18.4,Yes,Yes,Yes,2008-04-21,True,1.0,0,0,2008,2,4,Apr,2008-04,Spring,17.15,3.9,0,1,Moderate,Moderate (30-45 km/h),West
80,2008-04-21,14.7,19.3,21.8,7.5,4.6,W,41,SSW,S,9,19,91,70,1023.2,1021.4,8,7,16.6,19.0,Yes,Yes,Yes,2008-04-22,True,1.0,0,0,2008,2,4,Apr,2008-04,Spring,17.0,4.6,0,1,Heavy,Moderate (30-45 km/h),West
81,2008-04-22,14.4,20.3,10.2,3.6,2.0,W,41,SSE,SE,9,20,90,55,1023.6,1022.3,7,5,16.1,20.1,Yes,Yes,Yes,2008-04-23,True,1.0,0,0,2008,2,4,Apr,2008-04,Spring,17.35,5.9,0,1,Heavy,Moderate (30-45 km/h),West
82,2008-04-23,14.7,17.9,12.6,4.0,0.7,W,41,SW,SSE,6,22,90,89,1024.0,1022.1,7,7,16.2,17.2,Yes,Yes,Yes,2008-04-24,True,1.0,0,0,2008,2,4,Apr,2008-04,Spring,16.3,3.2,0,1,Heavy,Moderate (30-45 km/h),West
83,2008-04-24,14.7,20.0,15.6,1.6,2.5,W,41,S,S,19,20,93,80,1021.3,1018.6,7,7,16.8,19.3,Yes,Yes,No,2008-04-26,False,1.0,0,0,2008,2,4,Apr,2008-04,Spring,17.35,5.3,0,1,Heavy,Moderate (30-45 km/h),West
84,2008-04-26,12.7,24.8,0.4,2.6,10.2,W,41,W,E,15,6,81,38,1011.2,1007.0,2,7,15.6,24.6,No,No,No,2008-04-27,True,2.0,1,0,2008,2,4,Apr,2008-04,Spring,18.75,12.1,0,0,Light,Moderate (30-45 km/h),West
85,2008-04-27,15.6,26.1,0.0,5.2,7.6,W,41,NNW,N,20,22,51,28,1005.2,999.1,6,2,20.3,25.7,No,No,No,2008-04-28,True,1.0,0,0,2008,2,4,Apr,2008-04,Spring,20.85,10.5,0,0,None,Moderate (30-45 km/h),West
86,2008-04-28,11.9,16.8,0.0,7.6,8.5,W,41,W,WSW,20,24,46,33,1007.4,1008.6,2,6,13.7,15.6,No,No,No,2008-04-29,True,1.0,0,0,2008,2,4,Apr,2008-04,Spring,14.35,4.9,0,0,None,Moderate (30-45 km/h),West
87,2008-04-29,8.6,18.4,0.0,3.8,10.5,W,41,W,SSE,24,9,54,41,1020.4,1019.8,1,1,11.7,17.8,No,No,No,2008-04-30,True,1.0,0,0,2008,2,4,Apr,2008-04,Spring,13.5,9.8,0,0,None,Moderate (30-45 km/h),West
88,2008-04-30,8.4,19.6,0.0,3.6,9.8,W,41,W,E,15,17,68,50,1024.2,1021.3,1,3,11.6,18.1,No,No,No,2008-05-01,True,1.0,0,0,2008,2,4,Apr,2008-04,Spring,14.0,11.2,0,0,None,Moderate (30-45 km/h),West
89,2008-05-01,11.6,18.2,0.0,4.0,2.7,W,41,WNW,W,11,7,74,56,1019.7,1016.7,7,7,13.4,18.1,No,No,No,2008-05-02,True,1.0,0,0,2008,2,5,May,2008-05,Spring,14.9,6.6,0,0,None,Moderate (30-45 km/h),West
90,2008-05-02,10.8,22.2,0.0,2.4,9.1,W,41,W,WSW,19,17,65,44,1018.7,1015.3,1,3,14.5,21.7,No,No,No,2008-05-03,True,1.0,0,0,2008,2,5,May,2008-05,Spring,16.5,11.4,0,0,None,Moderate (30-45 km/h),West
91,2008-05-03,10.9,19.6,0.0,3.4,10.5,W,41,W,SSE,19,11,62,52,1019.3,1016.9,1,1,14.1,18.6,No,No,No,2008-05-04,True,1.0,0,0,2008,2,5,May,2008-05,Spring,15.25,8.7,0,0,None,Moderate (30-45 km/h),West
92,2008-05-04,9.4,20.3,0.0,3.6,10.3,W,41,W,SE,22,11,64,47,1021.1,1018.3,1,1,12.4,19.4,No,No,No,2008-05-05,True,1.0,0,0,2008,2,5,May,2008-05,Spring,14.85,10.9,0,0,None,Moderate (30-45 km/h),West
93,2008-05-05,9.4,22.3,0.0,2.0,10.0,W,41,W,NW,15,7,71,34,1018.7,1015.2,1,2,12.4,22.2,No,No,No,2008-05-06,True,1.0,0,0,2008,2,5,May,2008-05,Spring,15.85,12.9,0,0,None,Moderate (30-45 km/h),West
94,2008-05-06,11.8,23.6,0.0,3.4,3.1,W,41,W,WNW,9,9,74,48,1017.1,1013.3,6,7,13.7,21.1,No,No,No,2008-05-07,True,1.0,0,0,2008,2,5,May,2008-05,Spring,17.7,11.8,0,0,None,Moderate (30-45 km/h),West
95,2008-05-07,13.0,23.0,0.0,3.6,9.4,W,41,W,SSE,22,13,57,44,1014.3,1011.8,1,3,16.5,22.0,No,No,No,2008-05-08,True,1.0,0,0,2008,2,5,May,2008-05,Spring,18.0,10.0,0,0,None,Moderate (30-45 km/h),West
96,2008-05-08,11.0,21.8,0.0,3.2,10.2,W,41,W,S,24,15,63,45,1019.2,1017.5,1,1,14.0,20.8,No,No,No,2008-05-09,True,1.0,0,0,2008,2,5,May,2008-05,Spring,16.4,10.8,0,0,None,Moderate (30-45 km/h),West
97,2008-05-09,11.0,21.9,0.0,3.2,10.1,W,41,W,SE,17,11,75,60,1021.4,1020.2,0,1,14.3,20.6,No,No,No,2008-05-10,True,1.0,0,0,2008,2,5,May,2008-05,Spring,16.45,10.9,0,0,None,Moderate (30-45 km/h),West
98,2008-05-10,12.6,21.3,0.0,3.0,9.6,W,41,WNW,E,11,11,86,67,1022.2,1019.6,1,1,15.2,19.3,No,No,No,2008-05-11,True,1.0,0,0,2008,2,5,May,2008-05,Spring,16.95,8.7,0,0,None,Moderate (30-45 km/h),West
99,2008-05-11,14.0,19.4,0.0,1.2,2.1,W,41,WNW,SSE,13,15,84,67,1023.1,1021.2,7,7,16.8,18.7,No,No,No,2008-05-12,True,1.0,0,0,2008,2,5,May,2008-05,Spring,16.7,5.4,0,0,None,Moderate (30-45 km/h),West
100,2008-05-12,12.4,19.5,0.0,1.6,7.3,W,41,W,E,11,15,88,63,1023.5,1020.5,1,1,14.9,19.2,No,No,No,2008-05-13,True,1.0,0,0,2008,2,5,May,2008-05,Spring,15.95,7.1,0,0,None,Moderate (30-45 km/h),West
101,2008-05-13,13.2,19.7,0.0,1.8,4.2,W,41,W,E,11,9,88,67,1023.4,1021.7,6,7,15.0,18.1,No,No,No,2008-05-14,True,1.0,0,0,2008,2,5,May,2008-05,Spring,16.45,6.5,0,0,None,Moderate (30-45 km/h),West
102,2008-05-14,11.2,20.6,0.0,2.0,9.7,W,41,W,ENE,20,19,82,64,1023.8,1020.5,1,1,13.8,20.0,No,No,No,2008-05-15,True,1.0,0,0,2008,2,5,May,2008-05,Spring,15.9,9.4,0,0,None,Moderate (30-45 km/h),West
103,2008-05-15,12.0,21.4,0.2,3.2,8.7,W,41,W,E,13,9,90,60,1022.2,1017.8,1,1,13.9,21.3,No,Yes,Yes,2008-05-16,True,1.0,0,0,2008,2,5,May,2008-05,Spring,16.7,9.4,0,0,Light,Moderate (30-45 km/h),West
104,2008-05-16,13.8,23.2,1.2,2.2,6.4,W,41,WNW,NE,15,15,78,66,1017.1,1013.0,6,2,15.9,20.9,Yes,No,No,2008-05-17,True,1.0,0,0,2008,2,5,May,2008-05,Spring,18.5,9.4,0,1,Light,Moderate (30-45 km/h),West
105,2008-05-17,15.2,21.8,0.0,4.2,6.9,W,41,NNW,NNW,20,17,52,41,1008.4,1003.6,3,7,19.2,20.9,No,No,No,2008-05-18,True,1.0,0,0,2008,2,5,May,2008-05,Spring,18.5,6.6,0,0,None,Moderate (30-45 km/h),West
106,2008-05-18,8.8,17.8,0.0,4.2,9.4,W,41,W,W,19,31,57,36,1007.0,1006.3,1,1,11.6,17.0,No,No,No,2008-05-19,True,1.0,0,0,2008,2,5,May,2008-05,Spring,13.3,9.0,0,0,None,Moderate (30-45 km/h),West
107,2008-05-19,10.7,20.5,0.0,4.4,9.9,W,41,W,WNW,22,7,58,36,1015.7,1013.3,1,0,12.5,20.3,No,No,No,2008-05-20,True,1.0,0,0,2008,2,5,May,2008-05,Spring,15.6,9.8,0,0,None,Moderate (30-45 km/h),West
108,2008-05-20,10.3,21.7,0.0,3.0,10.0,W,41,W,W,24,7,64,38,1020.1,1017.5,1,1,13.0,21.3,No,No,No,2008-05-21,True,1.0,0,0,2008,2,5,May,2008-05,Spring,16.0,11.4,0,0,None,Moderate (30-45 km/h),West
109,2008-05-21,11.1,18.9,0.0,2.4,6.1,W,41,WNW,S,19,22,74,64,1022.4,1022.8,4,7,13.5,17.3,No,No,No,2008-05-22,True,1.0,0,0,2008,2,5,May,2008-05,Spring,15.0,7.8,0,0,None,Moderate (30-45 km/h),West
110,2008-05-22,11.9,18.7,0.0,4.0,7.5,W,41,SSW,SSE,20,19,63,52,1028.2,1026.2,1,2,15.1,17.4,No,No,No,2008-05-23,True,1.0,0,0,2008,2,5,May,2008-05,Spring,15.3,6.8,0,0,None,Moderate (30-45 km/h),West
111,2008-05-23,11.0,18.4,0.0,3.4,5.4,W,41,WNW,SSE,17,13,76,53,1026.9,1024.6,1,5,12.7,17.1,No,No,No,2008-05-24,True,1.0,0,0,2008,2,5,May,2008-05,Spring,14.7,7.4,0,0,None,Moderate (30-45 km/h),West
112,2008-05-24,11.4,20.1,0.0,2.4,9.1,W,41,W,NW,13,2,71,39,1025.4,1022.7,1,1,13.3,19.3,No,No,No,2008-05-25,True,1.0,0,0,2008,2,5,May,2008-05,Spring,15.75,8.7,0,0,None,Moderate (30-45 km/h),West
113,2008-05-25,8.8,18.3,0.0,3.6,6.5,W,41,W,ENE,17,11,78,58,1025.1,1022.2,4,3,11.1,16.9,No,No,No,2008-05-26,True,1.0,0,0,2008,2,5,May,2008-05,Spring,13.55,9.5,0,0,None,Moderate (30-45 km/h),West
114,2008-05-26,10.9,21.1,0.4,0.4,9.1,W,41,W,ENE,20,13,81,58,1025.9,1022.6,6,2,12.9,19.5,No,No,No,2008-05-27,True,1.0,0,0,2008,2,5,May,2008-05,Spring,16.0,10.2,0,0,Light,Moderate (30-45 km/h),West
115,2008-05-27,11.5,22.4,0.0,3.2,8.7,W,41,W,E,15,13,82,71,1024.6,1021.8,3,1,13.6,19.1,No,No,No,2008-05-28,True,1.0,0,0,2008,2,5,May,2008-05,Spring,16.95,10.9,0,0,None,Moderate (30-45 km/h),West
116,2008-05-28,11.0,19.2,0.0,1.6,3.9,W,41,W,NE,26,2,80,74,1025.6,1023.9,3,6,12.8,18.6,No,No,No,2008-05-29,True,1.0,0,0,2008,2,5,May,2008-05,Spring,15.1,8.2,0,0,None,Moderate (30-45 km/h),West
117,2008-05-29,11.0,18.6,1.0,1.0,4.6,W,41,W,S,19,4,86,76,1030.2,1029.1,3,2,12.7,17.6,No,No,No,2008-05-30,True,1.0,0,0,2008,2,5,May,2008-05,Spring,14.8,7.6,0,1,Light,Moderate (30-45 km/h),West
118,2008-05-30,10.9,21.0,0.2,1.4,5.6,W,41,W,E,19,7,87,58,1032.0,1028.7,1,2,12.7,19.6,No,No,No,2008-05-31,True,1.0,0,0,2008,2,5,May,2008-05,Spring,15.95,10.1,0,0,Light,Moderate (30-45 km/h),West
119,2008-05-31,10.8,20.1,0.0,1.0,9.4,W,41,WNW,SSE,17,17,90,61,1028.6,1026.66,1,1,11.7,19.4,No,No,No,2008-06-01,True,1.0,0,0,2008,2,5,May,2008-05,Spring,15.45,9.3,0,0,None,Moderate (30-45 km/h),West
120,2008-06-01,11.6,20.5,0.2,2.2,0.3,W,41,W,SE,19,17,91,74,1029.3,1027.0,7,7,14.3,18.7,No,Yes,Yes,2008-06-02,True,1.0,0,0,2008,2,6,Jun,2008-06,Summer,16.05,8.9,0,0,Light,Moderate (30-45 km/h),West
121,2008-06-02,14.3,17.6,22.0,1.8,0.1,W,41,W,W,9,7,97,90,1027.3,1024.8,8,7,15.3,17.1,Yes,Yes,Yes,2008-06-03,True,1.0,0,0,2008,2,6,Jun,2008-06,Summer,15.95,3.3,0,1,Heavy,Moderate (30-45 km/h),West
122,2008-06-03,15.2,19.1,4.0,0.4,0.0,W,41,W,E,17,22,98,90,1026.4,1024.1,8,8,15.6,16.7,Yes,Yes,Yes,2008-06-04,True,1.0,0,0,2008,2,6,Jun,2008-06,Summer,17.15,3.9,0,1,Moderate,Moderate (30-45 km/h),West
123,2008-06-04,15.5,18.3,9.2,2.4,0.0,W,41,SE,ESE,19,26,87,88,1023.1,1020.5,8,8,17.5,17.2,Yes,Yes,Yes,2008-06-05,True,1.0,0,0,2008,2,6,Jun,2008-06,Summer,16.9,2.8,0,1,Moderate,Moderate (30-45 km/h),West
124,2008-06-05,15.2,16.9,46.4,2.4,0.0,W,41,SSW,S,24,24,82,84,1020.1,1018.6,7,8,16.0,16.6,Yes,Yes,Yes,2008-06-06,True,1.0,0,0,2008,2,6,Jun,2008-06,Summer,16.05,1.7,0,1,Heavy,Moderate (30-45 km/h),West
125,2008-06-06,14.7,17.4,12.4,0.4,1.8,W,41,WSW,SSW,15,24,81,70,1021.2,1020.3,7,6,15.1,16.6,Yes,No,No,2008-06-07,True,1.0,0,0,2008,2,6,Jun,2008-06,Summer,16.05,2.7,0,1,Heavy,Moderate (30-45 km/h),West
126,2008-06-07,11.7,18.2,0.0,2.2,8.8,W,41,W,S,19,24,76,49,1025.0,1025.7,1,1,13.3,17.9,No,Yes,Yes,2008-06-08,True,1.0,0,0,2008,2,6,Jun,2008-06,Summer,14.95,6.5,0,0,None,Moderate (30-45 km/h),West
127,2008-06-08,12.7,17.7,6.0,1.4,0.5,W,41,WNW,ESE,17,17,97,71,1032.1,1029.8,8,7,14.1,17.2,Yes,Yes,Yes,2008-06-09,True,1.0,0,0,2008,2,6,Jun,2008-06,Summer,15.2,5.0,0,1,Moderate,Moderate (30-45 km/h),West
128,2008-06-09,13.0,16.9,3.6,1.2,1.2,W,41,W,ESE,13,2,96,89,1030.9,1028.0,7,8,13.9,16.2,Yes,Yes,Yes,2008-06-10,True,1.0,0,0,2008,2,6,Jun,2008-06,Summer,14.95,3.9,0,1,Moderate,Moderate (30-45 km/h),West
129,2008-06-10,12.4,19.9,1.6,1.6,3.9,W,41,W,N,13,9,98,68,1027.5,1023.9,7,1,13.2,19.1,Yes,No,No,2008-06-11,True,1.0,0,0,2008,2,6,Jun,2008-06,Summer,16.15,7.5,0,1,Light,Moderate (30-45 km/h),West
130,2008-06-11,13.2,19.9,0.0,1.8,0.0,W,41,NNW,N,6,4,74,70,1022.9,1020.6,7,8,17.3,19.6,No,Yes,Yes,2008-06-12,True,1.0,0,0,2008,2,6,Jun,2008-06,Summer,16.55,6.7,0,0,None,Moderate (30-45 km/h),West
131,2008-06-12,13.7,22.1,5.4,1.8,6.9,W,41,W,ENE,11,7,97,64,1022.4,1018.1,8,1,14.1,20.1,Yes,No,No,2008-06-13,True,1.0,0,0,2008,2,6,Jun,2008-06,Summer,17.9,8.4,0,1,Moderate,Moderate (30-45 km/h),West
132,2008-06-13,14.0,18.8,0.0,3.4,8.6,W,41,NW,WSW,20,26,67,42,1012.2,1011.5,1,2,16.6,16.7,No,No,No,2008-06-14,True,1.0,0,0,2008,2,6,Jun,2008-06,Summer,16.4,4.8,0,0,None,Moderate (30-45 km/h),West
133,2008-06-14,9.6,14.6,0.0,3.8,3.4,W,41,W,SW,30,24,49,52,1022.0,1022.5,5,7,11.2,14.1,No,No,No,2008-06-15,True,1.0,0,0,2008,2,6,Jun,2008-06,Summer,12.1,5.0,0,0,None,Moderate (30-45 km/h),West
134,2008-06-15,10.6,15.3,0.0,2.8,0.1,W,41,SSW,SSW,24,26,75,87,1024.4,1022.8,7,8,13.7,14.5,No,Yes,Yes,2008-06-16,True,1.0,0,0,2008,2,6,Jun,2008-06,Summer,12.95,4.7,0,0,None,Moderate (30-45 km/h),West
135,2008-06-16,13.3,16.8,7.2,5.0,2.4,W,41,SSW,SSW,19,20,86,83,1024.2,1023.0,6,7,15.0,15.8,Yes,Yes,Yes,2008-06-17,True,1.0,0,0,2008,2,6,Jun,2008-06,Summer,15.05,3.5,0,1,Moderate,Moderate (30-45 km/h),West
136,2008-06-17,13.1,17.5,3.4,0.8,1.3,W,41,W,SSW,11,13,88,73,1026.7,1024.8,7,7,14.2,17.3,Yes,No,No,2008-06-18,True,1.0,0,0,2008,2,6,Jun,2008-06,Summer,15.3,4.4,0,1,Moderate,Moderate (30-45 km/h),West
137,2008-06-18,13.6,19.4,0.0,1.6,4.1,W,41,W,NE,13,2,90,69,1025.5,1022.1,7,8,14.8,19.2,No,No,No,2008-06-19,True,1.0,0,0,2008,2,6,Jun,2008-06,Summer,16.5,5.8,0,0,None,Moderate (30-45 km/h),West
138,2008-06-19,12.8,20.3,0.0,2.0,5.0,W,41,WNW,ESE,13,13,91,69,1020.3,1017.4,6,7,13.9,18.6,No,Yes,Yes,2008-06-20,True,1.0,0,0,2008,2,6,Jun,2008-06,Summer,16.55,7.5,0,0,None,Moderate (30-45 km/h),West
139,2008-06-20,13.8,17.9,3.6,0.6,0.6,W,41,W,W,19,19,81,60,1018.3,1016.2,7,7,14.3,17.2,Yes,Yes,Yes,2008-06-21,True,1.0,0,0,2008,2,6,Jun,2008-06,Summer,15.85,4.1,0,1,Moderate,Moderate (30-45 km/h),West
140,2008-06-21,11.6,18.5,2.2,1.8,9.4,W,41,W,WSW,15,17,66,40,1020.7,1018.9,1,1,13.2,18.0,Yes,No,No,2008-06-22,True,1.0,0,0,2008,2,6,Jun,2008-06,Summer,15.05,6.9,0,1,Light,Moderate (30-45 km/h),West
141,2008-06-22,9.7,17.3,0.0,3.4,9.3,W,41,W,SSW,22,22,61,54,1023.2,1024.0,1,3,11.4,16.3,No,No,No,2008-06-23,True,1.0,0,0,2008,2,6,Jun,2008-06,Summer,13.5,7.6,0,0,None,Moderate (30-45 km/h),West
142,2008-06-23,8.2,17.1,0.0,3.4,7.0,W,41,WNW,WSW,13,13,74,43,1023.7,1020.4,1,7,9.9,17.0,No,No,No,2008-06-24,True,1.0,0,0,2008,2,6,Jun,2008-06,Summer,12.65,8.9,0,0,None,Moderate (30-45 km/h),West
143,2008-06-24,9.2,19.2,0.0,1.8,9.2,W,41,W,WNW,19,9,72,45,1027.0,1023.1,1,1,10.7,18.8,No,No,No,2008-06-25,True,1.0,0,0,2008,2,6,Jun,2008-06,Summer,14.2,10.0,0,0,None,Moderate (30-45 km/h),West
144,2008-06-25,9.9,19.6,0.0,2.8,9.8,W,41,W,WNW,17,6,69,43,1024.6,1020.6,1,0,11.8,19.4,No,No,No,2008-06-26,True,1.0,0,0,2008,2,6,Jun,2008-06,Summer,14.75,9.7,0,0,None,Moderate (30-45 km/h),West
145,2008-06-26,10.2,20.2,0.0,3.2,9.7,W,41,WNW,W,28,28,47,38,1017.0,1016.8,0,1,14.6,19.3,No,No,No,2008-06-27,True,1.0,0,0,2008,2,6,Jun,2008-06,Summer,15.2,10.0,0,0,None,Moderate (30-45 km/h),West
146,2008-06-27,9.5,19.4,0.0,4.4,9.3,W,41,W,WSW,24,15,57,32,1025.9,1023.6,0,0,10.8,18.9,No,No,No,2008-06-28,True,1.0,0,0,2008,2,6,Jun,2008-06,Summer,14.45,9.9,0,0,None,Moderate (30-45 km/h),West
147,2008-06-28,7.9,18.7,0.0,3.0,8.8,W,41,W,SSE,20,9,68,43,1027.6,1024.7,1,1,10.1,18.1,No,No,No,2008-06-29,True,1.0,0,0,2008,2,6,Jun,2008-06,Summer,13.3,10.8,0,0,None,Moderate (30-45 km/h),West
148,2008-06-29,7.9,21.0,0.0,0.8,9.8,W,41,WNW,NNW,13,6,84,42,1024.1,1018.8,2,1,9.2,20.8,No,No,No,2008-06-30,True,1.0,0,0,2008,2,6,Jun,2008-06,Summer,14.45,13.1,0,0,None,Moderate (30-45 km/h),West
149,2008-06-30,9.2,22.1,0.0,3.2,9.8,W,41,NNW,NW,19,28,47,35,1017.1,1010.3,1,1,13.8,21.6,No,No,No,2008-07-01,True,1.0,0,0,2008,2,6,Jun,2008-06,Summer,15.65,12.9,0,0,None,Moderate (30-45 km/h),West
150,2008-07-01,10.3,19.6,0.2,3.8,9.5,W,41,W,W,0,41,45,34,1011.0,1008.5,0,1,13.1,19.2,No,No,No,2008-07-02,True,1.0,0,0,2008,3,7,Jul,2008-07,Summer,14.95,9.3,0,0,Light,Moderate (30-45 km/h),West
151,2008-07-02,10.8,19.2,0.0,4.0,9.7,W,41,WNW,W,26,31,55,35,1012.5,1011.2,1,1,14.6,18.8,No,No,No,2008-07-03,True,1.0,0,0,2008,3,7,Jul,2008-07,Summer,15.0,8.4,0,0,None,Moderate (30-45 km/h),West
152,2008-07-03,9.2,17.9,0.0,3.2,9.6,W,41,W,WNW,17,7,63,42,1022.7,1020.8,1,1,10.7,17.4,No,Yes,Yes,2008-07-04,True,1.0,0,0,2008,3,7,Jul,2008-07,Summer,13.55,8.7,0,0,None,Moderate (30-45 km/h),West
153,2008-07-04,8.2,15.0,1.2,2.4,0.4,W,41,W,S,20,9,84,88,1029.0,1028.2,7,7,9.1,12.9,Yes,Yes,Yes,2008-07-05,True,1.0,0,0,2008,3,7,Jul,2008-07,Summer,11.6,6.8,0,1,Light,Moderate (30-45 km/h),West
154,2008-07-05,9.1,17.4,14.2,1.6,2.5,W,41,WNW,NE,11,15,78,48,1031.9,1028.9,6,6,11.3,16.8,Yes,No,No,2008-07-06,True,1.0,0,0,2008,3,7,Jul,2008-07,Summer,13.25,8.3,0,1,Heavy,Moderate (30-45 km/h),West
155,2008-07-06,8.3,18.4,0.0,2.2,7.8,W,41,W,SSE,15,4,84,59,1029.2,1025.7,1,3,9.8,17.7,No,No,No,2008-07-07,True,1.0,0,0,2008,3,7,Jul,2008-07,Summer,13.35,10.1,0,0,None,Moderate (30-45 km/h),West
156,2008-07-07,9.7,19.8,0.0,2.2,4.3,W,41,W,N,9,11,87,55,1024.4,1019.7,7,5,11.3,19.3,No,No,No,2008-07-08,True,1.0,0,0,2008,3,7,Jul,2008-07,Summer,14.75,10.1,0,0,None,Moderate (30-45 km/h),West
157,2008-07-08,10.5,17.2,0.2,1.6,5.5,W,41,W,SE,11,7,80,49,1020.9,1017.4,1,4,12.1,16.4,No,No,No,2008-07-09,True,1.0,0,0,2008,3,7,Jul,2008-07,Summer,13.85,6.7,0,0,Light,Moderate (30-45 km/h),West
158,2008-07-09,6.9,13.3,0.0,2.8,4.6,W,41,W,WSW,15,20,57,43,1018.0,1015.7,2,7,9.6,13.2,No,Yes,Yes,2008-07-10,True,1.0,0,0,2008,3,7,Jul,2008-07,Summer,10.1,6.4,0,0,None,Moderate (30-45 km/h),West
159,2008-07-10,7.2,15.8,1.8,2.4,4.9,W,41,WNW,NW,11,26,58,38,1014.6,1010.0,7,3,10.2,15.8,Yes,No,No,2008-07-11,True,1.0,0,0,2008,3,7,Jul,2008-07,Summer,11.5,8.6,0,1,Light,Moderate (30-45 km/h),West
160,2008-07-11,10.0,16.5,0.0,4.8,9.8,W,41,W,WSW,24,20,46,27,1016.5,1017.0,1,1,11.3,16.1,No,No,No,2008-07-12,True,1.0,0,0,2008,3,7,Jul,2008-07,Summer,13.25,6.5,0,0,None,Moderate (30-45 km/h),West
161,2008-07-12,5.7,15.9,0.0,3.4,8.3,W,41,W,NE,17,13,67,45,1027.5,1023.5,4,7,7.8,15.0,No,No,No,2008-07-13,True,1.0,0,0,2008,3,7,Jul,2008-07,Summer,10.8,10.2,0,0,None,Moderate (30-45 km/h),West
162,2008-07-13,7.8,17.3,0.0,2.6,0.0,W,41,W,N,4,17,67,58,1024.2,1021.2,8,8,11.5,17.1,No,No,No,2008-07-14,True,1.0,0,0,2008,3,7,Jul,2008-07,Summer,12.55,9.5,0,0,None,Moderate (30-45 km/h),West
163,2008-07-14,10.1,23.1,0.0,1.8,6.1,W,41,W,E,0,7,80,54,1021.5,1017.3,7,1,12.0,22.9,No,No,No,2008-07-15,True,1.0,0,0,2008,3,7,Jul,2008-07,Summer,16.6,13.0,0,0,None,Moderate (30-45 km/h),West
164,2008-07-15,9.7,19.8,0.0,1.8,9.7,W,41,W,ESE,20,11,81,70,1020.8,1018.4,1,1,11.1,17.4,No,No,No,2008-07-16,True,1.0,0,0,2008,3,7,Jul,2008-07,Summer,14.75,10.1,0,0,None,Moderate (30-45 km/h),West
165,2008-07-16,8.9,18.0,0.0,2.0,9.6,W,41,WNW,SSE,13,11,81,50,1022.2,1019.1,1,1,10.8,17.4,No,No,No,2008-07-17,True,1.0,0,0,2008,3,7,Jul,2008-07,Summer,13.45,9.1,0,0,None,Moderate (30-45 km/h),West
166,2008-07-17,8.2,18.5,0.0,1.4,9.0,W,41,W,N,15,17,84,38,1019.2,1013.3,4,5,10.1,17.3,No,No,No,2008-07-18,True,1.0,0,0,2008,3,7,Jul,2008-07,Summer,13.35,10.3,0,0,None,Moderate (30-45 km/h),West
167,2008-07-18,8.2,18.7,0.0,4.0,8.7,W,41,W,W,13,39,73,21,1010.1,1007.3,1,1,10.1,17.9,No,No,No,2008-07-19,True,1.0,0,0,2008,3,7,Jul,2008-07,Summer,13.45,10.5,0,0,None,Moderate (30-45 km/h),West
168,2008-07-19,8.1,18.2,0.0,3.4,9.5,W,41,W,W,4,6,53,32,1016.2,1014.1,1,2,10.9,18.2,No,No,No,2008-07-20,True,1.0,0,0,2008,3,7,Jul,2008-07,Summer,13.15,10.1,0,0,None,Moderate (30-45 km/h),West
169,2008-07-20,10.8,17.6,0.0,3.2,0.0,W,41,N,NE,6,4,41,55,1015.4,1008.6,8,8,14.6,16.8,No,Yes,Yes,2008-07-21,True,1.0,0,0,2008,3,7,Jul,2008-07,Summer,14.2,6.8,0,0,None,Moderate (30-45 km/h),West
170,2008-07-21,10.4,17.5,2.8,1.6,9.7,W,41,NW,W,26,31,56,31,1006.2,1008.1,1,1,13.1,16.7,Yes,No,No,2008-07-22,True,1.0,0,0,2008,3,7,Jul,2008-07,Summer,13.95,7.1,0,1,Moderate,Moderate (30-45 km/h),West
171,2008-07-22,7.2,15.1,0.0,3.8,10.0,W,41,W,SSW,19,22,52,31,1024.8,1025.2,0,1,8.8,13.9,No,No,No,2008-07-23,True,1.0,0,0,2008,3,7,Jul,2008-07,Summer,11.15,7.9,0,0,None,Moderate (30-45 km/h),West
172,2008-07-23,5.5,14.7,0.0,4.0,4.0,W,41,W,SSW,22,19,67,61,1031.5,1029.6,6,6,7.0,14.1,No,Yes,Yes,2008-07-24,True,1.0,0,0,2008,3,7,Jul,2008-07,Summer,10.1,9.2,0,0,None,Moderate (30-45 km/h),West
173,2008-07-24,6.9,15.9,7.0,0.2,1.7,W,41,W,ESE,19,22,95,70,1029.3,1025.4,8,7,10.9,14.7,Yes,Yes,Yes,2008-07-25,True,1.0,0,0,2008,3,7,Jul,2008-07,Summer,11.4,9.0,0,1,Moderate,Moderate (30-45 km/h),West
174,2008-07-25,9.8,12.7,8.8,2.4,0.1,W,41,WSW,S,15,17,93,81,1022.6,1020.1,8,7,10.5,12.6,Yes,Yes,Yes,2008-07-26,True,1.0,0,0,2008,3,7,Jul,2008-07,Summer,11.25,2.9,0,1,Moderate,Moderate (30-45 km/h),West
175,2008-07-26,6.2,17.0,16.2,1.4,8.6,W,41,W,SSE,24,13,79,47,1018.3,1014.3,1,5,8.4,15.5,Yes,No,No,2008-07-27,True,1.0,0,0,2008,3,7,Jul,2008-07,Summer,11.6,10.8,0,1,Heavy,Moderate (30-45 km/h),West
176,2008-07-27,6.3,17.6,0.0,2.0,7.6,W,41,W,ESE,11,6,71,41,1013.1,1008.6,2,7,9.1,16.4,No,Yes,Yes,2008-07-28,True,1.0,0,0,2008,3,7,Jul,2008-07,Summer,11.95,11.3,0,0,None,Moderate (30-45 km/h),West
177,2008-07-28,7.0,13.6,3.8,3.0,3.6,W,41,W,SW,20,31,79,79,1011.3,1011.3,6,8,8.4,10.2,Yes,Yes,Yes,2008-07-29,True,1.0,0,0,2008,3,7,Jul,2008-07,Summer,10.3,6.6,0,1,Moderate,Moderate (30-45 km/h),West
178,2008-07-29,8.0,15.0,33.2,1.4,6.9,W,41,W,SSW,22,20,86,59,1017.2,1015.1,6,6,9.1,13.5,Yes,No,No,2008-07-30,True,1.0,0,0,2008,3,7,Jul,2008-07,Summer,11.5,7.0,0,1,Heavy,Moderate (30-45 km/h),West
179,2008-07-30,6.0,17.0,0.2,2.6,9.7,W,41,W,ESE,19,11,65,43,1016.7,1013.7,2,1,9.4,16.2,No,No,No,2008-07-31,True,1.0,0,0,2008,3,7,Jul,2008-07,Summer,11.5,11.0,0,0,Light,Moderate (30-45 km/h),West
180,2008-07-31,6.0,20.3,0.0,3.4,10.2,W,41,W,E,19,11,71,42,1016.6,1011.6,1,2,7.9,18.5,No,No,No,2008-08-01,True,1.0,0,0,2008,3,7,Jul,2008-07,Summer,13.15,14.3,0,0,None,Moderate (30-45 km/h),West
181,2008-08-01,7.9,20.8,0.0,4.6,1.8,W,41,WNW,WNW,17,26,40,46,1004.8,1003.3,6,7,17.2,16.8,No,No,No,2008-08-02,True,1.0,0,0,2008,3,8,Aug,2008-08,Summer,14.35,12.9,0,0,None,Moderate (30-45 km/h),West
182,2008-08-02,9.7,16.8,0.0,4.6,10.1,W,41,W,W,28,24,48,32,1013.2,1013.3,1,1,11.9,16.6,No,No,No,2008-08-03,True,1.0,0,0,2008,3,8,Aug,2008-08,Summer,13.25,7.1,0,0,None,Moderate (30-45 km/h),West
183,2008-08-03,9.4,18.8,0.0,3.6,10.0,W,41,W,W,20,7,52,34,1020.4,1017.7,0,1,11.6,18.7,No,No,No,2008-08-04,True,1.0,0,0,2008,3,8,Aug,2008-08,Summer,14.1,9.4,0,0,None,Moderate (30-45 km/h),West
184,2008-08-04,8.1,17.2,0.0,3.0,5.9,W,41,W,E,13,13,62,45,1020.4,1017.1,6,6,10.6,15.0,No,No,No,2008-08-05,True,1.0,0,0,2008,3,8,Aug,2008-08,Summer,12.65,9.1,0,0,None,Moderate (30-45 km/h),West
185,2008-08-05,6.6,16.3,0.0,3.4,8.5,W,41,W,SSE,22,13,67,52,1019.1,1016.1,1,5,9.2,16.3,No,No,No,2008-08-06,True,1.0,0,0,2008,3,8,Aug,2008-08,Summer,11.45,9.7,0,0,None,Moderate (30-45 km/h),West
186,2008-08-06,8.8,15.5,0.0,3.4,3.4,W,41,W,SSW,15,13,89,70,1014.9,1015.6,7,7,9.5,14.3,No,No,No,2008-08-07,True,1.0,0,0,2008,3,8,Aug,2008-08,Summer,12.15,6.7,0,0,None,Moderate (30-45 km/h),West
187,2008-08-07,8.3,16.5,0.8,0.4,6.0,W,41,W,NW,20,19,74,75,1017.9,1014.6,1,7,10.9,11.4,No,Yes,Yes,2008-08-08,True,1.0,0,0,2008,3,8,Aug,2008-08,Summer,12.4,8.2,0,0,Light,Moderate (30-45 km/h),West
188,2008-08-08,8.2,18.6,4.6,1.4,5.7,W,41,W,SW,17,19,58,38,1016.4,1016.9,7,5,11.7,18.4,Yes,No,No,2008-08-09,True,1.0,0,0,2008,3,8,Aug,2008-08,Summer,13.4,10.4,0,1,Moderate,Moderate (30-45 km/h),West
189,2008-08-09,6.9,17.3,0.0,4.0,9.6,W,41,W,WNW,19,15,56,37,1021.9,1018.1,1,4,9.9,16.4,No,No,No,2008-08-10,True,1.0,0,0,2008,3,8,Aug,2008-08,Summer,12.1,10.4,0,0,None,Moderate (30-45 km/h),West
190,2008-08-10,6.7,15.6,0.0,3.0,5.9,W,41,NW,WNW,19,24,62,38,1016.2,1011.8,2,2,10.5,13.5,No,No,No,2008-08-11,True,1.0,0,0,2008,3,8,Aug,2008-08,Summer,11.15,8.9,0,0,None,Moderate (30-45 km/h),West
191,2008-08-11,7.0,15.9,0.4,3.6,10.7,W,41,W,W,33,20,46,35,1016.0,1015.4,1,4,9.4,15.4,No,No,No,2008-08-12,True,1.0,0,0,2008,3,8,Aug,2008-08,Summer,11.45,8.9,0,0,Light,Moderate (30-45 km/h),West
192,2008-08-12,6.8,16.3,0.0,3.0,10.0,W,41,W,W,19,30,50,28,1021.7,1018.8,1,1,10.7,15.8,No,No,No,2008-08-13,True,1.0,0,0,2008,3,8,Aug,2008-08,Summer,11.55,9.5,0,0,None,Moderate (30-45 km/h),West
193,2008-08-13,8.4,17.4,0.0,4.0,10.5,W,41,WSW,ESE,22,15,49,34,1023.0,1021.9,1,2,12.2,16.0,No,No,No,2008-08-14,True,1.0,0,0,2008,3,8,Aug,2008-08,Summer,12.9,9.0,0,0,None,Moderate (30-45 km/h),West
194,2008-08-14,7.2,18.5,0.0,4.0,10.4,W,41,W,WSW,22,26,51,28,1021.1,1015.6,0,1,10.2,18.0,No,No,No,2008-08-15,True,1.0,0,0,2008,3,8,Aug,2008-08,Summer,12.85,11.3,0,0,None,Moderate (30-45 km/h),West
195,2008-08-15,9.4,18.8,0.0,4.6,10.7,W,41,W,W,22,31,49,33,1013.4,1010.2,1,1,12.4,18.1,No,No,No,2008-08-16,True,1.0,0,0,2008,3,8,Aug,2008-08,Summer,14.1,9.4,0,0,None,Moderate (30-45 km/h),West
196,2008-08-16,10.5,18.0,0.0,4.0,9.2,W,41,W,SE,22,15,48,42,1011.8,1010.5,1,4,13.2,16.6,No,No,No,2008-08-17,True,1.0,0,0,2008,3,8,Aug,2008-08,Summer,14.25,7.5,0,0,None,Moderate (30-45 km/h),West
197,2008-08-17,6.9,16.4,0.0,4.6,10.4,W,41,W,SSE,17,15,45,35,1021.9,1021.8,1,1,10.4,15.5,No,No,No,2008-08-18,True,1.0,0,0,2008,3,8,Aug,2008-08,Summer,11.65,9.5,0,0,None,Moderate (30-45 km/h),West
198,2008-08-18,5.6,15.8,0.0,3.4,7.6,W,41,W,SSW,20,19,59,33,1024.9,1021.2,6,7,9.2,15.3,No,No,No,2008-08-19,True,1.0,0,0,2008,3,8,Aug,2008-08,Summer,10.7,10.2,0,0,None,Moderate (30-45 km/h),West
199,2008-08-19,5.3,17.6,0.6,1.8,10.8,W,41,W,ENE,22,15,65,32,1028.8,1025.4,1,5,9.5,17.5,No,No,No,2008-08-20,True,1.0,0,0,2008,3,8,Aug,2008-08,Summer,11.45,12.3,0,0,Light,Moderate (30-45 km/h),West
200,2008-08-20,8.2,19.5,0.0,3.8,7.4,W,41,E,W,2,4,58,35,1026.6,1023.2,7,7,12.6,19.2,No,No,No,2008-08-21,True,1.0,0,0,2008,3,8,Aug,2008-08,Summer,13.85,11.3,0,0,None,Moderate (30-45 km/h),West
201,2008-08-21,9.4,20.2,0.0,3.2,1.1,W,41,W,ENE,7,11,58,44,1022.5,1017.1,8,7,12.0,18.2,No,Yes,Yes,2008-08-22,True,1.0,0,0,2008,3,8,Aug,2008-08,Summer,14.8,10.8,0,0,None,Moderate (30-45 km/h),West
202,2008-08-22,10.2,11.9,2.6,3.4,0.0,W,41,W,SSW,15,17,90,87,1016.1,1015.5,8,8,10.5,10.5,Yes,Yes,Yes,2008-08-23,True,1.0,0,0,2008,3,8,Aug,2008-08,Summer,11.05,1.7,0,1,Moderate,Moderate (30-45 km/h),West
203,2008-08-23,7.3,14.8,20.8,1.6,5.9,W,41,SSW,S,24,28,65,53,1022.8,1024.1,7,7,11.2,13.4,Yes,No,No,2008-08-24,True,1.0,0,0,2008,3,8,Aug,2008-08,Summer,11.05,7.5,0,1,Heavy,Moderate (30-45 km/h),West
204,2008-08-24,5.5,17.3,0.0,3.0,10.4,W,41,W,SSE,24,22,63,47,1029.6,1027.9,1,2,9.8,16.6,No,No,No,2008-08-25,True,1.0,0,0,2008,3,8,Aug,2008-08,Summer,11.4,11.8,0,0,None,Moderate (30-45 km/h),West
205,2008-08-25,8.2,16.4,0.0,3.6,7.1,W,41,W,NE,15,19,76,48,1029.9,1024.8,7,5,11.1,16.0,No,No,No,2008-08-26,True,1.0,0,0,2008,3,8,Aug,2008-08,Summer,12.3,8.2,0,0,None,Moderate (30-45 km/h),West
206,2008-08-26,8.5,21.5,0.0,2.6,9.3,W,41,WNW,E,19,15,78,51,1023.4,1019.3,2,3,11.1,18.7,No,No,Yes,2008-08-28,False,1.0,0,0,2008,3,8,Aug,2008-08,Summer,15.0,13.0,0,0,None,Moderate (30-45 km/h),West
207,2008-08-28,8.8,16.9,2.4,3.2,8.5,W,41,W,S,13,20,85,59,1028.0,1025.3,3,5,12.0,15.8,Yes,No,No,2008-08-29,True,2.0,1,0,2008,3,8,Aug,2008-08,Summer,12.85,8.1,0,1,Light,Moderate (30-45 km/h),West
208,2008-08-29,8.7,18.2,0.0,4.2,10.1,W,41,WNW,SSE,19,20,70,62,1025.7,1022.3,2,4,12.5,16.1,No,No,No,2008-08-30,True,1.0,0,0,2008,3,8,Aug,2008-08,Summer,13.45,9.5,0,0,None,Moderate (30-45 km/h),West
209,2008-08-30,8.1,16.0,0.0,4.8,6.3,W,41,W,ENE,13,17,82,65,1023.4,1019.1,5,7,12.1,15.7,No,Yes,Yes,2008-08-31,True,1.0,0,0,2008,3,8,Aug,2008-08,Summer,12.05,7.9,0,0,None,Moderate (30-45 km/h),West
210,2008-08-31,12.1,19.2,12.0,4.8,0.3,W,41,NNE,N,15,22,91,71,1011.2,1009.555,7,7,15.3,19.1,Yes,No,No,2008-09-01,True,1.0,0,0,2008,3,8,Aug,2008-08,Summer,15.65,7.1,0,1,Heavy,Moderate (30-45 km/h),West
211,2008-09-01,10.4,21.0,0.2,4.0,11.3,W,41,W,E,7,19,54,41,1022.9,1020.8,0,0,15.0,19.0,No,No,No,2008-09-02,True,1.0,0,0,2008,3,9,Sep,2008-09,Autumn,15.7,10.6,0,0,Light,Moderate (30-45 km/h),West
212,2008-09-02,8.7,20.6,0.0,3.0,11.1,W,41,W,ESE,19,17,56,39,1026.1,1024.4,0,1,14.1,18.9,No,No,No,2008-09-03,True,1.0,0,0,2008,3,9,Sep,2008-09,Autumn,14.65,11.9,0,0,None,Moderate (30-45 km/h),West
213,2008-09-03,9.7,17.9,0.0,3.4,6.2,W,41,SSE,SSE,22,30,67,64,1032.6,1032.4,7,7,15.8,16.0,No,No,No,2008-09-04,True,1.0,0,0,2008,3,9,Sep,2008-09,Autumn,13.8,8.2,0,0,None,Moderate (30-45 km/h),West
214,2008-09-04,13.5,17.1,0.4,4.6,0.7,W,41,SE,ESE,20,26,55,64,1034.2,1031.0,7,8,15.4,15.8,No,Yes,Yes,2008-09-05,True,1.0,0,0,2008,3,9,Sep,2008-09,Autumn,15.3,3.6,0,0,Light,Moderate (30-45 km/h),West
215,2008-09-05,13.1,15.7,1.6,4.4,0.0,W,41,ESE,ESE,28,20,76,88,1024.9,1020.8,8,8,15.6,14.2,Yes,Yes,Yes,2008-09-06,True,1.0,0,0,2008,3,9,Sep,2008-09,Autumn,14.4,2.6,0,1,Light,Moderate (30-45 km/h),West
216,2008-09-06,11.8,14.2,62.2,4.8,0.0,W,41,S,S,22,30,92,88,1014.8,1013.1,8,8,13.0,12.3,Yes,Yes,Yes,2008-09-07,True,1.0,0,1,2008,3,9,Sep,2008-09,Autumn,13.0,2.4,0,1,Extreme,Moderate (30-45 km/h),West
217,2008-09-07,9.5,19.0,21.6,0.0,9.4,W,41,W,ESE,15,15,69,51,1016.4,1014.1,2,6,14.1,18.3,Yes,No,No,2008-09-08,True,1.0,0,0,2008,3,9,Sep,2008-09,Autumn,14.25,9.5,0,1,Heavy,Moderate (30-45 km/h),West
218,2008-09-08,9.4,17.5,0.0,3.4,9.9,W,41,W,SSE,15,24,68,51,1019.5,1018.2,1,2,13.9,16.4,No,No,No,2008-09-09,True,1.0,0,0,2008,3,9,Sep,2008-09,Autumn,13.45,8.1,0,0,None,Moderate (30-45 km/h),West
219,2008-09-09,8.4,16.4,0.0,6.2,10.9,W,41,WSW,SE,13,20,49,43,1025.0,1021.9,1,1,12.6,15.4,No,No,No,2008-09-10,True,1.0,0,0,2008,3,9,Sep,2008-09,Autumn,12.4,8.0,0,0,None,Moderate (30-45 km/h),West
220,2008-09-10,7.0,16.8,0.0,4.0,10.7,W,41,W,ESE,17,19,66,44,1022.7,1019.1,1,1,12.4,16.6,No,No,No,2008-09-11,True,1.0,0,0,2008,3,9,Sep,2008-09,Autumn,11.9,9.8,0,0,None,Moderate (30-45 km/h),West
221,2008-09-11,7.1,17.7,0.0,3.0,10.3,W,41,WNW,ENE,15,20,72,60,1019.2,1014.2,1,2,12.3,16.8,No,No,No,2008-09-12,True,1.0,0,0,2008,3,9,Sep,2008-09,Autumn,12.4,10.6,0,0,None,Moderate (30-45 km/h),West
222,2008-09-12,8.7,24.3,0.0,3.6,10.8,W,41,W,NE,11,20,53,35,1014.9,1010.8,1,1,14.8,21.9,No,No,No,2008-09-13,True,1.0,0,0,2008,3,9,Sep,2008-09,Autumn,16.5,15.6,0,0,None,Moderate (30-45 km/h),West
223,2008-09-13,14.8,30.6,0.0,7.4,10.6,W,41,E,NE,4,7,40,47,1014.1,1010.4,3,1,24.3,25.0,No,Yes,Yes,2008-09-14,True,1.0,0,0,2008,3,9,Sep,2008-09,Autumn,22.7,15.8,0,0,None,Moderate (30-45 km/h),West
224,2008-09-14,17.2,23.5,3.6,9.6,2.8,W,41,N,NW,15,7,82,79,1011.8,1007.4,8,6,18.0,19.3,Yes,Yes,Yes,2008-09-15,True,1.0,0,0,2008,3,9,Sep,2008-09,Autumn,20.35,6.3,0,1,Moderate,Moderate (30-45 km/h),West
225,2008-09-15,16.9,27.9,4.0,3.0,11.0,W,41,N,NW,28,39,58,23,1009.7,1003.4,1,1,22.5,27.8,Yes,No,No,2008-09-16,True,1.0,0,0,2008,3,9,Sep,2008-09,Autumn,22.4,11.0,0,1,Moderate,Moderate (30-45 km/h),West
226,2008-09-16,12.3,19.8,0.0,10.6,11.3,W,41,W,WSW,39,19,30,25,1015.8,1016.5,1,1,14.3,19.5,No,No,No,2008-09-17,True,1.0,0,0,2008,3,9,Sep,2008-09,Autumn,16.05,7.5,0,0,None,Moderate (30-45 km/h),West
227,2008-09-17,10.7,16.3,0.0,7.2,4.6,W,41,S,SE,15,11,60,58,1026.4,1023.4,6,6,14.8,15.0,No,No,No,2008-09-18,True,1.0,0,0,2008,3,9,Sep,2008-09,Autumn,13.5,5.6,0,0,None,Moderate (30-45 km/h),West
228,2008-09-18,9.4,19.4,0.0,3.6,10.1,W,41,W,NE,6,22,63,61,1021.4,1016.2,1,4,15.7,18.3,No,No,No,2008-09-19,True,1.0,0,0,2008,3,9,Sep,2008-09,Autumn,14.4,10.0,0,0,None,Moderate (30-45 km/h),West
229,2008-09-19,14.6,25.8,0.0,4.2,10.4,W,41,W,NE,0,20,67,47,1015.8,1011.0,1,0,19.4,24.0,No,No,No,2008-09-20,True,1.0,0,0,2008,3,9,Sep,2008-09,Autumn,20.2,11.2,0,0,None,Moderate (30-45 km/h),West
230,2008-09-20,18.8,32.8,0.0,7.6,10.9,W,41,N,W,6,26,46,17,1010.1,1005.9,0,6,25.8,31.6,No,No,No,2008-09-21,True,1.0,0,0,2008,3,9,Sep,2008-09,Autumn,25.8,14.0,0,0,None,Moderate (30-45 km/h),West
231,2008-09-21,15.8,21.6,0.0,9.0,10.9,W,41,E,NE,9,19,73,61,1019.8,1014.4,4,0,18.0,20.7,No,No,No,2008-09-22,True,1.0,0,0,2008,3,9,Sep,2008-09,Autumn,18.7,5.8,0,0,None,Moderate (30-45 km/h),West
232,2008-09-22,13.2,29.8,0.0,4.4,7.5,W,41,W,NW,6,37,64,33,1011.6,1007.0,0,7,19.1,27.6,No,Yes,Yes,2008-09-23,True,1.0,0,0,2008,3,9,Sep,2008-09,Autumn,21.5,16.6,0,0,None,Moderate (30-45 km/h),West
233,2008-09-23,15.6,17.0,2.6,10.4,3.0,W,41,SSW,SSE,17,24,88,60,1015.5,1018.0,8,5,15.6,16.9,Yes,Yes,Yes,2008-09-24,True,1.0,0,0,2008,3,9,Sep,2008-09,Autumn,16.3,1.4,0,1,Moderate,Moderate (30-45 km/h),West
234,2008-09-24,9.7,18.6,2.2,2.4,11.1,W,41,WNW,E,11,19,60,50,1030.3,1028.6,3,1,16.2,17.5,Yes,No,No,2008-09-25,True,1.0,0,0,2008,3,9,Sep,2008-09,Autumn,14.15,8.9,0,1,Light,Moderate (30-45 km/h),West
235,2008-09-25,10.3,18.6,0.0,4.0,10.9,W,41,W,E,6,19,67,54,1031.6,1027.8,1,1,16.0,18.2,No,No,No,2008-09-26,True,1.0,0,0,2008,3,9,Sep,2008-09,Autumn,14.45,8.3,0,0,None,Moderate (30-45 km/h),West
236,2008-09-26,11.3,22.2,0.0,6.2,11.4,W,41,ESE,NE,4,11,56,53,1024.3,1018.4,1,5,17.9,21.6,No,No,No,2008-09-27,True,1.0,0,0,2008,3,9,Sep,2008-09,Autumn,16.75,10.9,0,0,None,Moderate (30-45 km/h),West
237,2008-09-27,14.0,25.4,0.0,5.6,11.4,W,41,S,E,7,9,67,62,1021.6,1015.7,4,1,20.4,21.4,No,No,No,2008-09-28,True,1.0,0,0,2008,3,9,Sep,2008-09,Autumn,19.7,11.4,0,0,None,Moderate (30-45 km/h),West
238,2008-09-28,19.8,32.9,0.0,6.6,8.4,W,41,WNW,SSE,17,28,35,62,1009.8,1007.1,2,2,25.4,21.5,No,No,No,2008-09-29,True,1.0,0,0,2008,3,9,Sep,2008-09,Autumn,26.35,13.1,0,0,None,Moderate (30-45 km/h),West
239,2008-09-29,13.5,21.8,0.0,6.6,7.1,W,41,SW,SE,19,24,42,63,1013.8,1015.6,1,7,19.4,16.1,No,No,No,2008-09-30,True,1.0,0,0,2008,3,9,Sep,2008-09,Autumn,17.65,8.3,0,0,None,Moderate (30-45 km/h),West
240,2008-09-30,11.9,19.2,0.8,6.4,11.1,W,41,W,NE,6,15,61,48,1020.3,1016.777,2,1,16.5,19.0,No,No,No,2008-10-01,True,1.0,0,0,2008,3,9,Sep,2008-09,Autumn,15.55,7.3,0,0,Light,Moderate (30-45 km/h),West
241,2008-10-01,12.6,24.7,0.0,5.2,10.6,W,41,WNW,NE,9,22,70,69,1020.9,1015.7,6,1,19.0,20.5,No,No,No,2008-10-02,True,1.0,0,0,2008,4,10,Oct,2008-10,Autumn,18.65,12.1,0,0,None,Moderate (30-45 km/h),West
242,2008-10-02,18.9,31.1,0.0,6.6,10.0,W,41,NE,NE,4,19,44,39,1016.9,1013.5,3,1,24.7,29.7,No,No,No,2008-10-03,True,1.0,0,0,2008,4,10,Oct,2008-10,Autumn,25.0,12.2,0,0,None,Moderate (30-45 km/h),West
243,2008-10-03,22.5,34.8,0.0,8.6,9.8,W,41,WNW,W,15,11,41,20,1014.8,1010.3,1,7,29.6,33.9,No,Yes,Yes,2008-10-04,True,1.0,0,0,2008,4,10,Oct,2008-10,Autumn,28.65,12.3,0,0,None,Moderate (30-45 km/h),West
244,2008-10-04,17.5,19.4,9.6,10.4,0.0,W,41,ESE,NE,13,9,89,88,1015.2,1012.9,7,8,18.9,19.0,Yes,Yes,Yes,2008-10-05,True,1.0,0,0,2008,4,10,Oct,2008-10,Autumn,18.45,1.9,0,1,Moderate,Moderate (30-45 km/h),West
245,2008-10-05,14.6,19.1,3.4,1.0,0.0,W,41,SSW,S,11,11,93,86,1018.4,1015.3,8,8,14.9,16.0,Yes,Yes,Yes,2008-10-06,True,1.0,0,0,2008,4,10,Oct,2008-10,Autumn,16.85,4.5,0,1,Moderate,Moderate (30-45 km/h),West
246,2008-10-06,14.9,22.8,1.8,2.0,3.3,W,41,SSW,ENE,15,22,85,71,1009.2,1003.9,8,7,18.5,20.2,Yes,No,No,2008-10-07,True,1.0,0,0,2008,4,10,Oct,2008-10,Autumn,18.85,7.9,0,1,Light,Moderate (30-45 km/h),West
247,2008-10-07,9.7,20.6,0.4,3.4,11.7,W,41,W,E,22,24,51,42,1017.7,1014.4,1,1,12.8,17.2,No,No,No,2008-10-08,True,1.0,0,0,2008,4,10,Oct,2008-10,Autumn,15.15,10.9,0,0,Light,Moderate (30-45 km/h),West
248,2008-10-08,10.9,19.7,0.0,4.8,10.0,W,41,W,E,19,15,53,47,1018.8,1018.6,4,1,14.0,18.4,No,No,No,2008-10-09,True,1.0,0,0,2008,4,10,Oct,2008-10,Autumn,15.3,8.8,0,0,None,Moderate (30-45 km/h),West
249,2008-10-09,10.5,19.9,0.0,5.4,11.7,W,41,W,ESE,17,22,56,58,1026.2,1025.7,1,1,15.8,19.2,No,No,No,2008-10-10,True,1.0,0,0,2008,4,10,Oct,2008-10,Autumn,15.2,9.4,0,0,None,Moderate (30-45 km/h),West
250,2008-10-10,12.6,21.5,0.0,6.0,10.7,W,41,WNW,E,11,20,76,57,1029.0,1025.4,3,3,16.9,20.5,No,No,No,2008-10-11,True,1.0,0,0,2008,4,10,Oct,2008-10,Autumn,17.05,8.9,0,0,None,Moderate (30-45 km/h),West
251,2008-10-11,14.6,22.3,0.0,6.6,7.2,W,41,W,E,6,22,82,65,1027.4,1024.3,5,3,16.0,20.0,No,No,No,2008-10-12,True,1.0,0,0,2008,4,10,Oct,2008-10,Autumn,18.45,7.7,0,0,None,Moderate (30-45 km/h),West
252,2008-10-12,14.2,22.5,0.0,3.6,10.6,W,41,W,E,11,28,76,69,1025.0,1021.8,1,1,18.6,20.8,No,No,No,2008-10-13,True,1.0,0,0,2008,4,10,Oct,2008-10,Autumn,18.35,8.3,0,0,None,Moderate (30-45 km/h),West
253,2008-10-13,16.1,29.2,0.0,7.0,9.2,W,41,W,NE,6,24,72,43,1021.4,1016.6,2,2,20.2,27.7,No,No,No,2008-10-14,True,1.0,0,0,2008,4,10,Oct,2008-10,Autumn,22.65,13.1,0,0,None,Moderate (30-45 km/h),West
254,2008-10-14,16.6,21.0,0.6,9.2,2.3,W,41,SSW,E,20,20,89,84,1021.7,1016.0,8,7,16.8,17.6,No,Yes,Yes,2008-10-15,True,1.0,0,0,2008,4,10,Oct,2008-10,Autumn,18.8,4.4,0,0,Light,Moderate (30-45 km/h),West
255,2008-10-15,15.1,18.9,9.0,3.2,5.0,W,41,SSE,SE,20,17,63,55,1022.4,1021.2,7,8,15.9,18.1,Yes,No,No,2008-10-16,True,1.0,0,0,2008,4,10,Oct,2008-10,Autumn,17.0,3.8,0,1,Moderate,Moderate (30-45 km/h),West
256,2008-10-16,11.8,22.1,0.0,4.2,11.4,W,41,W,E,7,19,64,42,1025.5,1023.4,1,1,16.6,20.3,No,No,No,2008-10-17,True,1.0,0,0,2008,4,10,Oct,2008-10,Autumn,16.95,10.3,0,0,None,Moderate (30-45 km/h),West
257,2008-10-17,12.9,24.9,0.0,5.8,11.7,W,41,W,ENE,7,20,71,49,1024.2,1021.0,1,2,17.6,22.4,No,No,No,2008-10-18,True,1.0,0,0,2008,4,10,Oct,2008-10,Autumn,18.9,12.0,0,0,None,Moderate (30-45 km/h),West
258,2008-10-18,16.7,23.2,0.0,7.4,10.3,W,41,S,E,4,24,77,82,1025.4,1022.0,5,2,18.6,19.7,No,No,No,2008-10-19,True,1.0,0,0,2008,4,10,Oct,2008-10,Autumn,19.95,6.5,0,0,None,Moderate (30-45 km/h),West
259,2008-10-19,16.5,26.8,0.0,7.8,10.8,W,41,W,NE,6,9,64,48,1022.3,1018.5,1,2,21.3,26.6,No,No,No,2008-10-20,True,1.0,0,0,2008,4,10,Oct,2008-10,Autumn,21.65,10.3,0,0,None,Moderate (30-45 km/h),West
260,2008-10-20,17.1,22.2,0.0,8.0,5.7,W,41,SSW,SE,20,20,76,55,1022.3,1019.3,7,1,18.1,21.8,No,Yes,Yes,2008-10-21,True,1.0,0,0,2008,4,10,Oct,2008-10,Autumn,19.65,5.1,0,0,None,Moderate (30-45 km/h),West
261,2008-10-21,14.5,19.2,1.8,5.2,8.4,W,41,SSW,SSE,26,35,68,59,1020.9,1019.6,6,7,16.8,18.8,Yes,Yes,Yes,2008-10-22,True,1.0,0,0,2008,4,10,Oct,2008-10,Autumn,16.85,4.7,0,1,Light,Moderate (30-45 km/h),West
262,2008-10-22,9.9,14.3,12.6,6.0,2.3,W,41,WSW,S,19,24,87,74,1022.1,1021.9,7,7,10.3,12.4,Yes,Yes,Yes,2008-10-23,True,1.0,0,0,2008,4,10,Oct,2008-10,Autumn,12.1,4.4,0,1,Heavy,Moderate (30-45 km/h),West
263,2008-10-23,7.9,15.7,11.4,4.2,5.0,W,41,SW,S,24,26,71,75,1023.2,1022.5,6,7,11.9,14.1,Yes,Yes,Yes,2008-10-24,True,1.0,0,0,2008,4,10,Oct,2008-10,Autumn,11.8,7.8,0,1,Heavy,Moderate (30-45 km/h),West
264,2008-10-24,9.0,20.2,2.0,2.4,10.2,W,41,WNW,E,15,17,66,51,1023.2,1019.0,6,6,14.4,18.2,Yes,No,No,2008-10-25,True,1.0,0,0,2008,4,10,Oct,2008-10,Autumn,14.6,11.2,0,1,Light,Moderate (30-45 km/h),West
265,2008-10-25,12.3,24.0,0.0,4.8,11.5,W,41,W,E,17,19,66,47,1018.3,1015.1,1,1,17.3,22.2,No,No,No,2008-10-26,True,1.0,0,0,2008,4,10,Oct,2008-10,Autumn,18.15,11.7,0,0,None,Moderate (30-45 km/h),West
266,2008-10-26,14.4,24.4,0.0,8.0,8.7,W,41,ESE,NNE,6,19,58,57,1016.8,1013.4,6,7,20.2,23.6,No,No,No,2008-10-27,True,1.0,0,0,2008,4,10,Oct,2008-10,Autumn,19.4,10.0,0,0,None,Moderate (30-45 km/h),West
267,2008-10-27,19.8,33.6,0.0,7.6,11.8,W,41,E,NE,6,20,55,38,1015.2,1010.8,2,1,23.7,29.8,No,No,No,2008-10-28,True,1.0,0,0,2008,4,10,Oct,2008-10,Autumn,26.7,13.8,0,0,None,Moderate (30-45 km/h),West
268,2008-10-28,17.6,21.9,0.0,11.4,5.7,W,41,S,SSE,11,22,67,70,1020.8,1019.9,5,8,20.8,20.5,No,Yes,Yes,2008-10-29,True,1.0,0,0,2008,4,10,Oct,2008-10,Autumn,19.75,4.3,0,0,None,Moderate (30-45 km/h),West
269,2008-10-29,16.8,17.3,6.2,4.6,0.0,W,41,ESE,SE,11,13,93,91,1024.3,1023.8,8,8,17.2,16.7,Yes,Yes,Yes,2008-10-30,True,1.0,0,0,2008,4,10,Oct,2008-10,Autumn,17.05,0.5,0,1,Moderate,Moderate (30-45 km/h),West
270,2008-10-30,15.1,25.8,7.6,1.2,3.7,W,41,W,NE,9,20,92,70,1022.6,1016.7,8,6,17.0,23.5,Yes,No,No,2008-10-31,True,1.0,0,0,2008,4,10,Oct,2008-10,Autumn,20.45,10.7,0,1,Moderate,Moderate (30-45 km/h),West
271,2008-10-31,16.9,35.0,0.2,3.2,5.0,W,41,N,WNW,17,26,53,24,1010.0,1005.3,6,7,25.6,34.6,No,No,No,2008-11-01,True,1.0,0,0,2008,4,10,Oct,2008-10,Autumn,25.95,18.1,1,0,Light,Moderate (30-45 km/h),West
272,2008-11-01,18.0,21.2,0.4,10.2,2.4,W,41,S,SSE,19,24,73,64,1021.9,1022.9,7,7,18.9,20.4,No,No,No,2008-11-02,True,1.0,0,0,2008,4,11,Nov,2008-11,Autumn,19.6,3.2,0,0,Light,Moderate (30-45 km/h),West
273,2008-11-02,17.5,23.1,0.8,4.6,0.2,W,41,W,NE,11,17,72,60,1024.9,1021.0,7,7,18.3,20.0,No,Yes,Yes,2008-11-03,True,1.0,0,0,2008,4,11,Nov,2008-11,Autumn,20.3,5.6,0,0,Light,Moderate (30-45 km/h),West
274,2008-11-03,17.2,30.3,2.8,3.4,10.3,W,41,WNW,W,22,24,62,35,1009.7,1006.0,2,4,23.1,28.6,Yes,No,No,2008-11-04,True,1.0,0,0,2008,4,11,Nov,2008-11,Autumn,23.75,13.1,0,1,Moderate,Moderate (30-45 km/h),West
275,2008-11-04,15.5,19.0,0.2,7.8,6.2,W,41,S,SSE,22,31,59,62,1015.0,1015.9,7,6,17.5,17.8,No,No,No,2008-11-05,True,1.0,0,0,2008,4,11,Nov,2008-11,Autumn,17.25,3.5,0,0,Light,Moderate (30-45 km/h),West
276,2008-11-05,14.5,21.0,0.0,7.8,5.0,W,41,W,NE,4,20,59,60,1015.5,1010.6,6,8,18.2,20.1,No,No,No,2008-11-06,True,1.0,0,0,2008,4,11,Nov,2008-11,Autumn,17.75,6.5,0,0,None,Moderate (30-45 km/h),West
277,2008-11-06,15.2,30.3,0.0,6.0,10.3,W,41,W,ENE,9,17,58,45,1009.6,1006.7,5,7,21.0,25.0,No,No,No,2008-11-07,True,1.0,0,0,2008,4,11,Nov,2008-11,Autumn,22.75,15.1,0,0,None,Moderate (30-45 km/h),West
278,2008-11-07,16.0,24.1,0.0,8.4,4.1,W,41,WNW,E,15,13,61,60,1014.5,1011.1,6,8,18.7,21.3,No,No,No,2008-11-08,True,1.0,0,0,2008,4,11,Nov,2008-11,Autumn,20.05,8.1,0,0,None,Moderate (30-45 km/h),West
279,2008-11-08,18.4,25.2,0.2,5.2,0.2,W,41,NNW,WSW,24,17,62,47,1001.8,1003.8,7,8,22.1,22.8,No,No,No,2008-11-09,True,1.0,0,0,2008,4,11,Nov,2008-11,Autumn,21.8,6.8,0,0,Light,Moderate (30-45 km/h),West
280,2008-11-09,16.6,23.0,0.4,4.4,11.0,W,41,W,E,13,20,46,60,1017.2,1017.9,1,2,20.7,21.5,No,No,No,2008-11-10,True,1.0,0,0,2008,4,11,Nov,2008-11,Autumn,19.8,6.4,0,0,Light,Moderate (30-45 km/h),West
281,2008-11-10,17.4,23.3,0.0,8.0,8.1,W,41,E,E,2,20,63,56,1023.5,1021.9,5,1,21.9,22.2,No,No,No,2008-11-11,True,1.0,0,0,2008,4,11,Nov,2008-11,Autumn,20.35,5.9,0,0,None,Moderate (30-45 km/h),West
282,2008-11-11,15.9,23.1,0.0,5.2,9.9,W,41,W,E,0,19,66,49,1023.9,1020.9,3,2,20.5,22.3,No,No,No,2008-11-12,True,1.0,0,0,2008,4,11,Nov,2008-11,Autumn,19.5,7.2,0,0,None,Moderate (30-45 km/h),West
283,2008-11-12,16.4,24.6,0.0,6.6,10.7,W,41,NNW,ENE,6,22,69,54,1020.1,1017.1,7,1,20.5,24.0,No,No,No,2008-11-13,True,1.0,0,0,2008,4,11,Nov,2008-11,Autumn,20.5,8.2,0,0,None,Moderate (30-45 km/h),West
284,2008-11-13,19.0,24.9,0.0,8.0,11.9,W,41,ENE,E,13,19,61,65,1019.3,1016.0,3,3,23.4,24.2,No,No,No,2008-11-14,True,1.0,0,0,2008,4,11,Nov,2008-11,Autumn,21.95,5.9,0,0,None,Moderate (30-45 km/h),West
285,2008-11-14,19.2,27.0,0.0,10.6,9.1,W,41,ENE,NE,13,22,65,57,1013.8,1010.6,5,5,24.3,26.1,No,Yes,Yes,2008-11-15,True,1.0,0,0,2008,4,11,Nov,2008-11,Autumn,23.1,7.8,0,0,None,Moderate (30-45 km/h),West
286,2008-11-15,18.5,23.1,6.6,9.4,2.4,W,41,SSE,SE,17,19,92,73,1013.6,1012.1,8,7,18.6,21.5,Yes,Yes,Yes,2008-11-16,True,1.0,0,0,2008,4,11,Nov,2008-11,Autumn,20.8,4.6,0,1,Moderate,Moderate (30-45 km/h),West
287,2008-11-16,17.2,22.4,1.2,3.4,4.0,W,41,S,SE,20,28,75,64,1016.4,1016.7,7,7,19.1,19.4,Yes,No,No,2008-11-17,True,1.0,0,0,2008,4,11,Nov,2008-11,Autumn,19.8,5.2,0,1,Light,Moderate (30-45 km/h),West
288,2008-11-17,15.5,20.9,0.0,6.8,1.4,W,41,E,NE,4,15,60,50,1019.8,1017.5,7,7,18.8,20.0,No,No,No,2008-11-18,True,1.0,0,0,2008,4,11,Nov,2008-11,Autumn,18.2,5.4,0,0,None,Moderate (30-45 km/h),West
289,2008-11-18,16.2,23.4,0.0,4.0,8.3,W,41,NNE,NE,22,24,60,60,1017.0,1013.7,7,8,20.6,21.6,No,Yes,Yes,2008-11-19,True,1.0,0,0,2008,4,11,Nov,2008-11,Autumn,19.8,7.2,0,0,None,Moderate (30-45 km/h),West
290,2008-11-19,17.0,22.1,6.2,7.8,1.0,W,41,NNE,E,9,20,91,78,1011.4,1008.2,8,8,18.4,20.9,Yes,Yes,Yes,2008-11-20,True,1.0,0,0,2008,4,11,Nov,2008-11,Autumn,19.55,5.1,0,1,Moderate,Moderate (30-45 km/h),West
291,2008-11-20,17.3,27.6,29.4,4.6,7.5,W,41,WNW,N,15,13,70,59,1001.1,997.5,3,5,22.0,26.7,Yes,No,No,2008-11-21,True,1.0,0,0,2008,4,11,Nov,2008-11,Autumn,22.45,10.3,0,1,Heavy,Moderate (30-45 km/h),West
292,2008-11-21,16.7,27.7,0.2,7.0,11.8,W,41,WSW,E,19,31,34,46,1001.2,996.4,1,3,22.1,23.7,No,No,No,2008-11-22,True,1.0,0,0,2008,4,11,Nov,2008-11,Autumn,22.2,11.0,0,0,Light,Moderate (30-45 km/h),West
293,2008-11-22,17.9,20.6,0.0,10.0,9.8,W,41,WNW,E,31,19,49,30,990.2,991.4,3,6,20.3,17.2,No,No,No,2008-11-23,True,1.0,0,0,2008,4,11,Nov,2008-11,Autumn,19.25,2.7,0,0,None,Moderate (30-45 km/h),West
294,2008-11-23,12.2,19.7,0.2,9.8,2.1,W,41,WNW,SSW,19,26,50,55,986.7,991.0,7,5,13.8,18.4,No,Yes,Yes,2008-11-24,True,1.0,0,0,2008,4,11,Nov,2008-11,Autumn,15.95,7.5,0,0,Light,Moderate (30-45 km/h),West
295,2008-11-24,13.6,22.3,2.4,5.0,10.5,W,41,SSW,SSE,19,20,47,49,1003.5,1005.1,1,4,19.7,20.7,Yes,No,No,2008-11-25,True,1.0,0,0,2008,4,11,Nov,2008-11,Autumn,17.95,8.7,0,1,Light,Moderate (30-45 km/h),West
296,2008-11-25,15.5,21.8,0.0,5.6,9.4,W,41,SSW,SSE,15,24,62,63,1015.6,1015.3,5,3,18.5,19.3,No,No,No,2008-11-26,True,1.0,0,0,2008,4,11,Nov,2008-11,Autumn,18.65,6.3,0,0,None,Moderate (30-45 km/h),West
297,2008-11-26,16.4,21.8,0.0,7.6,0.1,W,41,E,E,7,19,55,55,1016.6,1014.1,7,8,18.5,19.2,No,No,No,2008-11-27,True,1.0,0,0,2008,4,11,Nov,2008-11,Autumn,19.1,5.4,0,0,None,Moderate (30-45 km/h),West
298,2008-11-27,15.9,23.6,0.0,5.0,10.5,W,41,NNE,NE,17,26,58,64,1012.7,1008.9,7,1,21.8,22.7,No,No,No,2008-11-28,True,1.0,0,0,2008,4,11,Nov,2008-11,Autumn,19.75,7.7,0,0,None,Moderate (30-45 km/h),West
299,2008-11-28,19.5,24.6,0.2,7.8,0.7,W,41,NW,N,24,17,71,75,1005.0,1003.9,8,7,22.9,22.2,No,Yes,Yes,2008-11-29,True,1.0,0,0,2008,4,11,Nov,2008-11,Autumn,22.05,5.1,0,0,Light,Moderate (30-45 km/h),West
300,2008-11-29,19.3,23.3,10.8,2.6,6.9,W,41,S,S,13,24,92,79,1002.2,1002.0,7,7,20.3,19.8,Yes,Yes,Yes,2008-11-30,True,1.0,0,0,2008,4,11,Nov,2008-11,Autumn,21.3,4.0,0,1,Heavy,Moderate (30-45 km/h),West
301,2008-11-30,15.0,24.9,11.2,4.8,12.3,W,41,SSW,E,13,19,64,55,1009.9,1007.2,2,1,19.8,21.4,Yes,No,No,2008-12-01,True,1.0,0,0,2008,4,11,Nov,2008-11,Autumn,19.95,9.9,0,1,Heavy,Moderate (30-45 km/h),West
302,2008-12-01,17.6,31.3,0.0,7.6,10.9,W,41,ENE,WNW,2,24,29,21,1009.1,1004.6,3,7,24.9,30.8,No,No,No,2008-12-02,True,1.0,0,0,2008,4,12,Dec,2008-12,Winter,24.45,13.7,0,0,None,Moderate (30-45 km/h),West
303,2008-12-02,16.6,23.8,0.0,12.0,12.9,W,41,W,E,6,26,65,65,1011.1,1007.2,1,1,20.8,23.4,No,No,No,2008-12-03,True,1.0,0,0,2008,4,12,Dec,2008-12,Winter,20.2,7.2,0,0,None,Moderate (30-45 km/h),West
304,2008-12-03,18.4,33.2,0.0,8.0,8.0,W,41,W,W,13,19,67,19,1007.7,1005.6,7,5,22.5,32.3,No,No,No,2008-12-04,True,1.0,0,0,2008,4,12,Dec,2008-12,Winter,25.8,14.8,0,0,None,Moderate (30-45 km/h),West
305,2008-12-04,18.4,21.8,0.0,10.0,2.2,W,41,ESE,E,20,22,59,57,1020.2,1018.5,8,6,19.6,21.5,No,No,No,2008-12-05,True,1.0,0,0,2008,4,12,Dec,2008-12,Winter,20.1,3.4,0,0,None,Moderate (30-45 km/h),West
306,2008-12-05,19.3,27.0,0.0,4.8,6.7,W,41,N,E,15,24,78,70,1015.0,1008.6,8,5,20.9,24.1,No,No,No,2008-12-06,True,1.0,0,0,2008,4,12,Dec,2008-12,Winter,23.15,7.7,0,0,None,Moderate (30-45 km/h),West
307,2008-12-06,20.8,34.8,0.0,6.4,9.8,W,41,W,SSE,13,20,57,56,1006.9,1004.1,7,6,27.0,28.8,No,No,No,2008-12-07,True,1.0,0,0,2008,4,12,Dec,2008-12,Winter,27.8,14.0,0,0,None,Moderate (30-45 km/h),West
308,2008-12-07,20.0,26.1,0.0,7.6,4.9,W,41,W,SE,11,20,81,78,1007.9,1008.4,8,7,21.1,21.7,No,Yes,Yes,2008-12-08,True,1.0,0,0,2008,4,12,Dec,2008-12,Winter,23.05,6.1,0,0,None,Moderate (30-45 km/h),West
309,2008-12-08,18.2,22.3,6.8,4.4,6.3,W,41,E,E,19,31,74,72,1014.3,1010.9,7,6,20.3,21.9,Yes,Yes,Yes,2008-12-09,True,1.0,0,0,2008,4,12,Dec,2008-12,Winter,20.25,4.1,0,1,Moderate,Moderate (30-45 km/h),West
310,2008-12-09,17.4,25.9,1.8,5.4,9.9,W,41,W,NE,7,17,81,60,1011.2,1006.3,3,6,19.5,24.9,Yes,No,No,2008-12-10,True,1.0,0,0,2008,4,12,Dec,2008-12,Winter,21.65,8.5,0,1,Light,Moderate (30-45 km/h),West
311,2008-12-10,19.5,23.4,0.0,9.4,5.2,W,41,S,SSE,35,30,71,66,1007.1,1009.6,3,8,21.9,21.7,No,Yes,Yes,2008-12-11,True,1.0,0,0,2008,4,12,Dec,2008-12,Winter,21.45,3.9,0,0,None,Moderate (30-45 km/h),West
312,2008-12-11,17.2,19.9,3.4,4.6,0.0,W,41,ESE,ESE,15,26,90,58,1013.8,1015.0,8,8,17.5,19.7,Yes,Yes,Yes,2008-12-12,True,1.0,0,0,2008,4,12,Dec,2008-12,Winter,18.55,2.7,0,1,Moderate,Moderate (30-45 km/h),West
313,2008-12-12,17.4,24.5,3.6,4.0,0.0,W,41,ENE,ENE,13,30,85,92,1015.8,1009.9,8,8,17.6,18.4,Yes,Yes,Yes,2008-12-13,True,1.0,0,0,2008,4,12,Dec,2008-12,Winter,20.95,7.1,0,1,Moderate,Moderate (30-45 km/h),West
314,2008-12-13,17.0,32.9,28.2,4.8,7.5,W,41,N,W,24,37,82,25,995.0,990.3,6,4,24.5,32.5,Yes,No,No,2008-12-14,True,1.0,0,0,2008,4,12,Dec,2008-12,Winter,24.95,15.9,0,1,Heavy,Moderate (30-45 km/h),West
315,2008-12-14,19.2,25.4,0.0,12.0,12.7,W,41,W,WSW,33,44,42,32,996.5,997.4,1,5,21.5,23.9,No,No,No,2008-12-15,True,1.0,0,0,2008,4,12,Dec,2008-12,Winter,22.3,6.2,0,0,None,Moderate (30-45 km/h),West
316,2008-12-15,16.7,23.8,0.0,9.8,12.1,W,41,S,SE,24,20,39,43,1006.8,1007.9,5,1,20.9,22.8,No,No,No,2008-12-16,True,1.0,0,0,2008,4,12,Dec,2008-12,Winter,20.25,7.1,0,0,None,Moderate (30-45 km/h),West
317,2008-12-16,15.0,24.1,0.0,6.8,13.0,W,41,NNW,NE,13,20,58,48,1013.1,1010.1,1,1,21.0,23.4,No,No,No,2008-12-17,True,1.0,0,0,2008,4,12,Dec,2008-12,Winter,19.55,9.1,0,0,None,Moderate (30-45 km/h),West
318,2008-12-17,17.7,26.0,0.0,9.2,9.6,W,41,WNW,E,6,17,68,73,1011.9,1008.0,1,6,22.3,23.1,No,No,No,2008-12-18,True,1.0,0,0,2008,4,12,Dec,2008-12,Winter,21.85,8.3,0,0,None,Moderate (30-45 km/h),West
319,2008-12-18,19.3,27.4,0.0,4.8,8.4,W,41,WNW,E,13,17,65,68,1005.0,1001.2,2,6,23.1,24.0,No,No,No,2008-12-19,True,1.0,0,0,2008,4,12,Dec,2008-12,Winter,23.35,8.1,0,0,None,Moderate (30-45 km/h),West
320,2008-12-19,17.3,26.4,0.6,10.2,12.2,W,41,WNW,SE,7,30,67,58,1005.9,1007.8,2,6,21.6,21.2,No,No,No,2008-12-20,True,1.0,0,0,2008,4,12,Dec,2008-12,Winter,21.85,9.1,0,0,Light,Moderate (30-45 km/h),West
321,2008-12-20,15.7,20.4,0.0,10.6,4.6,W,41,S,SSE,26,15,57,69,1019.2,1019.3,5,7,18.4,18.2,No,No,No,2008-12-21,True,1.0,0,0,2008,4,12,Dec,2008-12,Winter,18.05,4.7,0,0,None,Moderate (30-45 km/h),West
322,2008-12-21,14.3,22.1,0.4,5.2,12.0,W,41,NNW,E,2,20,60,50,1022.0,1019.9,4,1,19.6,21.4,No,No,No,2008-12-22,True,1.0,0,0,2008,4,12,Dec,2008-12,Winter,18.2,7.8,0,0,Light,Moderate (30-45 km/h),West
323,2008-12-22,15.9,24.1,0.0,7.2,12.1,W,41,NNE,NE,22,26,56,57,1018.8,1014.8,1,1,22.1,22.9,No,No,No,2008-12-23,True,1.0,0,0,2008,4,12,Dec,2008-12,Winter,20.0,8.2,0,0,None,Moderate (30-45 km/h),West
324,2008-12-23,19.0,26.9,0.0,10.8,6.5,W,41,E,ENE,11,9,60,56,1009.3,1008.4,6,7,23.8,26.0,No,No,No,2008-12-24,True,1.0,0,0,2008,4,12,Dec,2008-12,Winter,22.95,7.9,0,0,None,Moderate (30-45 km/h),West
325,2008-12-24,18.7,20.7,0.4,4.8,0.0,W,41,S,SSE,17,6,77,78,1013.3,1012.6,8,8,19.6,19.7,No,No,No,2008-12-25,True,1.0,0,0,2008,4,12,Dec,2008-12,Winter,19.7,2.0,0,0,Light,Moderate (30-45 km/h),West
326,2008-12-25,16.4,23.3,0.0,0.8,7.2,W,41,E,E,7,19,73,60,1014.5,1013.5,7,3,20.7,22.8,No,No,No,2008-12-26,True,1.0,0,0,2008,4,12,Dec,2008-12,Winter,19.85,6.9,0,0,None,Moderate (30-45 km/h),West
327,2008-12-26,19.1,26.0,0.0,4.0,10.0,W,41,ESE,NE,4,22,75,71,1013.9,1010.7,7,1,23.1,25.4,No,No,No,2008-12-27,True,1.0,0,0,2008,4,12,Dec,2008-12,Winter,22.55,6.9,0,0,None,Moderate (30-45 km/h),West
328,2008-12-27,20.5,27.2,0.0,7.2,0.7,W,41,E,NE,9,13,79,70,1009.0,1005.0,7,8,24.5,26.2,No,Yes,Yes,2008-12-28,True,1.0,0,0,2008,4,12,Dec,2008-12,Winter,23.85,6.7,0,0,None,Moderate (30-45 km/h),West
329,2008-12-28,19.7,28.3,7.0,6.0,12.1,W,41,W,E,4,20,72,63,1006.6,1003.2,1,5,23.4,26.5,Yes,No,No,2008-12-29,True,1.0,0,0,2008,4,12,Dec,2008-12,Winter,24.0,8.6,0,1,Moderate,Moderate (30-45 km/h),West
330,2008-12-29,20.7,24.9,0.0,8.0,7.2,W,41,SSE,SE,28,15,72,68,1004.8,1003.7,2,6,22.6,22.4,No,Yes,Yes,2008-12-30,True,1.0,0,0,2008,4,12,Dec,2008-12,Winter,22.8,4.2,0,0,None,Moderate (30-45 km/h),West
331,2008-12-30,18.2,27.6,2.0,5.6,10.9,W,41,W,E,9,26,81,72,1004.3,999.3,6,5,20.9,23.8,Yes,No,No,2008-12-31,True,1.0,0,0,2008,4,12,Dec,2008-12,Winter,22.9,9.4,0,1,Light,Moderate (30-45 km/h),West
332,2008-12-31,19.2,31.5,0.0,7.4,13.1,W,41,W,E,19,20,37,42,1002.7,1002.4,0,0,24.7,25.3,No,No,No,2009-01-01,True,1.0,0,0,2008,4,12,Dec,2008-12,Winter,25.35,12.3,0,0,None,Moderate (30-45 km/h),West
333,2009-01-01,18.4,34.7,0.0,9.8,12.9,W,41,W,NNW,11,17,73,22,1005.5,1000.7,4,6,22.0,34.3,No,No,No,2009-01-02,True,1.0,0,0,2009,1,1,Jan,2009-01,Winter,26.55,16.3,0,0,None,Moderate (30-45 km/h),West
334,2009-01-02,18.8,22.7,0.0,11.0,5.9,W,41,E,ESE,11,33,62,57,1012.8,1013.8,6,7,20.1,20.8,No,No,No,2009-01-03,True,1.0,0,0,2009,1,1,Jan,2009-01,Winter,20.75,3.9,0,0,None,Moderate (30-45 km/h),West
335,2009-01-03,17.0,23.0,0.0,9.0,0.5,W,41,ESE,ENE,13,15,58,49,1021.6,1019.4,8,8,18.8,21.4,No,No,No,2009-01-04,True,1.0,0,0,2009,1,1,Jan,2009-01,Winter,20.0,6.0,0,0,None,Moderate (30-45 km/h),West
336,2009-01-04,18.7,24.6,0.0,5.4,11.3,W,41,NNE,NE,13,31,59,58,1018.6,1015.2,2,1,23.0,24.1,No,No,No,2009-01-05,True,1.0,0,0,2009,1,1,Jan,2009-01,Winter,21.65,5.9,0,0,None,Moderate (30-45 km/h),West
337,2009-01-05,19.5,27.9,0.0,10.0,12.2,W,41,ESE,ENE,6,13,66,60,1013.2,1008.9,4,4,23.4,26.2,No,No,No,2009-01-06,True,1.0,0,0,2009,1,1,Jan,2009-01,Winter,23.7,8.4,0,0,None,Moderate (30-45 km/h),West
338,2009-01-06,20.2,28.3,0.0,10.0,11.8,W,41,SSW,E,11,20,77,64,1011.6,1008.0,0,0,23.1,25.8,No,No,No,2009-01-07,True,1.0,0,0,2009,1,1,Jan,2009-01,Winter,24.25,8.1,0,0,None,Moderate (30-45 km/h),West
339,2009-01-07,20.7,33.1,0.0,9.0,9.3,W,41,SSW,E,6,15,72,67,1009.9,1005.1,1,7,23.7,26.1,No,No,No,2009-01-08,True,1.0,0,0,2009,1,1,Jan,2009-01,Winter,26.9,12.4,0,0,None,Moderate (30-45 km/h),West
340,2009-01-08,20.4,22.4,0.0,9.8,0.0,W,41,SSE,SSE,24,31,78,72,1012.4,1013.4,8,8,21.2,20.1,No,No,No,2009-01-09,True,1.0,0,0,2009,1,1,Jan,2009-01,Winter,21.4,2.0,0,0,None,Moderate (30-45 km/h),West
341,2009-01-09,17.2,22.6,0.4,7.6,5.9,W,41,SSE,ESE,22,19,54,47,1020.2,1018.8,7,6,19.2,21.2,No,No,No,2009-01-10,True,1.0,0,0,2009,1,1,Jan,2009-01,Winter,19.9,5.4,0,0,Light,Moderate (30-45 km/h),West
342,2009-01-10,18.3,23.4,0.0,7.6,6.1,W,41,ENE,E,17,20,54,53,1017.1,1013.9,7,6,19.7,22.5,No,No,No,2009-01-11,True,1.0,0,0,2009,1,1,Jan,2009-01,Winter,20.85,5.1,0,0,None,Moderate (30-45 km/h),West
343,2009-01-11,17.4,24.6,0.0,6.6,8.7,W,41,NE,ENE,19,31,58,57,1013.8,1011.5,3,1,23.4,23.9,No,Yes,Yes,2009-01-12,True,1.0,0,0,2009,1,1,Jan,2009-01,Winter,21.0,7.2,0,0,None,Moderate (30-45 km/h),West
344,2009-01-12,18.7,26.8,1.2,8.8,11.4,W,41,E,ESE,7,15,71,61,1015.4,1016.4,1,6,23.2,25.6,Yes,No,No,2009-01-13,True,1.0,0,0,2009,1,1,Jan,2009-01,Winter,22.75,8.1,0,1,Light,Moderate (30-45 km/h),West
345,2009-01-13,19.6,26.2,0.2,4.2,11.1,W,41,ESE,NE,7,26,74,56,1019.5,1016.5,6,0,23.5,25.4,No,No,No,2009-01-14,True,1.0,0,0,2009,1,1,Jan,2009-01,Winter,22.9,6.6,0,0,Light,Moderate (30-45 km/h),West
346,2009-01-14,20.8,29.7,0.0,10.2,13.0,W,41,E,NNE,7,24,67,49,1014.6,1011.2,0,1,25.5,29.1,No,No,No,2009-01-15,True,1.0,0,0,2009,1,1,Jan,2009-01,Winter,25.25,8.9,0,0,None,Moderate (30-45 km/h),West
347,2009-01-15,23.0,33.4,0.0,14.2,9.4,W,41,ESE,NE,7,19,61,39,1009.1,1006.0,5,6,28.6,33.1,No,Yes,Yes,2009-01-16,True,1.0,0,0,2009,1,1,Jan,2009-01,Winter,28.2,10.4,0,0,None,Moderate (30-45 km/h),West
348,2009-01-16,18.8,25.0,1.8,10.2,10.1,W,41,S,E,4,24,69,61,1012.7,1008.8,2,0,21.4,24.0,Yes,No,No,2009-01-17,True,1.0,0,0,2009,1,1,Jan,2009-01,Winter,21.9,6.2,0,1,Light,Moderate (30-45 km/h),West
349,2009-01-17,17.7,22.6,0.0,10.4,6.5,W,41,SSE,SSE,26,28,52,48,1020.5,1020.5,6,3,19.0,21.6,No,No,No,2009-01-18,True,1.0,0,0,2009,1,1,Jan,2009-01,Winter,20.15,4.9,0,0,None,Moderate (30-45 km/h),West
350,2009-01-18,14.8,23.3,0.0,5.6,12.7,W,41,WNW,E,11,22,62,46,1021.9,1020.0,1,3,19.5,22.9,No,No,No,2009-01-19,True,1.0,0,0,2009,1,1,Jan,2009-01,Winter,19.05,8.5,0,0,None,Moderate (30-45 km/h),West
351,2009-01-19,16.4,25.1,0.0,11.0,12.7,W,41,N,NE,15,26,55,57,1019.3,1015.0,1,5,22.5,23.8,No,No,No,2009-01-20,True,1.0,0,0,2009,1,1,Jan,2009-01,Winter,20.75,8.7,0,0,None,Moderate (30-45 km/h),West
352,2009-01-20,20.1,28.7,0.0,9.0,12.4,W,41,E,NE,9,22,61,54,1013.7,1010.6,0,1,24.7,27.0,No,Yes,Yes,2009-01-21,True,1.0,0,0,2009,1,1,Jan,2009-01,Winter,24.4,8.6,0,0,None,Moderate (30-45 km/h),West
353,2009-01-21,21.3,31.1,1.6,12.8,7.4,W,41,W,ENE,11,22,66,55,1011.9,1008.1,3,5,25.7,29.2,Yes,No,No,2009-01-22,True,1.0,0,0,2009,1,1,Jan,2009-01,Winter,26.2,9.8,0,1,Light,Moderate (30-45 km/h),West
354,2009-01-22,23.4,33.6,1.0,8.0,9.8,W,41,NNW,NNW,15,26,52,45,1008.9,1005.5,5,5,27.8,32.7,No,No,No,2009-01-23,True,1.0,0,0,2009,1,1,Jan,2009-01,Winter,28.5,10.2,0,1,Light,Moderate (30-45 km/h),West
355,2009-01-23,25.0,31.7,0.0,14.2,11.9,W,41,ESE,E,9,19,59,58,1009.2,1007.6,1,2,29.5,29.1,No,No,No,2009-01-24,True,1.0,0,0,2009,1,1,Jan,2009-01,Winter,28.35,6.7,0,0,None,Moderate (30-45 km/h),West
356,2009-01-24,24.8,40.9,0.0,10.6,11.1,W,41,NW,W,11,26,55,20,1004.8,1002.8,6,2,31.5,40.1,No,No,No,2009-01-25,True,1.0,0,1,2009,1,1,Jan,2009-01,Winter,32.85,16.1,1,0,None,Moderate (30-45 km/h),West
357,2009-01-25,20.5,25.9,0.0,13.6,6.8,W,41,SE,ESE,15,17,57,51,1019.5,1018.3,7,5,21.9,24.7,No,No,No,2009-01-26,True,1.0,0,0,2009,1,1,Jan,2009-01,Winter,23.2,5.4,0,0,None,Moderate (30-45 km/h),West
358,2009-01-26,20.8,26.8,0.0,6.8,1.2,W,41,S,S,9,15,80,72,1019.3,1019.1,8,7,21.9,25.3,No,Yes,Yes,2009-01-27,True,1.0,0,0,2009,1,1,Jan,2009-01,Winter,23.8,6.0,0,0,None,Moderate (30-45 km/h),West
359,2009-01-27,20.2,23.9,14.2,1.8,1.7,W,41,S,SSE,9,7,95,93,1021.1,1019.9,8,8,20.8,22.4,Yes,Yes,Yes,2009-01-28,True,1.0,0,0,2009,1,1,Jan,2009-01,Winter,22.05,3.7,0,1,Heavy,Moderate (30-45 km/h),West
360,2009-01-28,19.9,27.1,4.4,1.8,12.3,W,41,N,NE,4,22,78,60,1018.5,1016.0,6,1,23.7,26.6,Yes,No,No,2009-01-29,True,1.0,0,0,2009,1,1,Jan,2009-01,Winter,23.5,7.2,0,1,Moderate,Moderate (30-45 km/h),West
361,2009-01-29,21.2,28.3,0.0,8.6,12.5,W,41,E,NE,4,26,73,67,1018.6,1016.5,1,1,25.2,27.5,No,No,No,2009-01-30,True,1.0,0,0,2009,1,1,Jan,2009-01,Winter,24.75,7.1,0,0,None,Moderate (30-45 km/h),West
362,2009-01-30,21.1,28.2,0.0,10.2,13.0,W,41,E,NE,4,24,72,59,1018.7,1015.8,1,0,24.6,27.5,No,No,No,2009-01-31,True,1.0,0,0,2009,1,1,Jan,2009-01,Winter,24.65,7.1,0,0,None,Moderate (30-45 km/h),West
363,2009-01-31,21.8,29.1,0.0,10.6,11.5,W,41,ENE,NE,7,19,76,54,1017.5,1014.2,2,3,25.0,29.0,No,No,No,2009-02-01,True,1.0,0,0,2009,1,1,Jan,2009-01,Winter,25.45,7.3,0,0,None,Moderate (30-45 km/h),West
364,2009-02-01,21.2,28.1,0.0,9.2,11.1,W,41,E,ESE,13,17,71,66,1016.1,1016.2,1,5,24.9,26.9,No,No,No,2009-02-02,True,1.0,0,0,2009,1,2,Feb,2009-02,Winter,24.65,6.9,0,0,None,Moderate (30-45 km/h),West
365,2009-02-02,22.9,28.3,0.0,6.4,9.8,W,41,ESE,NE,4,24,79,63,1016.3,1012.2,6,2,24.8,27.1,No,No,No,2009-02-03,True,1.0,0,0,2009,1,2,Feb,2009-02,Winter,25.6,5.4,0,0,None,Moderate (30-45 km/h),West
366,2009-02-03,21.8,28.0,0.0,10.8,7.5,W,41,W,SE,0,19,63,60,1010.8,1010.0,7,4,25.4,27.9,No,No,No,2009-02-04,True,1.0,0,0,2009,1,2,Feb,2009-02,Winter,24.9,6.2,0,0,None,Moderate (30-45 km/h),West
367,2009-02-04,21.6,27.3,0.4,7.0,7.1,W,41,S,E,6,17,84,71,1011.6,1009.4,7,5,23.2,26.2,No,No,No,2009-02-05,True,1.0,0,0,2009,1,2,Feb,2009-02,Winter,24.45,5.7,0,0,Light,Moderate (30-45 km/h),West
368,2009-02-05,22.2,29.2,0.0,6.6,12.2,W,41,E,NE,6,22,73,58,1009.1,1005.9,1,1,26.0,28.9,No,No,No,2009-02-06,True,1.0,0,0,2009,1,2,Feb,2009-02,Winter,25.7,7.0,0,0,None,Moderate (30-45 km/h),West
369,2009-02-06,21.9,29.5,0.0,9.8,10.8,W,41,E,ENE,6,11,75,64,1010.9,1008.4,3,1,25.5,27.4,No,No,No,2009-02-07,True,1.0,0,0,2009,1,2,Feb,2009-02,Winter,25.7,7.6,0,0,None,Moderate (30-45 km/h),West
370,2009-02-07,21.8,33.5,0.0,10.4,11.8,W,41,E,NNE,9,31,68,34,1013.3,1010.6,0,1,25.6,32.2,No,No,No,2009-02-08,True,1.0,0,0,2009,1,2,Feb,2009-02,Winter,27.65,11.7,0,0,None,Moderate (30-45 km/h),West
371,2009-02-08,21.4,28.6,0.0,14.2,12.2,W,41,E,ENE,9,17,69,53,1010.8,1007.5,0,1,24.2,28.1,No,No,No,2009-02-09,True,1.0,0,0,2009,1,2,Feb,2009-02,Winter,25.0,7.2,0,0,None,Moderate (30-45 km/h),West
372,2009-02-09,20.9,22.5,0.0,9.0,0.0,W,41,S,S,20,17,84,81,1011.9,1011.7,8,8,21.2,20.6,No,Yes,Yes,2009-02-10,True,1.0,0,0,2009,1,2,Feb,2009-02,Winter,21.7,1.6,0,0,None,Moderate (30-45 km/h),West
373,2009-02-10,17.9,19.4,3.4,1.6,0.0,W,41,SSW,SSW,6,19,94,89,1011.9,1010.1,8,8,18.2,18.7,Yes,Yes,Yes,2009-02-11,True,1.0,0,0,2009,1,2,Feb,2009-02,Winter,18.65,1.5,0,1,Moderate,Moderate (30-45 km/h),West
374,2009-02-11,16.7,23.0,5.6,2.2,1.5,W,41,SSW,S,26,20,77,61,1011.1,1011.2,7,7,17.7,23.0,Yes,No,No,2009-02-12,True,1.0,0,0,2009,1,2,Feb,2009-02,Winter,19.85,6.3,0,1,Moderate,Moderate (30-45 km/h),West
375,2009-02-12,17.5,22.0,0.6,4.0,1.1,W,41,SSW,SSE,19,31,76,56,1017.5,1018.7,7,8,18.9,21.4,No,Yes,Yes,2009-02-13,True,1.0,0,0,2009,1,2,Feb,2009-02,Winter,19.75,4.5,0,0,Light,Moderate (30-45 km/h),West
376,2009-02-13,16.4,20.4,23.2,5.4,0.0,W,41,SE,SE,24,24,86,90,1025.4,1025.0,8,8,18.0,17.9,Yes,Yes,Yes,2009-02-14,True,1.0,0,0,2009,1,2,Feb,2009-02,Winter,18.4,4.0,0,1,Heavy,Moderate (30-45 km/h),West
377,2009-02-14,17.0,21.2,19.6,4.4,0.0,W,41,ESE,ESE,30,19,66,67,1022.9,1019.2,8,8,19.1,20.4,Yes,Yes,Yes,2009-02-15,True,1.0,0,0,2009,1,2,Feb,2009-02,Winter,19.1,4.2,0,1,Heavy,Moderate (30-45 km/h),West
378,2009-02-15,16.5,23.3,25.6,2.4,0.2,W,41,SSE,SE,19,22,88,66,1014.7,1013.9,8,8,19.4,23.1,Yes,Yes,Yes,2009-02-16,True,1.0,0,0,2009,1,2,Feb,2009-02,Winter,19.9,6.8,0,1,Heavy,Moderate (30-45 km/h),West
379,2009-02-16,18.6,25.0,16.4,4.8,6.4,W,41,SE,SE,19,24,82,62,1017.6,1017.8,7,7,20.3,22.6,Yes,Yes,Yes,2009-02-17,True,1.0,0,0,2009,1,2,Feb,2009-02,Winter,21.8,6.4,0,1,Heavy,Moderate (30-45 km/h),West
380,2009-02-17,19.4,22.9,3.8,7.4,0.0,W,41,SE,SE,9,17,70,71,1017.0,1015.4,8,8,20.8,22.0,Yes,Yes,Yes,2009-02-18,True,1.0,0,0,2009,1,2,Feb,2009-02,Winter,21.15,3.5,0,1,Moderate,Moderate (30-45 km/h),West
381,2009-02-18,19.4,26.6,24.6,3.2,7.1,W,41,W,S,19,15,93,62,1010.2,1008.1,8,6,20.2,25.7,Yes,Yes,Yes,2009-02-19,True,1.0,0,0,2009,1,2,Feb,2009-02,Winter,23.0,7.2,0,1,Heavy,Moderate (30-45 km/h),West
382,2009-02-19,18.9,28.4,1.4,3.6,11.4,W,41,NNW,E,19,20,74,60,1008.0,1005.0,2,5,23.1,27.5,Yes,No,No,2009-02-20,True,1.0,0,0,2009,1,2,Feb,2009-02,Winter,23.65,9.5,0,1,Light,Moderate (30-45 km/h),West
383,2009-02-20,20.3,26.1,0.0,7.8,9.6,W,41,W,E,2,19,78,68,1011.6,1010.2,5,3,22.4,25.1,No,No,No,2009-02-21,True,1.0,0,0,2009,1,2,Feb,2009-02,Winter,23.2,5.8,0,0,None,Moderate (30-45 km/h),West
384,2009-02-21,21.9,24.4,0.0,6.4,0.3,W,41,W,E,0,11,85,68,1013.3,1013.2,8,8,22.5,23.6,No,Yes,Yes,2009-02-22,True,1.0,0,0,2009,1,2,Feb,2009-02,Winter,23.15,2.5,0,0,None,Moderate (30-45 km/h),West
385,2009-02-22,20.3,24.9,2.2,2.4,6.3,W,41,SSE,E,13,13,70,59,1018.5,1017.6,7,4,21.7,24.4,Yes,No,No,2009-02-23,True,1.0,0,0,2009,1,2,Feb,2009-02,Winter,22.6,4.6,0,1,Light,Moderate (30-45 km/h),West
386,2009-02-23,19.6,27.0,0.0,4.6,5.3,W,41,W,ENE,0,15,78,63,1016.9,1013.0,7,5,22.6,26.5,No,No,No,2009-02-24,True,1.0,0,0,2009,1,2,Feb,2009-02,Winter,23.3,7.4,0,0,None,Moderate (30-45 km/h),West
387,2009-02-24,19.9,30.5,0.8,5.4,10.7,W,41,W,SE,11,15,82,57,1014.1,1013.2,0,1,23.0,28.2,No,No,No,2009-02-25,True,1.0,0,0,2009,1,2,Feb,2009-02,Winter,25.2,10.6,0,0,Light,Moderate (30-45 km/h),West
388,2009-02-25,21.1,26.4,0.0,7.0,7.0,W,41,S,ESE,4,20,83,63,1016.7,1014.6,7,5,22.0,26.1,No,No,No,2009-02-26,True,1.0,0,0,2009,1,2,Feb,2009-02,Winter,23.75,5.3,0,0,None,Moderate (30-45 km/h),West
389,2009-02-26,19.6,24.6,0.0,7.6,6.8,W,41,S,S,11,20,74,58,1020.4,1018.7,8,5,20.7,23.6,No,No,No,2009-02-27,True,1.0,0,0,2009,1,2,Feb,2009-02,Winter,22.1,5.0,0,0,None,Moderate (30-45 km/h),West
390,2009-02-27,17.5,23.5,0.0,6.0,5.6,W,41,W,E,13,11,78,50,1018.2,1015.9,7,4,18.9,23.2,No,No,No,2009-02-28,True,1.0,0,0,2009,1,2,Feb,2009-02,Winter,20.5,6.0,0,0,None,Moderate (30-45 km/h),West
391,2009-02-28,17.5,25.4,0.0,4.8,5.6,W,41,N,E,7,20,70,61,1009.5,1006.9,7,4,20.7,24.1,No,No,No,2009-03-01,True,1.0,0,0,2009,1,2,Feb,2009-02,Winter,21.45,7.9,0,0,None,Moderate (30-45 km/h),West
392,2009-03-01,20.5,25.7,0.0,6.8,10.0,W,41,E,E,9,19,70,60,1010.7,1010.8,8,6,23.1,24.8,No,No,No,2009-03-02,True,1.0,0,0,2009,1,3,Mar,2009-03,Spring,23.1,5.2,0,0,None,Moderate (30-45 km/h),West
393,2009-03-02,21.8,25.5,0.0,6.0,9.0,W,41,W,E,0,17,71,60,1016.6,1015.2,7,5,22.8,25.1,No,No,No,2009-03-03,True,1.0,0,0,2009,1,3,Mar,2009-03,Spring,23.65,3.7,0,0,None,Moderate (30-45 km/h),West
394,2009-03-03,20.8,26.9,0.0,6.8,6.9,W,41,ENE,ENE,19,20,61,55,1018.0,1015.2,7,7,24.1,25.6,No,No,No,2009-03-04,True,1.0,0,0,2009,1,3,Mar,2009-03,Spring,23.85,6.1,0,0,None,Moderate (30-45 km/h),West
395,2009-03-04,22.5,25.1,0.0,7.6,0.5,W,41,E,SW,4,13,73,49,1008.0,1008.5,7,7,24.2,22.9,No,No,No,2009-03-05,True,1.0,0,0,2009,1,3,Mar,2009-03,Spring,23.8,2.6,0,0,None,Moderate (30-45 km/h),West
396,2009-03-05,16.8,24.6,0.0,5.0,11.0,W,41,W,SE,30,20,39,37,1009.5,1008.6,1,1,19.3,24.2,No,No,No,2009-03-06,True,1.0,0,0,2009,1,3,Mar,2009-03,Spring,20.7,7.8,0,0,None,Moderate (30-45 km/h),West
397,2009-03-06,14.4,23.6,0.0,7.8,9.8,W,41,W,ESE,15,19,67,48,1013.4,1011.4,1,1,17.8,22.5,No,No,No,2009-03-07,True,1.0,0,0,2009,1,3,Mar,2009-03,Spring,19.0,9.2,0,0,None,Moderate (30-45 km/h),West
398,2009-03-07,17.7,26.3,0.0,4.8,9.2,W,41,SW,ESE,11,19,77,58,1014.2,1011.8,3,1,20.5,25.8,No,No,No,2009-03-08,True,1.0,0,0,2009,1,3,Mar,2009-03,Spring,22.0,8.6,0,0,None,Moderate (30-45 km/h),West
399,2009-03-08,20.2,25.3,0.0,5.0,4.1,W,41,SSW,S,11,19,80,77,1017.8,1018.7,5,7,22.2,22.0,No,Yes,Yes,2009-03-09,True,1.0,0,0,2009,1,3,Mar,2009-03,Spring,22.75,5.1,0,0,None,Moderate (30-45 km/h),West
400,2009-03-09,18.2,24.5,36.8,2.0,4.4,W,41,SW,E,6,13,94,69,1022.2,1020.4,7,7,19.1,23.6,Yes,No,No,2009-03-10,True,1.0,0,0,2009,1,3,Mar,2009-03,Spring,21.35,6.3,0,1,Heavy,Moderate (30-45 km/h),West
401,2009-03-10,19.1,24.5,0.6,3.6,6.7,W,41,ENE,E,17,20,66,53,1022.0,1021.3,6,5,22.8,24.3,No,No,No,2009-03-11,True,1.0,0,0,2009,1,3,Mar,2009-03,Spring,21.8,5.4,0,0,Light,Moderate (30-45 km/h),West
402,2009-03-11,20.2,23.4,0.0,6.2,1.8,W,41,ESE,E,17,24,59,70,1023.8,1022.7,3,7,23.3,22.3,No,Yes,Yes,2009-03-12,True,1.0,0,0,2009,1,3,Mar,2009-03,Spring,21.8,3.2,0,0,None,Moderate (30-45 km/h),West
403,2009-03-12,18.2,25.3,1.2,5.0,9.8,W,41,W,E,4,22,87,57,1022.9,1020.4,2,2,20.3,24.7,Yes,No,No,2009-03-13,True,1.0,0,0,2009,1,3,Mar,2009-03,Spring,21.75,7.1,0,1,Light,Moderate (30-45 km/h),West
404,2009-03-13,19.6,25.5,0.0,6.4,2.2,W,41,W,NW,7,2,85,76,1018.6,1016.2,7,7,21.1,23.9,No,No,No,2009-03-14,True,1.0,0,0,2009,1,3,Mar,2009-03,Spring,22.55,5.9,0,0,None,Moderate (30-45 km/h),West
405,2009-03-14,19.9,27.2,0.0,4.0,6.4,W,41,NE,ENE,2,20,82,64,1014.7,1010.1,3,6,22.3,26.8,No,Yes,Yes,2009-03-15,True,1.0,0,0,2009,1,3,Mar,2009-03,Spring,23.55,7.3,0,0,None,Moderate (30-45 km/h),West
406,2009-03-15,19.2,27.4,17.0,8.4,6.6,W,41,WNW,E,6,15,81,61,1010.7,1007.8,2,3,21.7,25.0,Yes,No,No,2009-03-16,True,1.0,0,0,2009,1,3,Mar,2009-03,Spring,23.3,8.2,0,1,Heavy,Moderate (30-45 km/h),West
407,2009-03-16,16.1,26.8,0.4,6.8,10.8,W,41,W,E,17,22,42,29,1011.7,1008.2,1,0,18.7,26.7,No,No,No,2009-03-17,True,1.0,0,0,2009,1,3,Mar,2009-03,Spring,21.45,10.7,0,0,Light,Moderate (30-45 km/h),West
408,2009-03-17,15.9,25.7,0.0,6.1,11.0,W,41,W,SE,20,19,47,48,1013.4,1012.5,1,1,18.8,23.9,No,No,No,2009-03-18,True,1.0,0,0,2009,1,3,Mar,2009-03,Spring,20.8,9.8,0,0,None,Moderate (30-45 km/h),West
409,2009-03-18,17.1,24.5,0.0,5.4,10.1,W,41,WNW,ENE,11,17,72,52,1019.0,1016.1,1,1,20.1,24.3,No,No,No,2009-03-19,True,1.0,0,0,2009,1,3,Mar,2009-03,Spring,20.8,7.4,0,0,None,Moderate (30-45 km/h),West
410,2009-03-19,17.5,27.7,0.0,6.0,9.7,W,41,W,E,13,13,76,67,1016.7,1013.7,2,7,20.6,24.9,No,No,No,2009-03-20,True,1.0,0,0,2009,1,3,Mar,2009-03,Spring,22.6,10.2,0,0,None,Moderate (30-45 km/h),West
411,2009-03-20,19.9,26.1,0.0,6.2,8.6,W,41,W,E,0,17,80,69,1017.4,1016.6,2,1,23.5,25.3,No,No,No,2009-03-21,True,1.0,0,0,2009,1,3,Mar,2009-03,Spring,23.0,6.2,0,0,None,Moderate (30-45 km/h),West
412,2009-03-21,19.6,25.3,0.0,6.2,8.7,W,41,W,E,6,17,83,58,1018.9,1017.2,4,2,22.1,24.9,No,No,No,2009-03-22,True,1.0,0,0,2009,1,3,Mar,2009-03,Spring,22.45,5.7,0,0,None,Moderate (30-45 km/h),West
413,2009-03-22,17.6,26.7,0.0,5.6,8.4,W,41,W,NE,11,19,82,58,1017.9,1015.1,1,5,20.4,25.0,No,No,No,2009-03-23,True,1.0,0,0,2009,1,3,Mar,2009-03,Spring,22.15,9.1,0,0,None,Moderate (30-45 km/h),West
414,2009-03-23,19.5,25.7,0.2,8.0,10.2,W,41,NE,NE,7,17,66,61,1017.1,1015.1,5,4,23.1,25.6,No,No,No,2009-03-24,True,1.0,0,0,2009,1,3,Mar,2009-03,Spring,22.6,6.2,0,0,Light,Moderate (30-45 km/h),West
415,2009-03-24,20.5,26.1,0.0,5.8,10.8,W,41,NNE,NE,6,19,67,59,1017.9,1016.3,1,3,23.6,25.9,No,No,No,2009-03-25,True,1.0,0,0,2009,1,3,Mar,2009-03,Spring,23.3,5.6,0,0,None,Moderate (30-45 km/h),West
416,2009-03-25,20.8,26.0,0.0,7.0,8.0,W,41,NNE,E,4,17,69,60,1019.7,1017.5,4,4,23.0,25.2,No,Yes,Yes,2009-03-26,True,1.0,0,0,2009,1,3,Mar,2009-03,Spring,23.4,5.2,0,0,None,Moderate (30-45 km/h),West
417,2009-03-26,20.5,26.6,1.4,5.2,7.6,W,41,NE,ENE,2,17,72,56,1019.4,1016.7,4,6,23.8,25.7,Yes,No,No,2009-03-27,True,1.0,0,0,2009,1,3,Mar,2009-03,Spring,23.55,6.1,0,1,Light,Moderate (30-45 km/h),West
418,2009-03-27,20.6,23.5,0.4,5.8,4.8,W,41,SSE,SSE,17,26,69,59,1023.9,1023.7,7,6,22.0,22.5,No,No,No,2009-03-28,True,1.0,0,0,2009,1,3,Mar,2009-03,Spring,22.05,2.9,0,0,Light,Moderate (30-45 km/h),West
419,2009-03-28,16.4,23.5,0.0,4.4,10.8,W,41,WNW,E,9,17,85,49,1025.4,1023.2,3,1,17.9,23.0,No,No,No,2009-03-29,True,1.0,0,0,2009,1,3,Mar,2009-03,Spring,19.95,7.1,0,0,None,Moderate (30-45 km/h),West
420,2009-03-29,16.1,24.4,0.0,6.6,9.4,W,41,WNW,E,9,19,77,66,1023.6,1021.7,5,5,18.9,23.0,No,No,No,2009-03-30,True,1.0,0,0,2009,1,3,Mar,2009-03,Spring,20.25,8.3,0,0,None,Moderate (30-45 km/h),West
421,2009-03-30,18.6,26.2,0.0,4.0,6.7,W,41,ESE,SE,7,22,66,65,1024.1,1022.3,2,6,22.9,24.7,No,Yes,Yes,2009-03-31,True,1.0,0,0,2009,1,3,Mar,2009-03,Spring,22.4,7.6,0,0,None,Moderate (30-45 km/h),West
422,2009-03-31,19.8,22.5,2.6,6.0,0.0,W,41,SE,E,20,26,86,89,1021.8,1020.4,8,8,21.1,19.9,Yes,Yes,Yes,2009-04-01,True,1.0,0,0,2009,1,3,Mar,2009-03,Spring,21.15,2.7,0,1,Moderate,Moderate (30-45 km/h),West
423,2009-04-01,18.4,24.7,46.0,5.0,2.3,W,41,ESE,ESE,28,30,93,73,1021.1,1021.0,8,7,20.5,23.9,Yes,Yes,Yes,2009-04-02,True,1.0,0,0,2009,2,4,Apr,2009-04,Spring,21.55,6.3,0,1,Heavy,Moderate (30-45 km/h),West
424,2009-04-02,19.6,24.7,11.4,3.8,2.4,W,41,ESE,ESE,22,17,87,79,1023.3,1021.8,8,7,21.9,23.8,Yes,Yes,Yes,2009-04-03,True,1.0,0,0,2009,2,4,Apr,2009-04,Spring,22.15,5.1,0,1,Heavy,Moderate (30-45 km/h),West
425,2009-04-03,20.1,25.1,5.0,2.6,7.9,W,41,W,ENE,0,24,92,73,1021.1,1016.9,6,5,21.4,24.4,Yes,Yes,Yes,2009-04-04,True,1.0,0,0,2009,2,4,Apr,2009-04,Spring,22.6,5.0,0,1,Moderate,Moderate (30-45 km/h),West
426,2009-04-04,18.3,20.8,3.0,4.2,1.4,W,41,S,SSE,24,28,84,58,1017.7,1019.2,7,8,18.4,20.1,Yes,No,No,2009-04-05,True,1.0,0,0,2009,2,4,Apr,2009-04,Spring,19.55,2.5,0,1,Moderate,Moderate (30-45 km/h),West
427,2009-04-05,17.1,22.8,0.0,5.6,8.0,W,41,W,NE,9,20,72,67,1020.1,1014.4,7,5,19.1,21.5,No,No,No,2009-04-06,True,1.0,0,0,2009,2,4,Apr,2009-04,Spring,19.95,5.7,0,0,None,Moderate (30-45 km/h),West
428,2009-04-06,17.0,21.1,0.2,3.4,6.9,W,41,S,SSE,30,26,69,59,1020.5,1019.6,7,3,19.5,19.4,No,No,No,2009-04-07,True,1.0,0,0,2009,2,4,Apr,2009-04,Spring,19.05,4.1,0,0,Light,Moderate (30-45 km/h),West
429,2009-04-07,16.3,21.3,0.2,5.8,7.7,W,41,S,SE,11,24,67,55,1025.6,1024.4,7,3,18.8,20.1,No,No,No,2009-04-08,True,1.0,0,0,2009,2,4,Apr,2009-04,Spring,18.8,5.0,0,0,Light,Moderate (30-45 km/h),West
430,2009-04-08,12.8,22.4,0.0,5.6,9.3,W,41,W,SE,11,22,66,59,1026.9,1024.9,2,4,18.7,21.3,No,No,No,2009-04-09,True,1.0,0,0,2009,2,4,Apr,2009-04,Spring,17.6,9.6,0,0,None,Moderate (30-45 km/h),West
431,2009-04-09,15.1,23.2,0.0,2.8,8.4,W,41,WNW,E,9,19,72,58,1025.5,1022.3,1,3,19.6,21.8,No,No,No,2009-04-10,True,1.0,0,0,2009,2,4,Apr,2009-04,Spring,19.15,8.1,0,0,None,Moderate (30-45 km/h),West
432,2009-04-10,14.7,22.7,0.0,4.0,8.3,W,41,W,E,15,9,81,65,1023.6,1021.0,5,4,18.4,22.4,No,No,No,2009-04-11,True,1.0,0,0,2009,2,4,Apr,2009-04,Spring,18.7,8.0,0,0,None,Moderate (30-45 km/h),West
433,2009-04-11,17.4,23.8,0.0,3.2,0.8,W,41,W,ENE,0,9,80,69,1025.4,1023.0,7,7,19.8,23.0,No,No,No,2009-04-13,False,1.0,0,0,2009,2,4,Apr,2009-04,Spring,20.6,6.4,0,0,None,Moderate (30-45 km/h),West
434,2009-04-13,20.4,22.6,0.0,3.6,0.1,W,41,SE,S,15,7,79,84,1022.5,1019.3,8,8,21.6,20.9,No,Yes,Yes,2009-04-14,True,2.0,1,0,2009,2,4,Apr,2009-04,Spring,21.5,2.2,0,0,None,Moderate (30-45 km/h),West
435,2009-04-14,17.6,26.9,48.0,4.8,7.8,W,41,W,E,19,20,89,70,1015.1,1011.2,6,5,19.2,23.1,Yes,No,No,2009-04-15,True,1.0,0,0,2009,2,4,Apr,2009-04,Spring,22.25,9.3,0,1,Heavy,Moderate (30-45 km/h),West
436,2009-04-15,16.1,29.3,0.2,5.0,10.0,W,41,W,NW,11,20,70,25,1011.1,1006.9,0,1,20.5,29.0,No,No,No,2009-04-16,True,1.0,0,0,2009,2,4,Apr,2009-04,Spring,22.7,13.2,0,0,Light,Moderate (30-45 km/h),West
437,2009-04-16,14.9,24.1,0.0,10.0,9.8,W,41,W,E,15,15,43,38,1015.2,1011.7,0,1,17.4,22.6,No,No,No,2009-04-17,True,1.0,0,0,2009,2,4,Apr,2009-04,Spring,19.5,9.2,0,0,None,Moderate (30-45 km/h),West
438,2009-04-17,13.5,24.1,0.0,4.8,10.3,W,41,WNW,S,13,19,56,51,1016.3,1015.9,0,1,18.4,22.5,No,No,No,2009-04-18,True,1.0,0,0,2009,2,4,Apr,2009-04,Spring,18.8,10.6,0,0,None,Moderate (30-45 km/h),West
439,2009-04-18,14.2,22.8,0.0,5.2,7.9,W,41,WSW,S,11,28,66,56,1020.0,1018.1,1,5,18.3,20.9,No,Yes,Yes,2009-04-19,True,1.0,0,0,2009,2,4,Apr,2009-04,Spring,18.5,8.6,0,0,None,Moderate (30-45 km/h),West
440,2009-04-19,15.8,22.5,13.4,3.4,8.3,W,41,SSW,S,20,17,91,62,1019.9,1017.9,7,6,16.1,21.7,Yes,Yes,Yes,2009-04-20,True,1.0,0,0,2009,2,4,Apr,2009-04,Spring,19.15,6.7,0,1,Heavy,Moderate (30-45 km/h),West
441,2009-04-20,15.9,21.4,9.0,7.0,2.9,W,41,SSE,S,26,24,60,59,1020.7,1018.9,7,7,19.5,19.7,Yes,No,No,2009-04-21,True,1.0,0,0,2009,2,4,Apr,2009-04,Spring,18.65,5.5,0,1,Moderate,Moderate (30-45 km/h),West
442,2009-04-21,16.4,22.1,0.6,5.4,5.0,W,41,ESE,S,33,15,59,64,1022.8,1021.3,5,7,20.5,20.1,No,Yes,Yes,2009-04-22,True,1.0,0,0,2009,2,4,Apr,2009-04,Spring,19.25,5.7,0,0,Light,Moderate (30-45 km/h),West
443,2009-04-22,16.0,22.7,6.8,3.4,7.7,W,41,SW,S,9,17,85,65,1024.3,1022.5,7,7,17.2,20.1,Yes,Yes,Yes,2009-04-23,True,1.0,0,0,2009,2,4,Apr,2009-04,Spring,19.35,6.7,0,1,Moderate,Moderate (30-45 km/h),West
444,2009-04-23,14.7,21.6,2.0,4.2,6.3,W,41,WNW,ENE,15,7,87,60,1021.8,1018.2,3,5,16.9,20.0,Yes,No,No,2009-04-24,True,1.0,0,0,2009,2,4,Apr,2009-04,Spring,18.15,6.9,0,1,Light,Moderate (30-45 km/h),West
445,2009-04-24,13.1,24.7,0.0,2.0,9.0,W,41,NNW,E,9,11,75,63,1012.7,1006.6,6,7,17.4,22.6,No,No,No,2009-04-25,True,1.0,0,0,2009,2,4,Apr,2009-04,Spring,18.9,11.6,0,0,None,Moderate (30-45 km/h),West
446,2009-04-25,16.3,23.9,0.4,5.4,10.3,W,41,NW,W,11,22,52,40,1004.4,1002.4,1,3,19.3,22.2,No,No,No,2009-04-26,True,1.0,0,0,2009,2,4,Apr,2009-04,Spring,20.1,7.6,0,0,Light,Moderate (30-45 km/h),West
447,2009-04-26,16.7,20.2,0.0,6.8,9.2,W,41,WNW,WNW,20,28,47,29,1003.1,1003.1,2,2,17.7,19.5,No,No,No,2009-04-27,True,1.0,0,0,2009,2,4,Apr,2009-04,Spring,18.45,3.5,0,0,None,Moderate (30-45 km/h),West
448,2009-04-27,11.2,18.7,0.0,7.2,9.9,W,41,W,WNW,28,24,43,26,1013.0,1012.7,1,2,14.1,17.9,No,No,No,2009-04-28,True,1.0,0,0,2009,2,4,Apr,2009-04,Spring,14.95,7.5,0,0,None,Moderate (30-45 km/h),West
449,2009-04-28,11.8,21.9,0.0,4.0,10.5,W,41,W,W,19,26,54,30,1015.5,1014.9,1,2,16.1,20.5,No,No,No,2009-04-29,True,1.0,0,0,2009,2,4,Apr,2009-04,Spring,16.85,10.1,0,0,None,Moderate (30-45 km/h),West
450,2009-04-29,10.2,17.6,0.0,4.6,2.4,W,41,WNW,S,20,22,59,63,1022.3,1019.5,7,7,12.6,16.6,No,Yes,Yes,2009-04-30,True,1.0,0,0,2009,2,4,Apr,2009-04,Spring,13.9,7.4,0,0,None,Moderate (30-45 km/h),West
451,2009-04-30,11.0,17.4,6.2,2.4,2.7,W,41,W,WSW,17,4,92,88,1020.5,1020.4,7,7,12.8,14.1,Yes,Yes,Yes,2009-05-01,True,1.0,0,0,2009,2,4,Apr,2009-04,Spring,14.2,6.4,0,1,Moderate,Moderate (30-45 km/h),West
452,2009-05-01,10.2,22.5,5.6,3.0,10.3,W,41,W,E,17,11,76,53,1024.6,1020.9,3,5,13.0,20.7,Yes,No,No,2009-05-02,True,1.0,0,0,2009,2,5,May,2009-05,Spring,16.35,12.3,0,1,Moderate,Moderate (30-45 km/h),West
453,2009-05-02,10.9,22.0,0.0,2.2,9.4,W,41,W,S,22,22,61,56,1025.1,1022.7,1,2,14.0,20.8,No,Yes,Yes,2009-05-03,True,1.0,0,0,2009,2,5,May,2009-05,Spring,16.45,11.1,0,0,None,Moderate (30-45 km/h),West
454,2009-05-03,11.4,20.5,13.0,3.6,7.0,W,41,W,SE,7,6,85,61,1027.8,1025.5,4,2,12.8,20.4,Yes,No,No,2009-05-04,True,1.0,0,0,2009,2,5,May,2009-05,Spring,15.95,9.1,0,1,Heavy,Moderate (30-45 km/h),West
455,2009-05-04,12.1,23.3,0.0,3.2,10.0,W,41,W,E,19,15,84,53,1028.5,1025.5,1,1,14.5,21.6,No,Yes,Yes,2009-05-05,True,1.0,0,0,2009,2,5,May,2009-05,Spring,17.7,11.2,0,0,None,Moderate (30-45 km/h),West
456,2009-05-05,14.0,21.0,1.2,1.8,4.2,W,41,W,S,13,19,86,61,1030.7,1028.3,7,5,14.7,20.5,Yes,No,No,2009-05-06,True,1.0,0,0,2009,2,5,May,2009-05,Spring,17.5,7.0,0,1,Light,Moderate (30-45 km/h),West
457,2009-05-06,12.9,22.9,0.8,3.2,9.7,W,41,W,ENE,11,17,92,61,1028.3,1023.7,2,1,14.1,20.7,No,No,No,2009-05-07,True,1.0,0,0,2009,2,5,May,2009-05,Spring,17.9,10.0,0,0,Light,Moderate (30-45 km/h),West
458,2009-05-07,12.0,22.7,0.0,4.0,10.2,W,41,W,SSE,20,17,67,44,1024.3,1021.7,1,1,15.0,21.6,No,No,No,2009-05-08,True,1.0,0,0,2009,2,5,May,2009-05,Spring,17.35,10.7,0,0,None,Moderate (30-45 km/h),West
459,2009-05-08,12.3,20.9,0.0,2.6,9.5,W,41,W,S,20,24,71,61,1027.5,1025.0,1,2,14.9,19.6,No,No,No,2009-05-09,True,1.0,0,0,2009,2,5,May,2009-05,Spring,16.6,8.6,0,0,None,Moderate (30-45 km/h),West
460,2009-05-09,11.1,22.8,0.0,4.4,9.8,W,41,W,E,19,9,74,46,1024.2,1020.4,1,1,13.4,21.0,No,No,No,2009-05-10,True,1.0,0,0,2009,2,5,May,2009-05,Spring,16.95,11.7,0,0,None,Moderate (30-45 km/h),West
461,2009-05-10,13.0,20.1,0.8,3.4,3.4,W,41,SSW,SSE,11,17,86,46,1024.6,1023.6,7,5,13.9,19.6,No,Yes,Yes,2009-05-11,True,1.0,0,0,2009,2,5,May,2009-05,Spring,16.55,7.1,0,0,Light,Moderate (30-45 km/h),West
462,2009-05-11,11.8,18.9,1.4,3.4,6.4,W,41,W,SW,15,2,74,55,1025.2,1022.4,6,5,14.3,17.4,Yes,No,No,2009-05-12,True,1.0,0,0,2009,2,5,May,2009-05,Spring,15.35,7.1,0,1,Light,Moderate (30-45 km/h),West
463,2009-05-12,9.6,20.1,0.0,2.6,5.5,W,41,W,S,19,11,78,51,1021.6,1018.1,1,6,12.0,18.5,No,No,No,2009-05-13,True,1.0,0,0,2009,2,5,May,2009-05,Spring,14.85,10.5,0,0,None,Moderate (30-45 km/h),West
464,2009-05-13,10.4,21.3,0.0,1.6,9.7,W,41,W,WNW,22,11,80,39,1016.8,1012.8,1,1,12.4,20.9,No,No,No,2009-05-14,True,1.0,0,0,2009,2,5,May,2009-05,Spring,15.85,10.9,0,0,None,Moderate (30-45 km/h),West
465,2009-05-14,11.1,21.5,0.0,2.6,10.1,W,41,NW,W,17,35,50,31,1012.6,1010.6,1,1,15.2,20.5,No,No,No,2009-05-15,True,1.0,0,0,2009,2,5,May,2009-05,Spring,16.3,10.4,0,0,None,Moderate (30-45 km/h),West
466,2009-05-15,12.4,21.7,0.0,6.2,8.7,W,41,W,W,15,30,58,34,1012.8,1009.7,1,2,14.2,21.4,No,No,No,2009-05-16,True,1.0,0,0,2009,2,5,May,2009-05,Spring,17.05,9.3,0,0,None,Moderate (30-45 km/h),West
467,2009-05-16,14.2,21.7,0.0,5.0,7.8,W,41,W,WSW,24,30,49,38,1008.2,1008.1,7,7,18.7,21.7,No,No,No,2009-05-17,True,1.0,0,0,2009,2,5,May,2009-05,Spring,17.95,7.5,0,0,None,Moderate (30-45 km/h),West
468,2009-05-17,11.4,20.7,0.0,4.8,9.7,W,41,W,SE,15,15,64,40,1018.7,1017.7,1,1,13.0,19.6,No,No,No,2009-05-18,True,1.0,0,0,2009,2,5,May,2009-05,Spring,16.05,9.3,0,0,None,Moderate (30-45 km/h),West
469,2009-05-18,10.5,20.9,0.0,2.6,5.2,W,41,W,ESE,19,17,74,52,1025.7,1023.3,3,5,13.2,19.7,No,Yes,Yes,2009-05-19,True,1.0,0,0,2009,2,5,May,2009-05,Spring,15.7,10.4,0,0,None,Moderate (30-45 km/h),West
470,2009-05-19,13.0,21.4,2.6,2.4,4.4,W,41,W,E,15,20,91,53,1024.5,1021.4,6,6,14.5,20.0,Yes,Yes,Yes,2009-05-20,True,1.0,0,0,2009,2,5,May,2009-05,Spring,17.2,8.4,0,1,Moderate,Moderate (30-45 km/h),West
471,2009-05-20,14.5,21.2,20.2,4.4,3.0,W,41,E,ESE,33,31,68,62,1022.1,1020.1,7,7,19.2,20.4,Yes,Yes,Yes,2009-05-21,True,1.0,0,0,2009,2,5,May,2009-05,Spring,17.85,6.7,0,1,Heavy,Moderate (30-45 km/h),West
472,2009-05-21,14.8,19.7,27.2,1.8,0.2,W,41,W,E,15,19,53,62,1023.9,1022.0,7,7,19.2,18.7,Yes,Yes,Yes,2009-05-22,True,1.0,0,0,2009,2,5,May,2009-05,Spring,17.25,4.9,0,1,Heavy,Moderate (30-45 km/h),West
473,2009-05-22,15.6,19.6,4.6,6.6,0.0,W,41,W,E,15,19,59,85,1023.6,1020.8,8,8,19.1,17.5,Yes,Yes,Yes,2009-05-23,True,1.0,0,0,2009,2,5,May,2009-05,Spring,17.6,4.0,0,1,Moderate,Moderate (30-45 km/h),West
474,2009-05-23,15.4,20.8,17.6,5.0,6.0,W,41,W,E,15,19,66,80,1023.6,1023.3,5,8,19.6,18.1,Yes,Yes,Yes,2009-05-24,True,1.0,0,0,2009,2,5,May,2009-05,Spring,18.1,5.4,0,1,Heavy,Moderate (30-45 km/h),West
475,2009-05-24,17.4,21.3,1.6,4.4,7.4,W,41,W,E,15,19,52,48,1026.8,1025.4,5,5,19.7,20.7,Yes,No,No,2009-05-25,True,1.0,0,0,2009,2,5,May,2009-05,Spring,19.35,3.9,0,1,Light,Moderate (30-45 km/h),West
476,2009-05-25,13.6,20.3,0.0,3.6,2.2,W,41,W,E,15,19,82,61,1025.8,1023.2,7,7,15.4,19.4,No,No,No,2009-05-26,True,1.0,0,0,2009,2,5,May,2009-05,Spring,16.95,6.7,0,0,None,Moderate (30-45 km/h),West
477,2009-05-26,12.8,23.4,0.0,0.6,8.4,W,41,W,E,15,11,89,57,1022.3,1018.9,1,1,13.9,21.6,No,No,No,2009-05-27,True,1.0,0,0,2009,2,5,May,2009-05,Spring,18.1,10.6,0,0,None,Moderate (30-45 km/h),West
478,2009-05-27,13.9,16.9,0.0,3.0,0.1,W,41,W,W,15,6,88,86,1020.4,1018.4,7,8,15.3,16.3,No,Yes,Yes,2009-05-28,True,1.0,0,0,2009,2,5,May,2009-05,Spring,15.4,3.0,0,0,None,Moderate (30-45 km/h),West
479,2009-05-28,12.0,19.2,3.6,0.4,7.7,W,41,W,S,17,22,92,72,1021.4,1020.2,3,5,13.5,17.1,Yes,No,No,2009-05-29,True,1.0,0,0,2009,2,5,May,2009-05,Spring,15.6,7.2,0,1,Moderate,Moderate (30-45 km/h),West
480,2009-05-29,11.4,17.5,0.0,2.4,6.1,W,41,W,S,20,26,65,65,1023.3,1022.3,3,7,12.4,16.6,No,Yes,Yes,2009-05-30,True,1.0,0,0,2009,2,5,May,2009-05,Spring,14.45,6.1,0,0,None,Moderate (30-45 km/h),West
481,2009-05-30,9.9,16.5,15.0,4.6,4.0,W,41,W,SSW,19,13,82,78,1028.2,1027.1,8,6,11.7,15.9,Yes,Yes,Yes,2009-05-31,True,1.0,0,0,2009,2,5,May,2009-05,Spring,13.2,6.6,0,1,Heavy,Moderate (30-45 km/h),West
482,2009-05-31,11.6,18.8,10.6,1.2,2.8,W,41,E,E,24,24,86,67,1033.3,1031.9,6,7,14.5,16.8,Yes,No,No,2009-06-01,True,1.0,0,0,2009,2,5,May,2009-05,Spring,15.2,7.2,0,1,Heavy,Moderate (30-45 km/h),West
483,2009-06-01,13.1,16.8,0.6,3.0,0.0,W,41,W,E,17,2,83,67,1032.9,1030.4,7,8,13.3,16.1,No,No,No,2009-06-02,True,1.0,0,0,2009,2,6,Jun,2009-06,Summer,14.95,3.7,0,0,Light,Moderate (30-45 km/h),West
484,2009-06-02,12.5,19.1,0.0,1.2,3.4,W,41,WNW,ENE,13,15,91,68,1030.1,1027.1,7,7,13.7,18.5,No,Yes,Yes,2009-06-03,True,1.0,0,0,2009,2,6,Jun,2009-06,Summer,15.8,6.6,0,0,None,Moderate (30-45 km/h),West
485,2009-06-03,13.7,18.5,8.0,2.8,0.1,W,41,SE,E,6,19,89,87,1025.9,1022.3,8,7,16.0,17.6,Yes,Yes,Yes,2009-06-04,True,1.0,0,0,2009,2,6,Jun,2009-06,Summer,16.1,4.8,0,1,Moderate,Moderate (30-45 km/h),West
486,2009-06-04,13.1,17.0,10.4,0.0,0.6,W,41,W,ENE,15,2,97,86,1020.7,1016.8,7,7,13.4,16.8,Yes,No,No,2009-06-05,True,1.0,0,0,2009,2,6,Jun,2009-06,Summer,15.05,3.9,0,1,Heavy,Moderate (30-45 km/h),West
487,2009-06-05,13.1,18.5,0.6,1.0,3.5,W,41,W,W,17,15,93,55,1014.7,1012.4,4,6,14.5,18.4,No,No,No,2009-06-06,True,1.0,0,0,2009,2,6,Jun,2009-06,Summer,15.8,5.4,0,0,Light,Moderate (30-45 km/h),West
488,2009-06-06,9.3,19.0,0.0,2.2,9.8,W,41,W,WNW,17,7,71,45,1014.1,1010.1,1,1,11.6,18.7,No,No,No,2009-06-07,True,1.0,0,0,2009,2,6,Jun,2009-06,Summer,14.15,9.7,0,0,None,Moderate (30-45 km/h),West
489,2009-06-07,10.7,19.8,0.2,3.8,6.6,W,41,NW,WNW,13,19,80,42,1008.2,1004.8,6,3,12.6,18.7,No,No,No,2009-06-08,True,1.0,0,0,2009,2,6,Jun,2009-06,Summer,15.25,9.1,0,0,Light,Moderate (30-45 km/h),West
490,2009-06-08,11.4,19.2,0.0,3.2,9.0,W,41,NNW,W,13,22,63,34,1009.8,1007.3,2,2,13.8,18.6,No,No,No,2009-06-09,True,1.0,0,0,2009,2,6,Jun,2009-06,Summer,15.3,7.8,0,0,None,Moderate (30-45 km/h),West
491,2009-06-09,10.0,16.2,0.0,2.6,6.0,W,41,W,WNW,17,22,62,44,1011.5,1008.3,3,7,11.7,15.0,No,No,No,2009-06-10,True,1.0,0,0,2009,2,6,Jun,2009-06,Summer,13.1,6.2,0,0,None,Moderate (30-45 km/h),West
492,2009-06-10,9.7,14.2,0.0,4.4,9.6,W,41,W,WSW,35,31,37,32,1012.2,1012.5,1,1,10.5,13.6,No,No,No,2009-06-11,True,1.0,0,0,2009,2,6,Jun,2009-06,Summer,11.95,4.5,0,0,None,Moderate (30-45 km/h),West
493,2009-06-11,6.1,15.8,0.0,4.0,9.8,W,41,W,W,26,22,48,28,1020.9,1018.2,1,1,7.9,15.4,No,No,No,2009-06-12,True,1.0,0,0,2009,2,6,Jun,2009-06,Summer,10.95,9.7,0,0,None,Moderate (30-45 km/h),West
494,2009-06-12,6.2,17.1,0.0,3.0,9.4,W,41,W,W,22,4,67,41,1024.3,1020.2,1,7,8.2,17.1,No,No,No,2009-06-13,True,1.0,0,0,2009,2,6,Jun,2009-06,Summer,11.65,10.9,0,0,None,Moderate (30-45 km/h),West
495,2009-06-13,7.8,18.5,0.0,2.6,4.6,W,41,W,WNW,9,7,70,40,1017.7,1014.0,7,7,9.4,16.8,No,No,No,2009-06-14,True,1.0,0,0,2009,2,6,Jun,2009-06,Summer,13.15,10.7,0,0,None,Moderate (30-45 km/h),West
496,2009-06-14,9.4,15.6,0.0,3.4,0.3,W,41,W,NNE,6,2,74,61,1014.5,1011.9,7,7,11.0,14.4,No,Yes,Yes,2009-06-15,True,1.0,0,0,2009,2,6,Jun,2009-06,Summer,12.5,6.2,0,0,None,Moderate (30-45 km/h),West
497,2009-06-15,8.2,19.8,1.2,0.8,8.6,W,41,W,SSW,15,7,79,40,1013.1,1010.6,1,3,10.2,18.4,Yes,No,No,2009-06-16,True,1.0,0,0,2009,2,6,Jun,2009-06,Summer,14.0,11.6,0,1,Light,Moderate (30-45 km/h),West
498,2009-06-16,9.2,16.3,0.6,3.0,0.5,W,41,SW,S,17,19,81,88,1017.9,1020.1,6,7,13.1,13.6,No,Yes,Yes,2009-06-17,True,1.0,0,0,2009,2,6,Jun,2009-06,Summer,12.75,7.1,0,0,Light,Moderate (30-45 km/h),West
499,2009-06-17,10.5,15.6,29.8,0.8,3.3,W,41,W,WSW,19,6,92,87,1027.6,1026.5,7,6,11.2,14.2,Yes,Yes,Yes,2009-06-18,True,1.0,0,0,2009,2,6,Jun,2009-06,Summer,13.05,5.1,0,1,Heavy,Moderate (30-45 km/h),West
500,2009-06-18,10.1,15.4,7.8,1.0,3.3,W,41,W,E,11,9,95,85,1030.0,1028.1,7,7,10.7,14.2,Yes,Yes,Yes,2009-06-19,True,1.0,0,0,2009,2,6,Jun,2009-06,Summer,12.75,5.3,0,1,Moderate,Moderate (30-45 km/h),West
501,2009-06-19,9.2,18.0,23.6,1.4,7.2,W,41,ENE,E,11,19,95,46,1030.2,1028.0,6,5,10.9,17.8,Yes,No,No,2009-06-20,True,1.0,0,0,2009,2,6,Jun,2009-06,Summer,13.6,8.8,0,1,Heavy,Moderate (30-45 km/h),West
502,2009-06-20,10.9,16.0,0.2,3.8,0.6,W,41,W,NNE,15,11,95,87,1028.0,1024.6,6,8,11.7,15.5,No,Yes,Yes,2009-06-21,True,1.0,0,0,2009,2,6,Jun,2009-06,Summer,13.45,5.1,0,0,Light,Moderate (30-45 km/h),West
503,2009-06-21,11.7,19.1,31.8,0.6,1.9,W,41,W,NE,4,11,93,82,1023.9,1020.7,7,7,14.1,17.8,Yes,Yes,Yes,2009-06-22,True,1.0,0,0,2009,2,6,Jun,2009-06,Summer,15.4,7.4,0,1,Heavy,Moderate (30-45 km/h),West
504,2009-06-22,14.1,21.0,12.2,1.8,6.7,W,41,WNW,NE,9,4,96,59,1020.3,1017.7,7,2,15.1,20.6,Yes,No,No,2009-06-23,True,1.0,0,0,2009,2,6,Jun,2009-06,Summer,17.55,6.9,0,1,Heavy,Moderate (30-45 km/h),West
505,2009-06-23,10.1,19.6,0.0,1.6,9.5,W,41,W,E,13,11,91,58,1019.9,1016.7,1,1,11.2,18.8,No,No,No,2009-06-24,True,1.0,0,0,2009,2,6,Jun,2009-06,Summer,14.85,9.5,0,0,None,Moderate (30-45 km/h),West
506,2009-06-24,9.1,18.9,0.0,1.4,6.3,W,41,NNW,E,7,7,86,49,1015.2,1010.7,7,1,10.7,18.6,No,No,No,2009-06-25,True,1.0,0,0,2009,2,6,Jun,2009-06,Summer,14.0,9.8,0,0,None,Moderate (30-45 km/h),West
507,2009-06-25,8.7,16.9,0.0,2.2,6.5,W,41,WNW,WNW,13,13,69,50,1014.6,1012.2,6,7,11.9,15.8,No,No,No,2009-06-26,True,1.0,0,0,2009,2,6,Jun,2009-06,Summer,12.8,8.2,0,0,None,Moderate (30-45 km/h),West
508,2009-06-26,8.7,18.6,0.0,1.8,8.8,W,41,W,ENE,15,11,76,51,1012.7,1009.2,3,7,10.7,16.6,No,No,No,2009-06-27,True,1.0,0,0,2009,2,6,Jun,2009-06,Summer,13.65,9.9,0,0,None,Moderate (30-45 km/h),West
509,2009-06-27,9.4,15.8,0.0,2.2,0.2,W,41,WNW,N,7,9,84,79,1008.1,1005.4,7,7,10.4,15.1,No,No,No,2009-06-28,True,1.0,0,0,2009,2,6,Jun,2009-06,Summer,12.6,6.4,0,0,None,Moderate (30-45 km/h),West
510,2009-06-28,10.4,18.7,0.0,2.2,5.3,W,41,W,WNW,11,7,86,54,1006.3,1004.5,4,6,12.4,17.5,No,Yes,Yes,2009-06-29,True,1.0,0,0,2009,2,6,Jun,2009-06,Summer,14.55,8.3,0,0,None,Moderate (30-45 km/h),West
511,2009-06-29,9.6,20.7,2.8,2.0,9.8,W,41,W,W,17,7,67,47,1012.3,1010.3,1,1,12.3,20.4,Yes,No,No,2009-06-30,True,1.0,0,0,2009,2,6,Jun,2009-06,Summer,15.15,11.1,0,1,Moderate,Moderate (30-45 km/h),West
512,2009-06-30,12.3,19.9,0.0,1.4,2.2,W,41,NNW,NNW,28,24,66,54,1013.2,1008.2,7,3,15.6,19.1,No,No,No,2009-07-01,True,1.0,0,0,2009,2,6,Jun,2009-06,Summer,16.1,7.6,0,0,None,Moderate (30-45 km/h),West
513,2009-07-01,15.7,21.2,0.0,4.0,8.6,W,41,W,W,7,28,61,27,1005.8,1004.1,1,1,16.5,20.5,No,No,No,2009-07-02,True,1.0,0,0,2009,3,7,Jul,2009-07,Summer,18.45,5.5,0,0,None,Moderate (30-45 km/h),West
514,2009-07-02,11.0,18.9,0.0,4.8,8.4,W,41,NNW,W,13,33,55,32,1007.9,1006.4,1,1,13.0,17.8,No,No,No,2009-07-03,True,1.0,0,0,2009,3,7,Jul,2009-07,Summer,14.95,7.9,0,0,None,Moderate (30-45 km/h),West
515,2009-07-03,11.1,16.2,0.0,5.6,9.4,W,41,W,W,44,37,50,41,1003.5,1004.0,1,4,12.3,14.5,No,No,No,2009-07-04,True,1.0,0,0,2009,3,7,Jul,2009-07,Summer,13.65,5.1,0,0,None,Moderate (30-45 km/h),West
516,2009-07-04,8.5,17.1,0.0,3.8,9.8,W,41,W,W,15,30,59,34,1012.5,1011.1,1,1,10.1,16.7,No,No,No,2009-07-05,True,1.0,0,0,2009,3,7,Jul,2009-07,Summer,12.8,8.6,0,0,None,Moderate (30-45 km/h),West
517,2009-07-05,10.1,18.1,0.0,3.0,9.8,W,41,W,S,20,11,54,32,1016.4,1016.4,2,1,11.8,17.2,No,No,No,2009-07-06,True,1.0,0,0,2009,3,7,Jul,2009-07,Summer,14.1,8.0,0,0,None,Moderate (30-45 km/h),West
518,2009-07-06,6.2,15.7,0.0,3.0,6.5,W,41,W,WSW,19,7,74,48,1020.8,1017.8,6,6,7.5,14.8,No,No,No,2009-07-07,True,1.0,0,0,2009,3,7,Jul,2009-07,Summer,10.95,9.5,0,0,None,Moderate (30-45 km/h),West
519,2009-07-07,7.5,15.1,0.6,2.6,3.9,W,41,W,SSW,19,19,81,60,1025.0,1024.1,6,7,9.0,14.7,No,Yes,Yes,2009-07-08,True,1.0,0,0,2009,3,7,Jul,2009-07,Summer,11.3,7.6,0,0,Light,Moderate (30-45 km/h),West
520,2009-07-08,8.6,16.8,13.8,2.6,3.2,W,41,WNW,ESE,15,4,96,61,1029.6,1028.2,7,6,10.5,15.4,Yes,Yes,Yes,2009-07-09,True,1.0,0,0,2009,3,7,Jul,2009-07,Summer,12.7,8.2,0,1,Heavy,Moderate (30-45 km/h),West
521,2009-07-09,9.1,17.6,6.2,0.4,4.4,W,41,WNW,ESE,13,30,96,63,1030.9,1028.5,7,5,10.3,16.2,Yes,Yes,Yes,2009-07-10,True,1.0,0,0,2009,3,7,Jul,2009-07,Summer,13.35,8.5,0,1,Moderate,Moderate (30-45 km/h),West
522,2009-07-10,9.5,18.6,8.8,1.8,8.4,W,41,W,SSE,13,20,97,65,1028.1,1024.7,5,6,10.8,16.8,Yes,No,No,2009-07-11,True,1.0,0,0,2009,3,7,Jul,2009-07,Summer,14.05,9.1,0,1,Moderate,Moderate (30-45 km/h),West
523,2009-07-11,9.1,16.4,0.0,2.0,3.6,W,41,W,ENE,13,13,94,58,1022.6,1018.6,7,7,10.3,15.8,No,No,No,2009-07-12,True,1.0,0,0,2009,3,7,Jul,2009-07,Summer,12.75,7.3,0,0,None,Moderate (30-45 km/h),West
524,2009-07-12,10.3,16.8,0.0,1.4,2.3,W,41,W,N,9,26,80,56,1014.6,1009.4,7,6,11.8,16.7,No,No,No,2009-07-13,True,1.0,0,0,2009,3,7,Jul,2009-07,Summer,13.55,6.5,0,0,None,Moderate (30-45 km/h),West
525,2009-07-13,11.6,17.4,0.2,2.4,2.8,W,41,W,N,9,7,67,53,1007.5,1005.9,6,6,14.5,16.8,No,No,No,2009-07-14,True,1.0,0,0,2009,3,7,Jul,2009-07,Summer,14.5,5.8,0,0,Light,Moderate (30-45 km/h),West
526,2009-07-14,10.2,17.2,0.0,3.2,9.7,W,41,W,WNW,15,28,68,34,1007.4,1004.4,1,1,12.1,16.8,No,No,No,2009-07-15,True,1.0,0,0,2009,3,7,Jul,2009-07,Summer,13.7,7.0,0,0,None,Moderate (30-45 km/h),West
527,2009-07-15,6.7,17.3,0.0,2.6,6.9,W,41,W,NW,17,7,79,42,1010.1,1008.2,3,4,8.9,17.0,No,No,No,2009-07-16,True,1.0,0,0,2009,3,7,Jul,2009-07,Summer,12.0,10.6,0,0,None,Moderate (30-45 km/h),West
528,2009-07-16,8.1,16.5,0.0,2.0,2.5,W,41,W,SW,24,22,78,47,1012.3,1010.3,6,7,9.2,14.5,No,Yes,Yes,2009-07-17,True,1.0,0,0,2009,3,7,Jul,2009-07,Summer,12.3,8.4,0,0,None,Moderate (30-45 km/h),West
529,2009-07-17,9.2,15.8,7.0,3.2,4.5,W,41,W,SSW,20,22,80,59,1019.2,1019.2,3,6,10.7,15.1,Yes,No,No,2009-07-18,True,1.0,0,0,2009,3,7,Jul,2009-07,Summer,12.5,6.6,0,1,Moderate,Moderate (30-45 km/h),West
530,2009-07-18,8.0,18.6,0.0,3.0,9.8,W,41,W,WNW,15,6,84,42,1022.5,1018.4,1,1,9.0,18.4,No,No,No,2009-07-19,True,1.0,0,0,2009,3,7,Jul,2009-07,Summer,13.3,10.6,0,0,None,Moderate (30-45 km/h),West
531,2009-07-19,8.0,19.9,0.0,2.2,9.4,W,41,W,WNW,9,11,66,37,1021.1,1019.2,2,1,10.2,19.5,No,No,No,2009-07-20,True,1.0,0,0,2009,3,7,Jul,2009-07,Summer,13.95,11.9,0,0,None,Moderate (30-45 km/h),West
532,2009-07-20,8.2,21.3,0.0,2.6,10.0,W,41,W,N,15,13,72,34,1025.1,1020.4,0,0,10.3,21.2,No,No,No,2009-07-21,True,1.0,0,0,2009,3,7,Jul,2009-07,Summer,14.75,13.1,0,0,None,Moderate (30-45 km/h),West
533,2009-07-21,8.8,23.4,0.0,5.4,10.0,W,41,W,E,15,11,68,43,1021.2,1015.7,0,1,11.2,21.3,No,No,No,2009-07-22,True,1.0,0,0,2009,3,7,Jul,2009-07,Summer,16.1,14.6,0,0,None,Moderate (30-45 km/h),West
534,2009-07-22,11.2,24.7,0.0,4.8,8.0,W,41,NW,NNW,15,24,54,39,1011.5,1005.4,2,4,19.7,24.0,No,Yes,Yes,2009-07-23,True,1.0,0,0,2009,3,7,Jul,2009-07,Summer,17.95,13.5,0,0,None,Moderate (30-45 km/h),West
535,2009-07-23,11.4,18.3,3.6,5.6,8.1,W,41,NNW,SSW,4,19,62,42,1012.7,1014.5,1,4,13.6,16.4,Yes,No,No,2009-07-24,True,1.0,0,0,2009,3,7,Jul,2009-07,Summer,14.85,6.9,0,1,Moderate,Moderate (30-45 km/h),West
536,2009-07-24,8.4,17.5,0.6,2.2,9.4,W,41,W,E,20,9,62,51,1026.0,1024.6,1,2,9.9,16.1,No,No,No,2009-07-25,True,1.0,0,0,2009,3,7,Jul,2009-07,Summer,12.95,9.1,0,0,Light,Moderate (30-45 km/h),West
537,2009-07-25,7.6,18.6,0.0,1.8,9.9,W,41,W,ENE,15,17,81,54,1026.1,1022.1,0,1,8.9,15.5,No,No,No,2009-07-26,True,1.0,0,0,2009,3,7,Jul,2009-07,Summer,13.1,11.0,0,0,None,Moderate (30-45 km/h),West
538,2009-07-26,8.9,15.3,0.0,5.8,0.3,W,41,W,W,4,9,83,68,1019.1,1014.2,7,8,9.9,14.1,No,Yes,Yes,2009-07-27,True,1.0,0,0,2009,3,7,Jul,2009-07,Summer,12.1,6.4,0,0,None,Moderate (30-45 km/h),West
539,2009-07-27,8.3,18.9,12.2,0.4,9.0,W,41,W,WSW,19,17,72,34,1016.3,1015.4,1,1,10.5,18.8,Yes,No,No,2009-07-28,True,1.0,0,0,2009,3,7,Jul,2009-07,Summer,13.6,10.6,0,1,Heavy,Moderate (30-45 km/h),West
540,2009-07-28,8.1,18.7,0.0,3.6,10.0,W,41,W,WSW,11,20,63,38,1022.5,1020.2,1,1,11.2,17.9,No,No,No,2009-07-29,True,1.0,0,0,2009,3,7,Jul,2009-07,Summer,13.4,10.6,0,0,None,Moderate (30-45 km/h),West
541,2009-07-29,9.5,19.5,0.0,2.2,9.1,W,41,WNW,WSW,17,9,61,41,1024.3,1022.3,1,5,11.3,18.7,No,No,No,2009-07-30,True,1.0,0,0,2009,3,7,Jul,2009-07,Summer,14.5,10.0,0,0,None,Moderate (30-45 km/h),West
542,2009-07-30,8.5,18.9,0.0,4.0,9.5,W,41,W,W,22,15,65,39,1024.4,1019.3,1,1,10.7,18.7,No,No,No,2009-07-31,True,1.0,0,0,2009,3,7,Jul,2009-07,Summer,13.7,10.4,0,0,None,Moderate (30-45 km/h),West
543,2009-07-31,9.2,19.7,0.0,3.0,8.5,W,41,NNW,W,9,22,66,38,1020.0,1017.9,5,2,12.8,18.4,No,No,No,2009-08-01,True,1.0,0,0,2009,3,7,Jul,2009-07,Summer,14.45,10.5,0,0,None,Moderate (30-45 km/h),West
544,2009-08-01,9.2,19.2,0.0,3.8,10.2,W,41,W,WNW,20,11,60,33,1025.4,1021.4,0,1,11.5,18.8,No,No,No,2009-08-02,True,1.0,0,0,2009,3,8,Aug,2009-08,Summer,14.2,10.0,0,0,None,Moderate (30-45 km/h),West
545,2009-08-02,7.9,19.2,0.0,4.0,10.1,W,41,W,E,20,13,63,46,1027.7,1022.7,1,1,10.2,17.3,No,No,No,2009-08-03,True,1.0,0,0,2009,3,8,Aug,2009-08,Summer,13.55,11.3,0,0,None,Moderate (30-45 km/h),West
546,2009-08-03,8.3,20.5,0.0,4.0,8.8,W,41,WNW,W,13,22,58,29,1020.3,1019.6,3,6,13.4,19.9,No,No,No,2009-08-04,True,1.0,0,0,2009,3,8,Aug,2009-08,Summer,14.4,12.2,0,0,None,Moderate (30-45 km/h),West
547,2009-08-04,10.0,19.8,0.0,3.2,5.1,W,41,W,W,11,13,70,33,1021.7,1017.4,7,3,11.7,18.2,No,No,No,2009-08-05,True,1.0,0,0,2009,3,8,Aug,2009-08,Summer,14.9,9.8,0,0,None,Moderate (30-45 km/h),West
548,2009-08-05,7.6,19.3,0.0,2.8,9.9,W,41,W,ESE,17,15,69,40,1022.8,1020.4,4,1,10.5,17.5,No,No,No,2009-08-06,True,1.0,0,0,2009,3,8,Aug,2009-08,Summer,13.45,11.7,0,0,None,Moderate (30-45 km/h),West
549,2009-08-06,8.0,19.5,0.0,2.0,9.2,W,41,W,NE,13,15,73,55,1023.6,1019.2,7,3,11.2,17.6,No,No,No,2009-08-07,True,1.0,0,0,2009,3,8,Aug,2009-08,Summer,13.75,11.5,0,0,None,Moderate (30-45 km/h),West
550,2009-08-07,11.0,23.5,0.0,4.8,8.9,W,41,NNW,WNW,22,24,47,21,1015.8,1009.4,3,4,15.4,23.2,No,No,No,2009-08-08,True,1.0,0,0,2009,3,8,Aug,2009-08,Summer,17.25,12.5,0,0,None,Moderate (30-45 km/h),West
551,2009-08-08,7.8,16.8,0.0,6.4,9.9,W,41,W,S,22,17,46,41,1023.4,1020.8,2,1,9.8,15.9,No,No,No,2009-08-09,True,1.0,0,0,2009,3,8,Aug,2009-08,Summer,12.3,9.0,0,0,None,Moderate (30-45 km/h),West
552,2009-08-09,5.9,16.8,0.0,2.6,8.4,W,41,W,E,17,15,70,55,1020.8,1017.9,3,4,8.5,16.0,No,No,No,2009-08-10,True,1.0,0,0,2009,3,8,Aug,2009-08,Summer,11.35,10.9,0,0,None,Moderate (30-45 km/h),West
553,2009-08-10,6.8,16.3,0.0,1.8,4.1,W,41,WNW,E,11,15,77,59,1019.8,1017.0,7,8,9.1,15.7,No,No,No,2009-08-11,True,1.0,0,0,2009,3,8,Aug,2009-08,Summer,11.55,9.5,0,0,None,Moderate (30-45 km/h),West
554,2009-08-11,9.1,16.8,0.0,1.2,2.4,W,41,W,N,13,13,81,64,1016.3,1012.5,7,6,11.7,16.3,No,Yes,Yes,2009-08-12,True,1.0,0,0,2009,3,8,Aug,2009-08,Summer,12.95,7.7,0,0,None,Moderate (30-45 km/h),West
555,2009-08-12,8.9,19.8,4.2,1.6,9.7,W,41,W,WNW,19,11,77,32,1012.6,1009.4,4,4,11.9,19.6,Yes,No,No,2009-08-13,True,1.0,0,0,2009,3,8,Aug,2009-08,Summer,14.35,10.9,0,1,Moderate,Moderate (30-45 km/h),West
556,2009-08-13,9.0,21.0,0.0,5.4,10.2,W,41,W,WSW,9,19,63,35,1014.1,1011.7,0,1,12.8,20.5,No,No,No,2009-08-14,True,1.0,0,0,2009,3,8,Aug,2009-08,Summer,15.0,12.0,0,0,None,Moderate (30-45 km/h),West
557,2009-08-14,10.8,21.0,0.0,3.0,9.9,W,41,W,E,20,17,61,62,1019.1,1016.5,3,1,14.0,17.9,No,No,No,2009-08-15,True,1.0,0,0,2009,3,8,Aug,2009-08,Summer,15.9,10.2,0,0,None,Moderate (30-45 km/h),West
558,2009-08-15,8.7,22.1,0.0,3.2,10.5,W,41,WNW,WNW,13,9,77,35,1019.6,1016.2,0,0,11.1,22.1,No,No,No,2009-08-16,True,1.0,0,0,2009,3,8,Aug,2009-08,Summer,15.4,13.4,0,0,None,Moderate (30-45 km/h),West
559,2009-08-16,9.4,25.7,0.0,2.0,10.2,W,41,W,NE,6,19,66,27,1015.7,1009.0,1,2,13.0,25.2,No,No,No,2009-08-17,True,1.0,0,0,2009,3,8,Aug,2009-08,Summer,17.55,16.3,0,0,None,Moderate (30-45 km/h),West
560,2009-08-17,13.0,22.9,0.0,8.0,10.2,W,41,W,SW,22,13,37,20,1013.4,1013.7,0,1,18.5,22.7,No,No,No,2009-08-18,True,1.0,0,0,2009,3,8,Aug,2009-08,Summer,17.95,9.9,0,0,None,Moderate (30-45 km/h),West
561,2009-08-18,9.0,18.9,0.0,6.2,10.4,W,41,W,E,19,15,48,45,1028.0,1026.3,1,1,12.1,17.0,No,No,No,2009-08-19,True,1.0,0,0,2009,3,8,Aug,2009-08,Summer,13.95,9.9,0,0,None,Moderate (30-45 km/h),West
562,2009-08-19,7.8,17.9,0.0,4.2,10.4,W,41,WNW,NE,13,20,70,50,1027.7,1023.2,0,1,10.8,17.5,No,No,No,2009-08-20,True,1.0,0,0,2009,3,8,Aug,2009-08,Summer,12.85,10.1,0,0,None,Moderate (30-45 km/h),West
563,2009-08-20,9.9,21.1,0.0,2.8,4.9,W,41,W,E,13,13,74,58,1019.5,1014.2,7,2,12.2,19.0,No,No,No,2009-08-21,True,1.0,0,0,2009,3,8,Aug,2009-08,Summer,15.5,11.2,0,0,None,Moderate (30-45 km/h),West
564,2009-08-21,11.1,25.0,0.0,4.0,4.8,W,41,N,NNE,13,20,47,33,1009.2,1002.1,2,6,18.4,25.0,No,No,No,2009-08-22,True,1.0,0,0,2009,3,8,Aug,2009-08,Summer,18.05,13.9,0,0,None,Moderate (30-45 km/h),West
565,2009-08-22,14.5,20.8,0.0,7.0,6.3,W,41,SSW,ENE,7,17,51,47,1012.7,1009.9,7,2,15.3,17.9,No,No,No,2009-08-23,True,1.0,0,0,2009,3,8,Aug,2009-08,Summer,17.65,6.3,0,0,None,Moderate (30-45 km/h),West
566,2009-08-23,13.3,25.1,0.0,3.6,10.2,W,41,W,ENE,13,17,64,51,1012.0,1007.8,1,2,17.0,22.3,No,No,No,2009-08-24,True,1.0,0,0,2009,3,8,Aug,2009-08,Summer,19.2,11.8,0,0,None,Moderate (30-45 km/h),West
567,2009-08-24,17.0,23.9,0.0,5.6,3.5,W,41,W,NW,26,19,47,59,1006.1,1005.9,2,8,23.3,18.9,No,Yes,Yes,2009-08-25,True,1.0,0,0,2009,3,8,Aug,2009-08,Summer,20.45,6.9,0,0,None,Moderate (30-45 km/h),West
568,2009-08-25,15.6,20.2,1.6,5.0,10.5,W,41,W,WNW,31,22,29,26,1007.1,1006.8,1,1,15.8,19.5,Yes,No,No,2009-08-26,True,1.0,0,0,2009,3,8,Aug,2009-08,Summer,17.9,4.6,0,1,Light,Moderate (30-45 km/h),West
569,2009-08-26,12.0,21.6,0.0,8.4,10.9,W,41,WNW,WNW,13,24,32,20,1013.1,1010.8,0,0,15.1,21.3,No,No,No,2009-08-27,True,1.0,0,0,2009,3,8,Aug,2009-08,Summer,16.8,9.6,0,0,None,Moderate (30-45 km/h),West
570,2009-08-27,11.3,20.9,0.0,6.0,11.0,W,41,E,NE,4,17,44,37,1017.6,1013.5,0,0,16.0,20.4,No,No,No,2009-08-28,True,1.0,0,0,2009,3,8,Aug,2009-08,Summer,16.1,9.6,0,0,None,Moderate (30-45 km/h),West
571,2009-08-28,10.6,24.8,0.0,3.2,10.2,W,41,W,NE,2,17,44,21,1016.4,1013.1,0,1,17.2,22.0,No,No,No,2009-08-29,True,1.0,0,0,2009,3,8,Aug,2009-08,Summer,17.7,14.2,0,0,None,Moderate (30-45 km/h),West
572,2009-08-29,14.8,25.7,0.0,9.2,5.2,W,41,NNW,NE,20,15,51,59,1008.9,998.9,8,4,16.6,20.4,No,No,No,2009-08-30,True,1.0,0,0,2009,3,8,Aug,2009-08,Summer,20.25,10.9,0,0,None,Moderate (30-45 km/h),West
573,2009-08-30,13.7,19.5,0.2,9.2,10.9,W,41,W,W,30,30,34,23,1011.4,1010.6,1,1,13.9,18.8,No,No,No,2009-08-31,True,1.0,0,0,2009,3,8,Aug,2009-08,Summer,16.6,5.8,0,0,Light,Moderate (30-45 km/h),West
574,2009-08-31,9.2,21.5,0.0,6.0,10.9,W,41,WNW,W,20,13,40,30,1017.4,1014.0,1,1,14.7,21.4,No,No,No,2009-09-01,True,1.0,0,0,2009,3,8,Aug,2009-08,Summer,15.35,12.3,0,0,None,Moderate (30-45 km/h),West
575,2009-09-01,11.1,22.0,0.0,4.2,10.7,W,41,W,ESE,13,19,49,36,1021.6,1019.6,1,1,16.1,19.2,No,No,No,2009-09-02,True,1.0,0,0,2009,3,9,Sep,2009-09,Autumn,16.55,10.9,0,0,None,Moderate (30-45 km/h),West
576,2009-09-02,9.7,18.7,0.0,3.8,10.9,W,41,WNW,E,11,19,60,58,1024.7,1021.8,0,1,14.4,17.7,No,No,No,2009-09-03,True,1.0,0,0,2009,3,9,Sep,2009-09,Autumn,14.2,9.0,0,0,None,Moderate (30-45 km/h),West
577,2009-09-03,12.0,21.1,0.0,4.6,4.7,W,41,W,W,11,11,80,84,1020.7,1018.9,3,8,15.2,16.3,No,Yes,Yes,2009-09-04,True,1.0,0,0,2009,3,9,Sep,2009-09,Autumn,16.55,9.1,0,0,None,Moderate (30-45 km/h),West
578,2009-09-04,14.7,25.3,6.0,1.8,6.9,W,41,W,WNW,11,13,81,43,1014.8,1010.0,7,5,16.0,25.0,Yes,No,No,2009-09-05,True,1.0,0,0,2009,3,9,Sep,2009-09,Autumn,20.0,10.6,0,1,Moderate,Moderate (30-45 km/h),West
579,2009-09-05,14.7,21.2,0.0,6.4,10.2,W,41,WSW,ESE,19,17,36,35,1016.1,1015.1,2,1,18.2,19.8,No,No,No,2009-09-06,True,1.0,0,0,2009,3,9,Sep,2009-09,Autumn,17.95,6.5,0,0,None,Moderate (30-45 km/h),West
580,2009-09-06,10.4,18.2,0.0,3.8,10.0,W,41,W,ENE,13,26,53,58,1018.9,1014.0,3,1,14.4,17.7,No,No,No,2009-09-07,True,1.0,0,0,2009,3,9,Sep,2009-09,Autumn,14.3,7.8,0,0,None,Moderate (30-45 km/h),West
581,2009-09-07,13.5,19.9,0.0,5.4,2.1,W,41,W,NE,17,28,74,57,1008.5,1000.8,7,6,14.6,19.1,No,Yes,Yes,2009-09-08,True,1.0,0,0,2009,3,9,Sep,2009-09,Autumn,16.7,6.4,0,0,None,Moderate (30-45 km/h),West
582,2009-09-08,11.6,21.1,5.4,3.6,8.3,W,41,W,ENE,7,11,56,56,1008.2,1007.6,1,6,16.2,17.0,Yes,No,No,2009-09-09,True,1.0,0,0,2009,3,9,Sep,2009-09,Autumn,16.35,9.5,0,1,Moderate,Moderate (30-45 km/h),West
583,2009-09-09,10.3,20.8,0.2,3.6,11.2,W,41,W,WSW,20,26,47,35,1010.2,1008.8,1,3,15.7,20.4,No,No,No,2009-09-10,True,1.0,0,0,2009,3,9,Sep,2009-09,Autumn,15.55,10.5,0,0,Light,Moderate (30-45 km/h),West
584,2009-09-10,10.0,22.2,0.0,5.0,10.9,W,41,W,E,20,24,45,38,1015.9,1013.9,1,1,16.0,19.8,No,No,No,2009-09-11,True,1.0,0,0,2009,3,9,Sep,2009-09,Autumn,16.1,12.2,0,0,None,Moderate (30-45 km/h),West
585,2009-09-11,9.5,22.4,0.0,5.0,10.7,W,41,WNW,E,15,20,50,47,1022.6,1019.4,0,1,15.2,18.4,No,No,No,2009-09-12,True,1.0,0,0,2009,3,9,Sep,2009-09,Autumn,15.95,12.9,0,0,None,Moderate (30-45 km/h),West
586,2009-09-12,11.0,28.5,0.0,6.0,10.9,W,41,WNW,NE,11,9,49,27,1022.5,1019.1,0,0,17.3,25.5,No,No,No,2009-09-13,True,1.0,0,0,2009,3,9,Sep,2009-09,Autumn,19.75,17.5,0,0,None,Moderate (30-45 km/h),West
587,2009-09-13,17.3,32.2,0.0,8.2,10.9,W,41,NNW,E,20,13,24,17,1019.6,1015.5,0,0,25.2,31.9,No,No,No,2009-09-14,True,1.0,0,0,2009,3,9,Sep,2009-09,Autumn,24.75,14.9,0,0,None,Moderate (30-45 km/h),West
588,2009-09-14,18.1,19.7,0.0,7.4,6.2,W,41,S,SSE,30,20,70,60,1021.8,1021.3,5,6,18.5,18.4,No,No,No,2009-09-15,True,1.0,0,0,2009,3,9,Sep,2009-09,Autumn,18.9,1.6,0,0,None,Moderate (30-45 km/h),West
589,2009-09-15,15.4,20.4,0.0,6.4,6.9,W,41,W,NE,9,17,77,66,1021.4,1016.4,7,6,16.9,19.7,No,No,No,2009-09-16,True,1.0,0,0,2009,3,9,Sep,2009-09,Autumn,17.9,5.0,0,0,None,Moderate (30-45 km/h),West
590,2009-09-16,15.6,22.2,0.0,3.4,0.0,W,41,SW,SSE,9,11,80,79,1023.0,1019.7,8,7,17.4,19.5,No,No,No,2009-09-17,True,1.0,0,0,2009,3,9,Sep,2009-09,Autumn,18.9,6.6,0,0,None,Moderate (30-45 km/h),West
591,2009-09-17,14.7,32.1,0.0,1.6,7.6,W,41,SE,NNW,4,31,68,25,1017.0,1010.1,2,6,22.2,31.2,No,No,No,2009-09-18,True,1.0,0,0,2009,3,9,Sep,2009-09,Autumn,23.4,17.4,0,0,None,Moderate (30-45 km/h),West
592,2009-09-18,19.0,23.5,0.0,10.4,10.2,W,41,SW,SE,17,30,43,51,1017.9,1018.4,3,1,22.7,21.2,No,No,No,2009-09-19,True,1.0,0,0,2009,3,9,Sep,2009-09,Autumn,21.25,4.5,0,0,None,Moderate (30-45 km/h),West
593,2009-09-19,13.1,20.8,0.0,5.4,9.7,W,41,W,E,9,20,63,63,1019.2,1013.0,1,3,18.3,19.4,No,No,No,2009-09-20,True,1.0,0,0,2009,3,9,Sep,2009-09,Autumn,16.95,7.7,0,0,None,Moderate (30-45 km/h),West
594,2009-09-20,13.8,24.7,0.0,5.8,8.5,W,41,WNW,NE,9,15,49,30,1014.8,1010.9,4,6,20.7,23.7,No,No,No,2009-09-21,True,1.0,0,0,2009,3,9,Sep,2009-09,Autumn,19.25,10.9,0,0,None,Moderate (30-45 km/h),West
595,2009-09-21,15.7,25.8,0.0,8.2,8.1,W,41,S,E,13,17,69,67,1014.7,1012.0,3,8,18.8,19.3,No,No,No,2009-09-22,True,1.0,0,0,2009,3,9,Sep,2009-09,Autumn,20.75,10.1,0,0,None,Moderate (30-45 km/h),West
596,2009-09-22,17.1,31.7,0.0,3.4,8.2,W,41,NW,NNW,24,31,45,34,1002.8,998.3,0,1,25.8,30.9,No,Yes,Yes,2009-09-23,True,1.0,0,0,2009,3,9,Sep,2009-09,Autumn,24.4,14.6,0,0,None,Moderate (30-45 km/h),West
597,2009-09-23,17.0,21.8,4.4,11.2,8.0,W,41,W,W,30,37,40,36,996.8,997.8,9,3,17.3,20.9,Yes,No,No,2009-09-24,True,1.0,0,0,2009,3,9,Sep,2009-09,Autumn,19.4,4.8,0,1,Moderate,Moderate (30-45 km/h),West
598,2009-09-24,15.1,25.0,0.0,7.6,11.3,W,41,W,WNW,31,17,36,26,1012.1,1009.6,1,1,18.8,24.0,No,No,No,2009-09-25,True,1.0,0,0,2009,3,9,Sep,2009-09,Autumn,20.05,9.9,0,0,None,Moderate (30-45 km/h),West
599,2009-09-25,13.5,25.4,0.0,8.0,11.2,W,41,N,NE,17,24,36,33,1013.5,1007.0,0,0,21.0,22.4,No,No,No,2009-09-26,True,1.0,0,0,2009,3,9,Sep,2009-09,Autumn,19.45,11.9,0,0,None,Moderate (30-45 km/h),West
600,2009-09-26,17.1,19.6,0.0,11.2,9.0,W,41,W,W,15,33,24,19,1004.3,1004.5,1,3,17.7,18.4,No,No,No,2009-09-27,True,1.0,0,0,2009,3,9,Sep,2009-09,Autumn,18.35,2.5,0,0,None,Moderate (30-45 km/h),West
601,2009-09-27,10.1,17.2,0.0,8.0,10.8,W,41,W,W,39,35,30,23,1006.4,1004.1,1,3,13.9,16.9,No,No,No,2009-09-28,True,1.0,0,0,2009,3,9,Sep,2009-09,Autumn,13.65,7.1,0,0,None,Moderate (30-45 km/h),West
602,2009-09-28,11.0,21.4,0.0,8.2,7.8,W,41,W,S,30,9,39,31,1007.6,1005.6,1,3,15.2,19.7,No,No,No,2009-09-29,True,1.0,0,0,2009,3,9,Sep,2009-09,Autumn,16.2,10.4,0,0,None,Moderate (30-45 km/h),West
603,2009-09-29,11.4,21.0,0.0,4.0,11.1,W,41,W,E,17,19,42,45,1014.1,1011.8,1,2,17.0,18.8,No,No,No,2009-09-30,True,1.0,0,0,2009,3,9,Sep,2009-09,Autumn,16.2,9.6,0,0,None,Moderate (30-45 km/h),West
604,2009-09-30,10.9,25.6,0.0,5.4,11.0,W,41,W,ENE,9,20,57,34,1017.7,1012.6,2,3,18.4,22.0,No,No,No,2009-10-01,True,1.0,0,0,2009,3,9,Sep,2009-09,Autumn,18.25,14.7,0,0,None,Moderate (30-45 km/h),West
605,2009-10-01,14.9,33.1,0.0,7.0,10.8,W,41,NW,E,15,19,21,10,1013.4,1007.7,3,1,25.6,32.8,No,No,No,2009-10-02,True,1.0,0,0,2009,4,10,Oct,2009-10,Autumn,24.0,18.2,0,0,None,Moderate (30-45 km/h),West
606,2009-10-02,16.5,20.7,0.0,10.2,0.5,W,41,W,SE,15,15,72,68,1013.4,1010.0,7,8,18.3,19.4,No,Yes,Yes,2009-10-03,True,1.0,0,0,2009,4,10,Oct,2009-10,Autumn,18.6,4.2,0,0,None,Moderate (30-45 km/h),West
607,2009-10-03,13.6,15.2,12.6,3.0,0.0,W,41,SSW,S,22,19,91,89,1011.9,1014.1,8,8,13.8,14.5,Yes,Yes,Yes,2009-10-04,True,1.0,0,0,2009,4,10,Oct,2009-10,Autumn,14.4,1.6,0,1,Heavy,Moderate (30-45 km/h),West
608,2009-10-04,12.9,17.0,38.2,2.4,0.0,W,41,E,E,6,19,88,61,1021.5,1019.8,8,7,13.5,16.6,Yes,Yes,Yes,2009-10-05,True,1.0,0,0,2009,4,10,Oct,2009-10,Autumn,14.95,4.1,0,1,Heavy,Moderate (30-45 km/h),West
609,2009-10-05,13.1,20.2,3.4,1.8,2.2,W,41,W,E,13,11,91,65,1020.3,1017.1,7,7,14.2,18.4,Yes,Yes,Yes,2009-10-06,True,1.0,0,0,2009,4,10,Oct,2009-10,Autumn,16.65,7.1,0,1,Moderate,Moderate (30-45 km/h),West
610,2009-10-06,11.5,19.6,6.6,2.6,6.4,W,41,W,E,22,17,77,64,1020.6,1016.7,6,4,13.5,18.0,Yes,Yes,Yes,2009-10-07,True,1.0,0,0,2009,4,10,Oct,2009-10,Autumn,15.55,8.1,0,1,Moderate,Moderate (30-45 km/h),West
611,2009-10-07,10.6,19.3,7.0,3.6,8.8,W,41,W,WSW,20,22,51,29,1014.2,1011.3,1,5,14.1,18.5,Yes,Yes,Yes,2009-10-08,True,1.0,0,0,2009,4,10,Oct,2009-10,Autumn,14.95,8.7,0,1,Moderate,Moderate (30-45 km/h),West
612,2009-10-08,10.5,17.5,2.2,6.8,7.4,W,41,SW,SSW,26,39,49,48,1018.0,1019.9,6,5,13.8,16.9,Yes,No,No,2009-10-09,True,1.0,0,0,2009,4,10,Oct,2009-10,Autumn,14.0,7.0,0,1,Light,Moderate (30-45 km/h),West
613,2009-10-09,9.6,17.1,0.0,5.2,4.7,W,41,WSW,S,15,17,65,76,1025.4,1026.0,5,6,13.5,13.9,No,Yes,Yes,2009-10-10,True,1.0,0,0,2009,4,10,Oct,2009-10,Autumn,13.35,7.5,0,0,None,Moderate (30-45 km/h),West
614,2009-10-10,8.9,18.6,24.4,3.4,6.7,W,41,W,S,15,19,84,59,1029.7,1027.3,4,7,12.0,17.6,Yes,Yes,Yes,2009-10-11,True,1.0,0,0,2009,4,10,Oct,2009-10,Autumn,13.75,9.7,0,1,Heavy,Moderate (30-45 km/h),West
615,2009-10-11,11.8,19.3,2.2,3.4,6.7,W,41,W,NNE,15,11,91,57,1025.2,1019.8,7,7,13.1,19.2,Yes,No,No,2009-10-12,True,1.0,0,0,2009,4,10,Oct,2009-10,Autumn,15.55,7.5,0,1,Light,Moderate (30-45 km/h),West
616,2009-10-12,11.3,22.6,0.0,4.8,4.7,W,41,E,E,4,6,61,63,1011.8,1006.4,2,8,17.8,21.1,No,No,No,2009-10-13,True,1.0,0,0,2009,4,10,Oct,2009-10,Autumn,16.95,11.3,0,0,None,Moderate (30-45 km/h),West
617,2009-10-13,17.0,24.5,0.0,5.0,11.2,W,41,W,WNW,26,35,38,21,1002.0,998.7,1,2,20.1,24.0,No,No,No,2009-10-14,True,1.0,0,0,2009,4,10,Oct,2009-10,Autumn,20.75,7.5,0,0,None,Moderate (30-45 km/h),West
618,2009-10-14,15.2,22.1,0.0,11.2,8.9,W,41,NW,WNW,20,30,36,34,1000.7,1000.7,1,5,19.7,17.8,No,No,No,2009-10-15,True,1.0,0,0,2009,4,10,Oct,2009-10,Autumn,18.65,6.9,0,0,None,Moderate (30-45 km/h),West
619,2009-10-15,13.8,23.0,0.0,7.6,10.0,W,41,WNW,WNW,11,24,46,28,1008.4,1006.2,6,7,18.8,22.0,No,No,No,2009-10-16,True,1.0,0,0,2009,4,10,Oct,2009-10,Autumn,18.4,9.2,0,0,None,Moderate (30-45 km/h),West
620,2009-10-16,11.8,21.2,0.0,7.4,12.1,W,41,W,W,33,26,42,19,1012.0,1011.8,1,2,15.1,20.5,No,No,No,2009-10-17,True,1.0,0,0,2009,4,10,Oct,2009-10,Autumn,16.5,9.4,0,0,None,Moderate (30-45 km/h),West
621,2009-10-17,11.6,21.2,0.0,8.0,12.2,W,41,WNW,SE,15,20,53,43,1020.8,1020.6,1,1,16.8,20.3,No,Yes,Yes,2009-10-18,True,1.0,0,0,2009,4,10,Oct,2009-10,Autumn,16.4,9.6,0,0,None,Moderate (30-45 km/h),West
622,2009-10-18,13.8,18.8,7.0,5.8,7.9,W,41,ENE,ESE,4,17,80,61,1027.4,1025.3,6,3,15.5,18.5,Yes,No,No,2009-10-19,True,1.0,0,0,2009,4,10,Oct,2009-10,Autumn,16.3,5.0,0,1,Moderate,Moderate (30-45 km/h),West
623,2009-10-19,12.4,20.8,1.0,4.4,12.2,W,41,W,E,7,19,71,57,1027.1,1024.7,1,1,16.6,20.4,No,No,No,2009-10-20,True,1.0,0,0,2009,4,10,Oct,2009-10,Autumn,16.6,8.4,0,1,Light,Moderate (30-45 km/h),West
624,2009-10-20,14.3,23.0,0.0,5.8,12.1,W,41,W,ENE,9,22,71,62,1023.5,1018.7,0,0,19.0,22.0,No,No,No,2009-10-21,True,1.0,0,0,2009,4,10,Oct,2009-10,Autumn,18.65,8.7,0,0,None,Moderate (30-45 km/h),West
625,2009-10-21,15.6,34.6,0.0,7.6,11.6,W,41,WNW,E,15,19,44,28,1019.8,1016.8,1,3,21.1,29.7,No,No,No,2009-10-22,True,1.0,0,0,2009,4,10,Oct,2009-10,Autumn,25.1,19.0,0,0,None,Moderate (30-45 km/h),West
626,2009-10-22,17.9,21.3,0.0,9.4,1.2,W,41,ESE,E,9,17,67,63,1024.9,1022.6,8,7,18.5,20.0,No,No,No,2009-10-23,True,1.0,0,0,2009,4,10,Oct,2009-10,Autumn,19.6,3.4,0,0,None,Moderate (30-45 km/h),West
627,2009-10-23,17.5,22.9,0.0,5.0,11.1,W,41,NNW,E,7,22,66,70,1019.9,1014.7,3,1,21.3,21.6,No,No,No,2009-10-24,True,1.0,0,0,2009,4,10,Oct,2009-10,Autumn,20.2,5.4,0,0,None,Moderate (30-45 km/h),West
628,2009-10-24,16.8,22.1,0.0,7.0,9.2,W,41,SSE,E,17,19,63,56,1019.5,1016.3,4,1,19.7,20.9,No,No,No,2009-10-25,True,1.0,0,0,2009,4,10,Oct,2009-10,Autumn,19.45,5.3,0,0,None,Moderate (30-45 km/h),West
629,2009-10-25,17.9,20.9,0.0,5.6,1.1,W,41,E,WNW,7,7,72,94,1016.0,1015.7,7,8,20.3,16.5,No,Yes,Yes,2009-10-26,True,1.0,0,0,2009,4,10,Oct,2009-10,Autumn,19.4,3.0,0,0,None,Moderate (30-45 km/h),West
630,2009-10-26,14.4,17.0,73.2,4.8,0.0,W,41,SE,SE,31,26,91,60,1023.7,1025.3,8,8,14.7,16.6,Yes,Yes,Yes,2009-10-27,True,1.0,0,1,2009,4,10,Oct,2009-10,Autumn,15.7,2.6,0,1,Extreme,Moderate (30-45 km/h),West
631,2009-10-27,14.7,18.8,1.4,3.8,0.0,W,41,ESE,E,22,13,58,56,1029.5,1027.7,8,8,17.0,18.4,Yes,No,No,2009-10-30,False,1.0,0,0,2009,4,10,Oct,2009-10,Autumn,16.75,4.1,0,1,Light,Moderate (30-45 km/h),West
632,2009-10-30,17.3,23.4,0.0,4.0,9.8,W,41,E,ENE,11,22,78,60,1023.2,1020.6,5,1,20.5,22.8,No,No,No,2009-10-31,True,3.0,1,0,2009,4,10,Oct,2009-10,Autumn,20.35,6.1,0,0,None,Moderate (30-45 km/h),West
633,2009-10-31,18.7,22.8,0.0,7.4,10.3,W,41,ENE,E,17,30,80,65,1025.2,1023.4,6,1,20.0,22.1,No,No,No,2009-11-01,True,1.0,0,0,2009,4,10,Oct,2009-10,Autumn,20.75,4.1,0,0,None,Moderate (30-45 km/h),West
634,2009-11-01,16.9,24.2,0.0,8.0,10.1,W,41,NNE,NE,19,26,62,58,1024.5,1019.9,1,1,21.7,23.4,No,No,No,2009-11-02,True,1.0,0,0,2009,4,11,Nov,2009-11,Autumn,20.55,7.3,0,0,None,Moderate (30-45 km/h),West
635,2009-11-02,18.8,26.0,0.0,7.0,6.9,W,41,SSW,ESE,17,19,82,68,1021.0,1017.5,8,7,20.6,24.5,No,No,No,2009-11-03,True,1.0,0,0,2009,4,11,Nov,2009-11,Autumn,22.4,7.2,0,0,None,Moderate (30-45 km/h),West
636,2009-11-03,18.9,36.9,0.0,6.2,11.0,W,41,ESE,WNW,9,30,73,18,1011.9,1006.6,6,6,24.0,36.3,No,No,No,2009-11-04,True,1.0,0,0,2009,4,11,Nov,2009-11,Autumn,27.9,18.0,1,0,None,Moderate (30-45 km/h),West
637,2009-11-04,19.4,19.9,0.0,13.2,0.0,W,41,SE,E,11,17,71,76,1017.9,1015.5,8,8,19.7,19.1,No,No,No,2009-11-05,True,1.0,0,0,2009,4,11,Nov,2009-11,Autumn,19.65,0.5,0,0,None,Moderate (30-45 km/h),West
638,2009-11-05,16.9,19.8,0.0,2.2,1.1,W,41,SE,ESE,13,24,75,68,1020.9,1021.9,7,7,19.4,19.1,No,Yes,Yes,2009-11-06,True,1.0,0,0,2009,4,11,Nov,2009-11,Autumn,18.35,2.9,0,0,None,Moderate (30-45 km/h),West
639,2009-11-06,16.7,21.3,1.4,3.0,0.8,W,41,ESE,E,24,19,66,57,1027.6,1027.1,7,7,19.2,20.8,Yes,Yes,Yes,2009-11-07,True,1.0,0,0,2009,4,11,Nov,2009-11,Autumn,19.0,4.6,0,1,Light,Moderate (30-45 km/h),West
640,2009-11-07,17.2,22.9,4.2,4.2,6.2,W,41,E,E,20,19,69,60,1030.5,1030.0,6,6,20.9,22.5,Yes,No,No,2009-11-08,True,1.0,0,0,2009,4,11,Nov,2009-11,Autumn,20.05,5.7,0,1,Moderate,Moderate (30-45 km/h),West
641,2009-11-08,19.1,21.9,0.0,6.4,0.7,W,41,ESE,E,9,15,75,89,1030.7,1028.8,8,8,20.4,19.9,No,No,No,2009-11-09,True,1.0,0,0,2009,4,11,Nov,2009-11,Autumn,20.5,2.8,0,0,None,Moderate (30-45 km/h),West
642,2009-11-09,19.1,23.2,0.8,2.6,11.0,W,41,ENE,E,19,19,77,61,1027.2,1024.0,6,1,20.9,22.8,No,No,No,2009-11-10,True,1.0,0,0,2009,4,11,Nov,2009-11,Autumn,21.15,4.1,0,0,Light,Moderate (30-45 km/h),West
643,2009-11-10,15.9,23.9,0.0,5.4,12.8,W,41,NNE,ENE,4,26,61,54,1022.5,1020.0,1,0,21.6,23.2,No,No,No,2009-11-11,True,1.0,0,0,2009,4,11,Nov,2009-11,Autumn,19.9,8.0,0,0,None,Moderate (30-45 km/h),West
644,2009-11-11,15.4,23.9,0.0,10.2,12.4,W,41,W,E,15,19,74,64,1022.6,1021.3,1,1,21.0,23.1,No,No,No,2009-11-12,True,1.0,0,0,2009,4,11,Nov,2009-11,Autumn,19.65,8.5,0,0,None,Moderate (30-45 km/h),West
645,2009-11-12,16.6,26.7,0.0,6.8,11.2,W,41,NNW,NNE,17,20,70,54,1020.0,1013.4,0,6,22.0,26.0,No,Yes,Yes,2009-11-13,True,1.0,0,0,2009,4,11,Nov,2009-11,Autumn,21.65,10.1,0,0,None,Moderate (30-45 km/h),West
646,2009-11-13,19.5,23.0,4.0,8.8,9.7,W,41,S,SSE,26,26,66,60,1020.1,1019.2,6,5,21.7,22.5,Yes,No,No,2009-11-14,True,1.0,0,0,2009,4,11,Nov,2009-11,Autumn,21.25,3.5,0,1,Moderate,Moderate (30-45 km/h),West
647,2009-11-14,15.0,24.3,0.2,6.2,12.6,W,41,WSW,ENE,6,26,66,56,1016.4,1011.4,2,2,20.1,23.4,No,No,No,2009-11-15,True,1.0,0,0,2009,4,11,Nov,2009-11,Autumn,19.65,9.3,0,0,Light,Moderate (30-45 km/h),West
648,2009-11-15,18.5,25.1,0.0,8.8,9.3,W,41,S,SE,17,20,74,63,1012.1,1011.7,4,5,22.2,23.8,No,No,No,2009-11-16,True,1.0,0,0,2009,4,11,Nov,2009-11,Autumn,21.8,6.6,0,0,None,Moderate (30-45 km/h),West
649,2009-11-16,18.7,27.6,0.0,6.4,10.3,W,41,W,E,6,19,72,62,1008.8,1002.0,5,7,22.6,26.6,No,Yes,Yes,2009-11-17,True,1.0,0,0,2009,4,11,Nov,2009-11,Autumn,23.15,8.9,0,0,None,Moderate (30-45 km/h),West
650,2009-11-17,19.4,23.6,1.4,8.8,5.0,W,41,SSE,SSE,20,28,61,59,1008.7,1009.7,7,7,21.1,21.0,Yes,No,No,2009-11-18,True,1.0,0,0,2009,4,11,Nov,2009-11,Autumn,21.5,4.2,0,1,Light,Moderate (30-45 km/h),West
651,2009-11-18,17.8,23.8,0.0,7.2,6.6,W,41,E,ENE,4,26,72,51,1013.2,1010.3,7,2,19.8,23.2,No,No,No,2009-11-19,True,1.0,0,0,2009,4,11,Nov,2009-11,Autumn,20.8,6.0,0,0,None,Moderate (30-45 km/h),West
652,2009-11-19,18.4,26.5,0.0,8.0,10.6,W,41,E,ENE,9,13,70,63,1010.3,1009.2,3,3,23.6,26.0,No,No,No,2009-11-20,True,1.0,0,0,2009,4,11,Nov,2009-11,Autumn,22.45,8.1,0,0,None,Moderate (30-45 km/h),West
653,2009-11-20,21.0,33.2,0.0,8.8,7.6,W,41,NW,E,9,4,71,52,1009.8,1005.7,0,8,26.2,29.0,No,No,No,2009-11-21,True,1.0,0,0,2009,4,11,Nov,2009-11,Autumn,27.1,12.2,0,0,None,Moderate (30-45 km/h),West
654,2009-11-21,22.0,31.5,0.0,12.4,10.3,W,41,WSW,SE,4,13,56,45,1009.8,1006.6,7,7,25.4,30.2,No,No,No,2009-11-22,True,1.0,0,0,2009,4,11,Nov,2009-11,Autumn,26.75,9.5,0,0,None,Moderate (30-45 km/h),West
655,2009-11-22,21.2,40.4,0.0,7.4,6.0,W,41,ENE,N,11,26,75,19,1005.0,1001.5,6,7,24.0,39.8,No,No,No,2009-11-23,True,1.0,0,1,2009,4,11,Nov,2009-11,Autumn,30.8,19.2,1,0,None,Moderate (30-45 km/h),West
656,2009-11-23,19.9,22.8,0.0,13.4,0.3,W,41,SSE,SSE,28,30,62,68,1021.0,1022.6,7,8,21.4,20.4,No,No,No,2009-11-24,True,1.0,0,0,2009,4,11,Nov,2009-11,Autumn,21.35,2.9,0,0,None,Moderate (30-45 km/h),West
657,2009-11-24,18.1,21.5,0.0,5.2,2.1,W,41,SSE,SSE,13,13,84,74,1026.2,1024.3,8,8,18.7,20.6,No,No,No,2009-11-25,True,1.0,0,0,2009,4,11,Nov,2009-11,Autumn,19.8,3.4,0,0,None,Moderate (30-45 km/h),West
658,2009-11-25,18.3,25.0,0.2,3.0,12.2,W,41,W,E,4,30,82,74,1022.3,1018.4,2,0,21.3,24.0,No,No,No,2009-11-26,True,1.0,0,0,2009,4,11,Nov,2009-11,Autumn,21.65,6.7,0,0,Light,Moderate (30-45 km/h),West
659,2009-11-26,21.3,26.6,0.0,7.8,8.4,W,41,NE,NE,15,20,80,67,1017.5,1011.2,7,1,22.3,24.8,No,No,No,2009-11-27,True,1.0,0,0,2009,4,11,Nov,2009-11,Autumn,23.95,5.3,0,0,None,Moderate (30-45 km/h),West
660,2009-11-27,21.3,33.2,1.0,7.8,12.4,W,41,WNW,E,17,24,50,41,1009.7,1007.1,1,1,26.1,28.7,No,No,No,2009-11-28,True,1.0,0,0,2009,4,11,Nov,2009-11,Autumn,27.25,11.9,0,1,Light,Moderate (30-45 km/h),West
661,2009-11-28,21.1,29.3,0.0,12.8,9.5,W,41,E,NE,7,22,63,51,1006.4,1000.2,0,6,26.0,28.2,No,No,No,2009-11-29,True,1.0,0,0,2009,4,11,Nov,2009-11,Autumn,25.2,8.2,0,0,None,Moderate (30-45 km/h),West
662,2009-11-29,19.5,30.5,0.0,10.6,12.4,W,41,WNW,W,13,28,28,20,1000.9,998.7,0,5,25.3,29.3,No,No,No,2009-11-30,True,1.0,0,0,2009,4,11,Nov,2009-11,Autumn,25.0,11.0,0,0,None,Moderate (30-45 km/h),West
663,2009-11-30,18.1,23.1,0.0,11.8,3.9,W,41,SSW,S,19,33,55,61,1008.1,1009.2,4,7,21.2,19.6,No,Yes,Yes,2009-12-01,True,1.0,0,0,2009,4,11,Nov,2009-11,Autumn,20.6,5.0,0,0,None,Moderate (30-45 km/h),West
664,2009-12-01,14.3,21.2,4.4,6.4,9.6,W,41,S,S,22,24,58,59,1016.1,1017.4,2,5,17.9,19.4,Yes,Yes,Yes,2009-12-02,True,1.0,0,0,2009,4,12,Dec,2009-12,Winter,17.75,6.9,0,1,Moderate,Moderate (30-45 km/h),West
665,2009-12-02,13.5,22.6,10.2,6.4,11.2,W,41,SSW,SE,17,22,69,44,1022.0,1021.7,7,2,17.3,21.5,Yes,No,No,2009-12-03,True,1.0,0,0,2009,4,12,Dec,2009-12,Winter,18.05,9.1,0,1,Heavy,Moderate (30-45 km/h),West
666,2009-12-03,15.2,22.6,0.0,6.8,12.9,W,41,WNW,ENE,2,30,58,52,1022.6,1017.9,1,1,19.7,22.0,No,No,No,2009-12-04,True,1.0,0,0,2009,4,12,Dec,2009-12,Winter,18.9,7.4,0,0,None,Moderate (30-45 km/h),West
667,2009-12-04,17.3,24.4,0.0,8.0,12.5,W,41,S,SSE,26,30,69,61,1015.6,1015.6,0,5,21.8,22.5,No,No,No,2009-12-05,True,1.0,0,0,2009,4,12,Dec,2009-12,Winter,20.85,7.1,0,0,None,Moderate (30-45 km/h),West
668,2009-12-05,18.2,23.4,0.0,9.8,6.5,W,41,ENE,E,2,20,59,64,1015.2,1012.6,7,6,20.2,22.0,No,No,No,2009-12-06,True,1.0,0,0,2009,4,12,Dec,2009-12,Winter,20.8,5.2,0,0,None,Moderate (30-45 km/h),West
669,2009-12-06,18.7,25.6,0.0,6.2,10.5,W,41,ENE,ENE,11,30,61,58,1017.3,1015.0,5,1,23.4,23.8,No,No,No,2009-12-07,True,1.0,0,0,2009,4,12,Dec,2009-12,Winter,22.15,6.9,0,0,None,Moderate (30-45 km/h),West
670,2009-12-07,21.7,28.5,0.0,8.2,11.1,W,41,E,E,11,20,67,62,1011.8,1007.4,1,2,25.4,27.3,No,No,No,2009-12-08,True,1.0,0,0,2009,4,12,Dec,2009-12,Winter,25.1,6.8,0,0,None,Moderate (30-45 km/h),West
671,2009-12-08,20.1,27.6,0.0,10.2,8.8,W,41,WNW,E,9,26,68,70,1009.1,1000.8,7,3,22.6,24.1,No,No,No,2009-12-09,True,1.0,0,0,2009,4,12,Dec,2009-12,Winter,23.85,7.5,0,0,None,Moderate (30-45 km/h),West
672,2009-12-09,18.4,24.0,0.6,8.2,9.8,W,41,S,ESE,17,24,76,59,1011.1,1010.2,6,5,19.2,22.0,No,No,No,2009-12-10,True,1.0,0,0,2009,4,12,Dec,2009-12,Winter,21.2,5.6,0,0,Light,Moderate (30-45 km/h),West
673,2009-12-10,19.2,28.8,0.0,7.8,1.2,W,41,NNW,NE,4,20,75,70,1011.0,1006.0,8,8,23.4,24.8,No,No,No,2009-12-11,True,1.0,0,0,2009,4,12,Dec,2009-12,Winter,24.0,9.6,0,0,None,Moderate (30-45 km/h),West
674,2009-12-11,19.9,28.8,0.0,7.0,12.9,W,41,WSW,ESE,11,24,30,30,1012.7,1013.1,2,1,24.1,25.1,No,No,No,2009-12-12,True,1.0,0,0,2009,4,12,Dec,2009-12,Winter,24.35,8.9,0,0,None,Moderate (30-45 km/h),West
675,2009-12-12,16.9,27.1,0.0,11.4,13.0,W,41,NNW,ENE,7,28,57,55,1018.7,1014.0,1,1,22.7,24.8,No,No,No,2009-12-13,True,1.0,0,0,2009,4,12,Dec,2009-12,Winter,22.0,10.2,0,0,None,Moderate (30-45 km/h),West
676,2009-12-13,20.3,27.4,0.0,8.4,11.1,W,41,S,SE,15,31,68,61,1016.3,1015.2,3,1,23.5,25.9,No,No,No,2009-12-14,True,1.0,0,0,2009,4,12,Dec,2009-12,Winter,23.85,7.1,0,0,None,Moderate (30-45 km/h),West
677,2009-12-14,20.0,24.3,0.0,9.0,0.0,W,41,ESE,ESE,11,19,72,69,1021.2,1021.1,7,8,21.3,21.1,No,No,No,2009-12-15,True,1.0,0,0,2009,4,12,Dec,2009-12,Winter,22.15,4.3,0,0,None,Moderate (30-45 km/h),West
678,2009-12-15,19.1,24.5,0.0,4.8,4.3,W,41,NE,ENE,15,22,59,62,1022.5,1020.3,6,7,24.3,23.6,No,No,No,2009-12-16,True,1.0,0,0,2009,4,12,Dec,2009-12,Winter,21.8,5.4,0,0,None,Moderate (30-45 km/h),West
679,2009-12-16,21.7,26.5,0.0,9.2,10.6,W,41,NE,NE,13,28,74,70,1020.3,1016.1,4,1,24.1,26.0,No,No,No,2009-12-17,True,1.0,0,0,2009,4,12,Dec,2009-12,Winter,24.1,4.8,0,0,None,Moderate (30-45 km/h),West
680,2009-12-17,21.5,32.0,0.0,10.4,11.6,W,41,E,NNE,13,37,71,51,1013.7,1008.5,0,5,26.0,29.8,No,Yes,Yes,2009-12-18,True,1.0,0,0,2009,4,12,Dec,2009-12,Winter,26.75,10.5,0,0,None,Moderate (30-45 km/h),West
681,2009-12-18,20.2,21.4,5.4,13.6,0.0,W,41,NE,SSE,11,20,87,83,1014.1,1016.7,8,8,20.2,18.5,Yes,Yes,Yes,2009-12-19,True,1.0,0,0,2009,4,12,Dec,2009-12,Winter,20.8,1.2,0,1,Moderate,Moderate (30-45 km/h),West
682,2009-12-19,16.9,28.9,8.0,3.8,10.0,W,41,W,SSE,15,26,70,34,1015.1,1013.9,0,0,21.4,27.4,Yes,No,No,2009-12-20,True,1.0,0,0,2009,4,12,Dec,2009-12,Winter,22.9,12.0,0,1,Moderate,Moderate (30-45 km/h),West
683,2009-12-20,19.6,22.5,0.0,10.2,0.0,W,41,SE,E,15,11,62,59,1021.2,1019.8,8,8,20.9,21.8,No,No,No,2009-12-21,True,1.0,0,0,2009,4,12,Dec,2009-12,Winter,21.05,2.9,0,0,None,Moderate (30-45 km/h),West
684,2009-12-21,19.9,24.9,0.0,4.4,9.7,W,41,NE,NE,17,26,65,64,1016.9,1012.6,4,6,22.4,23.3,No,No,No,2009-12-22,True,1.0,0,0,2009,4,12,Dec,2009-12,Winter,22.4,5.0,0,0,None,Moderate (30-45 km/h),West
685,2009-12-22,19.7,29.4,0.0,9.0,12.0,W,41,SSW,ENE,2,19,58,53,1011.5,1009.7,3,5,24.6,27.1,No,No,Yes,2009-12-26,False,1.0,0,0,2009,4,12,Dec,2009-12,Winter,24.55,9.7,0,0,None,Moderate (30-45 km/h),West
686,2009-12-26,17.7,20.2,12.0,2.8,0.0,W,41,SSW,SSW,17,20,91,85,1016.2,1016.4,8,8,17.8,18.6,Yes,Yes,Yes,2009-12-27,True,4.0,1,0,2009,4,12,Dec,2009-12,Winter,18.95,2.5,0,1,Heavy,Moderate (30-45 km/h),West
687,2009-12-27,17.7,22.9,4.8,1.8,0.0,W,41,SSW,SSE,20,13,92,80,1017.9,1016.1,8,8,20.2,22.3,Yes,Yes,Yes,2009-12-28,True,1.0,0,0,2009,4,12,Dec,2009-12,Winter,20.3,5.2,0,1,Moderate,Moderate (30-45 km/h),West
688,2009-12-28,20.1,23.1,16.0,2.6,1.4,W,41,SE,S,13,22,97,83,1014.8,1015.4,8,7,20.6,22.7,Yes,Yes,Yes,2009-12-29,True,1.0,0,0,2009,4,12,Dec,2009-12,Winter,21.6,3.0,0,1,Heavy,Moderate (30-45 km/h),West
689,2009-12-29,19.8,26.1,5.4,2.4,11.9,W,41,S,SE,17,17,69,55,1021.4,1021.2,4,1,23.0,25.9,Yes,No,No,2009-12-30,True,1.0,0,0,2009,4,12,Dec,2009-12,Winter,22.95,6.3,0,1,Moderate,Moderate (30-45 km/h),West
690,2009-12-30,19.8,25.2,0.0,8.6,12.8,W,41,S,SSE,20,20,66,57,1025.0,1023.1,5,4,22.4,24.5,No,No,No,2009-12-31,True,1.0,0,0,2009,4,12,Dec,2009-12,Winter,22.5,5.4,0,0,None,Moderate (30-45 km/h),West
691,2009-12-31,20.1,24.8,0.0,8.0,2.0,W,41,W,ENE,2,11,92,83,1020.9,1017.2,8,8,20.9,23.3,No,No,No,2010-01-01,True,1.0,0,0,2009,4,12,Dec,2009-12,Winter,22.45,4.7,0,0,None,Moderate (30-45 km/h),West
692,2010-01-01,20.9,29.3,0.4,2.8,1.1,W,41,E,E,2,19,84,56,1013.9,1010.4,8,7,24.3,29.0,No,No,No,2010-01-02,True,1.0,0,0,2010,1,1,Jan,2010-01,Winter,25.1,8.4,0,0,Light,Moderate (30-45 km/h),West
693,2010-01-02,23.3,30.7,0.0,6.8,4.8,W,41,W,E,15,19,70,79,1007.7,1005.7,7,7,25.6,24.9,No,Yes,Yes,2010-01-03,True,1.0,0,0,2010,1,1,Jan,2010-01,Winter,27.0,7.4,0,0,None,Moderate (30-45 km/h),West
694,2010-01-03,18.9,21.5,8.6,7.0,0.0,W,41,W,E,15,19,80,74,1015.3,1016.0,8,8,20.1,20.8,Yes,No,No,2010-01-04,True,1.0,0,0,2010,1,1,Jan,2010-01,Winter,20.2,2.6,0,1,Moderate,Moderate (30-45 km/h),West
695,2010-01-04,18.2,23.9,1.0,2.4,2.8,W,41,E,ENE,7,19,64,58,1020.6,1019.1,7,7,21.4,23.2,No,No,No,2010-01-05,True,1.0,0,0,2010,1,1,Jan,2010-01,Winter,21.05,5.7,0,1,Light,Moderate (30-45 km/h),West
696,2010-01-05,18.3,26.1,0.2,4.6,10.4,W,41,ENE,ENE,13,20,64,60,1018.1,1014.6,1,2,23.6,25.7,No,No,No,2010-01-06,True,1.0,0,0,2010,1,1,Jan,2010-01,Winter,22.2,7.8,0,0,Light,Moderate (30-45 km/h),West
697,2010-01-06,21.8,27.6,0.0,8.4,9.5,W,41,S,SE,15,17,83,71,1015.9,1013.8,7,5,22.5,24.8,No,No,No,2010-01-07,True,1.0,0,0,2010,1,1,Jan,2010-01,Winter,24.7,5.8,0,0,None,Moderate (30-45 km/h),West
698,2010-01-07,20.8,24.9,0.0,8.0,0.8,W,41,S,SE,13,15,66,59,1018.3,1017.4,8,8,21.8,23.4,No,No,No,2010-01-08,True,1.0,0,0,2010,1,1,Jan,2010-01,Winter,22.85,4.1,0,0,None,Moderate (30-45 km/h),West
699,2010-01-08,20.9,25.6,0.4,6.0,7.7,W,41,E,E,13,24,66,59,1021.7,1019.7,7,2,22.9,25.5,No,No,No,2010-01-09,True,1.0,0,0,2010,1,1,Jan,2010-01,Winter,23.25,4.7,0,0,Light,Moderate (30-45 km/h),West
700,2010-01-09,20.8,32.4,0.0,5.4,13.2,W,41,WSW,NE,2,13,76,51,1018.0,1014.6,1,3,24.4,30.6,No,No,No,2010-01-10,True,1.0,0,0,2010,1,1,Jan,2010-01,Winter,26.6,11.6,0,0,None,Moderate (30-45 km/h),West
701,2010-01-10,24.1,30.0,0.0,11.0,12.7,W,41,N,SSE,2,20,65,56,1016.1,1015.4,1,2,28.3,28.9,No,No,No,2010-01-11,True,1.0,0,0,2010,1,1,Jan,2010-01,Winter,27.05,5.9,0,0,None,Moderate (30-45 km/h),West
702,2010-01-11,22.1,25.8,0.0,8.6,7.8,W,41,E,NE,11,24,64,60,1019.4,1016.1,6,3,24.2,25.8,No,No,No,2010-01-12,True,1.0,0,0,2010,1,1,Jan,2010-01,Winter,23.95,3.7,0,0,None,Moderate (30-45 km/h),West
703,2010-01-12,23.0,30.3,0.0,8.8,9.4,W,41,N,ENE,6,26,77,65,1013.0,1008.5,7,1,25.0,28.4,No,No,No,2010-01-13,True,1.0,0,0,2010,1,1,Jan,2010-01,Winter,26.65,7.3,0,0,None,Moderate (30-45 km/h),West
704,2010-01-13,23.7,27.7,0.2,9.2,8.8,W,41,SSE,SSE,19,35,64,69,1010.9,1011.0,1,6,27.0,25.4,No,Yes,Yes,2010-01-14,True,1.0,0,0,2010,1,1,Jan,2010-01,Winter,25.7,4.0,0,0,Light,Moderate (30-45 km/h),West
705,2010-01-14,19.5,22.9,13.0,7.8,0.2,W,41,S,S,22,17,90,75,1017.7,1017.6,8,8,19.6,21.0,Yes,No,No,2010-01-15,True,1.0,0,0,2010,1,1,Jan,2010-01,Winter,21.2,3.4,0,1,Heavy,Moderate (30-45 km/h),West
706,2010-01-15,19.0,25.1,0.2,3.8,3.0,W,41,SSW,ESE,9,17,83,74,1018.9,1017.2,8,7,21.7,24.4,No,No,No,2010-01-16,True,1.0,0,0,2010,1,1,Jan,2010-01,Winter,22.05,6.1,0,0,Light,Moderate (30-45 km/h),West
707,2010-01-16,21.7,25.9,0.2,5.4,4.8,W,41,NE,ENE,11,22,72,63,1014.0,1009.6,6,7,23.4,24.5,No,No,No,2010-01-17,True,1.0,0,0,2010,1,1,Jan,2010-01,Winter,23.8,4.2,0,0,Light,Moderate (30-45 km/h),West
708,2010-01-17,20.3,27.3,0.0,6.6,10.3,W,41,W,SSE,0,26,64,68,1004.2,1003.0,3,7,24.6,25.6,No,No,No,2010-01-18,True,1.0,0,0,2010,1,1,Jan,2010-01,Winter,23.8,7.0,0,0,None,Moderate (30-45 km/h),West
709,2010-01-18,16.7,25.7,0.0,8.0,13.0,W,41,W,W,15,28,55,14,1002.9,1002.5,1,2,21.0,25.1,No,No,No,2010-01-19,True,1.0,0,0,2010,1,1,Jan,2010-01,Winter,21.2,9.0,0,0,None,Moderate (30-45 km/h),West
710,2010-01-19,15.6,26.8,0.0,10.0,13.3,W,41,WSW,E,15,22,39,31,1009.5,1007.4,1,1,19.8,22.9,No,No,No,2010-01-20,True,1.0,0,0,2010,1,1,Jan,2010-01,Winter,21.2,11.2,0,0,None,Moderate (30-45 km/h),West
711,2010-01-20,17.4,28.9,0.0,10.4,13.0,W,41,WNW,E,7,24,41,34,1010.4,1007.8,0,0,23.2,26.6,No,No,No,2010-01-21,True,1.0,0,0,2010,1,1,Jan,2010-01,Winter,23.15,11.5,0,0,None,Moderate (30-45 km/h),West
712,2010-01-21,19.5,27.4,0.0,9.0,12.8,W,41,W,E,6,24,74,58,1012.3,1008.4,3,2,24.0,27.4,No,No,No,2010-01-22,True,1.0,0,0,2010,1,1,Jan,2010-01,Winter,23.45,7.9,0,0,None,Moderate (30-45 km/h),West
713,2010-01-22,22.6,32.6,0.0,8.2,9.6,W,41,W,E,7,15,77,64,1013.6,1008.8,3,2,25.0,29.2,No,No,No,2010-01-23,True,1.0,0,0,2010,1,1,Jan,2010-01,Winter,27.6,10.0,0,0,None,Moderate (30-45 km/h),West
714,2010-01-23,25.0,41.3,0.0,13.4,5.6,W,41,NW,SSE,26,6,28,17,1007.8,1005.4,5,5,31.9,39.9,No,Yes,Yes,2010-01-24,True,1.0,0,1,2010,1,1,Jan,2010-01,Winter,33.15,16.3,1,0,None,Moderate (30-45 km/h),West
715,2010-01-24,18.4,23.0,6.2,8.6,0.1,W,41,SSW,ESE,7,11,92,66,1016.3,1014.5,8,8,19.5,22.6,Yes,No,No,2010-01-25,True,1.0,0,0,2010,1,1,Jan,2010-01,Winter,20.7,4.6,0,1,Moderate,Moderate (30-45 km/h),West
716,2010-01-25,19.5,26.1,0.4,3.6,2.8,W,41,WNW,E,2,19,80,70,1014.8,1011.8,8,7,22.4,25.7,No,No,No,2010-01-26,True,1.0,0,0,2010,1,1,Jan,2010-01,Winter,22.8,6.6,0,0,Light,Moderate (30-45 km/h),West
717,2010-01-26,22.3,29.0,0.0,4.0,8.6,W,41,NE,ENE,6,19,83,69,1010.9,1007.2,6,3,25.1,27.7,No,No,No,2010-01-27,True,1.0,0,0,2010,1,1,Jan,2010-01,Winter,25.65,6.7,0,0,None,Moderate (30-45 km/h),West
718,2010-01-27,22.9,27.1,0.0,6.2,4.6,W,41,S,SSE,19,20,78,72,1015.1,1013.6,8,8,23.4,25.0,No,No,No,2010-01-28,True,1.0,0,0,2010,1,1,Jan,2010-01,Winter,25.0,4.2,0,0,None,Moderate (30-45 km/h),West
719,2010-01-28,22.2,26.6,0.0,4.8,1.8,W,41,W,ENE,0,17,80,81,1012.1,1009.5,8,8,23.7,24.6,No,Yes,Yes,2010-01-29,True,1.0,0,0,2010,1,1,Jan,2010-01,Winter,24.4,4.4,0,0,None,Moderate (30-45 km/h),West
720,2010-01-29,19.6,30.2,2.6,3.4,9.5,W,41,WNW,SE,7,20,81,53,1008.6,1010.0,1,1,22.2,29.6,Yes,Yes,Yes,2010-01-30,True,1.0,0,0,2010,1,1,Jan,2010-01,Winter,24.9,10.6,0,1,Moderate,Moderate (30-45 km/h),West
721,2010-01-30,20.5,27.3,2.6,6.4,7.0,W,41,S,SE,26,13,82,66,1018.6,1017.9,8,7,21.6,26.4,Yes,No,No,2010-01-31,True,1.0,0,0,2010,1,1,Jan,2010-01,Winter,23.9,6.8,0,1,Moderate,Moderate (30-45 km/h),West
722,2010-01-31,21.5,26.6,0.0,5.4,9.2,W,41,E,E,19,24,75,70,1016.7,1014.6,6,7,25.6,26.0,No,No,No,2010-02-01,True,1.0,0,0,2010,1,1,Jan,2010-01,Winter,24.05,5.1,0,0,None,Moderate (30-45 km/h),West
723,2010-02-01,22.6,27.7,0.0,7.8,7.9,W,41,E,E,13,24,73,66,1015.9,1016.1,6,7,25.6,26.6,No,No,No,2010-02-02,True,1.0,0,0,2010,1,2,Feb,2010-02,Winter,25.15,5.1,0,0,None,Moderate (30-45 km/h),West
724,2010-02-02,22.7,27.7,0.6,8.0,9.8,W,41,ESE,SE,19,30,61,60,1017.8,1016.4,6,7,25.0,25.9,No,Yes,Yes,2010-02-03,True,1.0,0,0,2010,1,2,Feb,2010-02,Winter,25.2,5.0,0,0,Light,Moderate (30-45 km/h),West
725,2010-02-03,21.4,27.3,23.4,6.4,7.3,W,41,E,E,26,26,90,66,1014.9,1014.3,7,4,22.0,27.2,Yes,Yes,Yes,2010-02-04,True,1.0,0,0,2010,1,2,Feb,2010-02,Winter,24.35,5.9,0,1,Heavy,Moderate (30-45 km/h),West
726,2010-02-04,21.9,27.2,3.4,6.0,3.9,W,41,E,E,28,28,83,76,1013.9,1011.3,7,7,25.2,26.1,Yes,Yes,Yes,2010-02-05,True,1.0,0,0,2010,1,2,Feb,2010-02,Winter,24.55,5.3,0,1,Moderate,Moderate (30-45 km/h),West
727,2010-02-05,23.1,26.5,4.0,4.8,3.0,W,41,NE,NNE,11,19,79,88,1010.1,1008.8,7,7,25.8,24.9,Yes,Yes,Yes,2010-02-06,True,1.0,0,0,2010,1,2,Feb,2010-02,Winter,24.8,3.4,0,1,Moderate,Moderate (30-45 km/h),West
728,2010-02-06,20.5,22.4,31.2,5.0,0.0,W,41,S,S,31,24,95,95,1015.7,1016.2,7,8,21.6,22.2,Yes,Yes,Yes,2010-02-07,True,1.0,0,0,2010,1,2,Feb,2010-02,Winter,21.45,1.9,0,1,Heavy,Moderate (30-45 km/h),West
729,2010-02-07,20.2,25.0,77.4,7.4,0.2,W,41,SSW,SE,19,15,95,86,1021.6,1020.8,7,8,21.1,23.8,Yes,Yes,Yes,2010-02-08,True,1.0,0,1,2010,1,2,Feb,2010-02,Winter,22.6,4.8,0,1,Extreme,Moderate (30-45 km/h),West
730,2010-02-08,21.0,27.6,3.4,1.8,2.3,W,41,ESE,E,7,22,76,70,1022.9,1021.9,8,7,23.5,26.3,Yes,No,No,2010-02-09,True,1.0,0,0,2010,1,2,Feb,2010-02,Winter,24.3,6.6,0,1,Moderate,Moderate (30-45 km/h),West
731,2010-02-09,22.8,27.6,0.0,5.8,9.9,W,41,W,E,4,24,83,65,1023.0,1021.2,6,3,24.3,27.3,No,No,No,2010-02-10,True,1.0,0,0,2010,1,2,Feb,2010-02,Winter,25.2,4.8,0,0,None,Moderate (30-45 km/h),West
732,2010-02-10,21.7,27.9,0.4,5.8,10.1,W,41,NE,ENE,9,20,72,61,1020.6,1017.6,2,2,25.6,27.3,No,No,No,2010-02-11,True,1.0,0,0,2010,1,2,Feb,2010-02,Winter,24.8,6.2,0,0,Light,Moderate (30-45 km/h),West
733,2010-02-11,21.4,28.2,0.0,8.8,6.9,W,41,E,ENE,4,26,71,60,1017.1,1013.5,2,2,25.3,27.4,No,No,No,2010-02-12,True,1.0,0,0,2010,1,2,Feb,2010-02,Winter,24.8,6.8,0,0,None,Moderate (30-45 km/h),West
734,2010-02-12,23.9,37.8,0.0,9.0,9.8,W,41,W,WNW,2,15,71,32,1008.7,1005.5,6,7,26.9,37.4,No,Yes,Yes,2010-02-13,True,1.0,0,0,2010,1,2,Feb,2010-02,Winter,30.85,13.9,1,0,None,Moderate (30-45 km/h),West
735,2010-02-13,21.4,25.5,70.0,9.4,0.3,W,41,S,E,17,11,92,80,1011.9,1010.2,8,8,22.1,25.2,Yes,Yes,Yes,2010-02-14,True,1.0,0,1,2010,1,2,Feb,2010-02,Winter,23.45,4.1,0,1,Extreme,Moderate (30-45 km/h),West
736,2010-02-14,22.1,26.4,10.0,2.0,1.4,W,41,W,E,9,11,91,92,1007.3,1004.5,7,8,23.5,23.9,Yes,Yes,Yes,2010-02-15,True,1.0,0,0,2010,1,2,Feb,2010-02,Winter,24.25,4.3,0,1,Heavy,Moderate (30-45 km/h),West
737,2010-02-15,20.2,30.0,15.2,2.8,9.9,W,41,W,ENE,11,17,95,67,1006.7,1003.5,6,3,21.4,28.5,Yes,No,No,2010-02-16,True,1.0,0,0,2010,1,2,Feb,2010-02,Winter,25.1,9.8,0,1,Heavy,Moderate (30-45 km/h),West
738,2010-02-16,21.3,26.4,0.2,7.6,8.7,W,41,W,S,22,35,65,57,1011.8,1013.6,7,7,22.3,25.0,No,No,No,2010-02-17,True,1.0,0,0,2010,1,2,Feb,2010-02,Winter,23.85,5.1,0,0,Light,Moderate (30-45 km/h),West
739,2010-02-17,18.5,25.6,0.0,7.8,12.8,W,41,SW,SE,9,20,64,56,1016.7,1016.0,3,2,21.4,25.4,No,No,No,2010-02-18,True,1.0,0,0,2010,1,2,Feb,2010-02,Winter,22.05,7.1,0,0,None,Moderate (30-45 km/h),West
740,2010-02-18,18.3,25.9,0.0,8.0,12.0,W,41,SE,SE,19,20,52,51,1022.4,1023.4,5,5,23.7,24.9,No,No,No,2010-02-19,True,1.0,0,0,2010,1,2,Feb,2010-02,Winter,22.1,7.6,0,0,None,Moderate (30-45 km/h),West
741,2010-02-19,20.2,25.5,0.0,7.2,8.0,W,41,ESE,E,19,13,60,51,1024.8,1023.1,5,6,22.6,25.0,No,No,No,2010-02-20,True,1.0,0,0,2010,1,2,Feb,2010-02,Winter,22.85,5.3,0,0,None,Moderate (30-45 km/h),West
742,2010-02-20,18.9,27.3,0.0,6.4,11.8,W,41,W,NE,13,24,76,54,1021.9,1018.4,1,2,22.2,26.1,No,No,No,2010-02-21,True,1.0,0,0,2010,1,2,Feb,2010-02,Winter,23.1,8.4,0,0,None,Moderate (30-45 km/h),West
743,2010-02-21,20.7,29.8,0.0,9.6,11.6,W,41,W,E,4,15,75,59,1018.0,1014.8,1,1,23.5,28.6,No,No,No,2010-02-22,True,1.0,0,0,2010,1,2,Feb,2010-02,Winter,25.25,9.1,0,0,None,Moderate (30-45 km/h),West
744,2010-02-22,23.2,35.4,0.0,9.4,11.9,W,41,W,E,7,20,61,46,1015.4,1011.7,0,3,26.7,32.5,No,No,No,2010-02-23,True,1.0,0,0,2010,1,2,Feb,2010-02,Winter,29.3,12.2,1,0,None,Moderate (30-45 km/h),West
745,2010-02-23,26.0,28.6,0.0,10.4,7.4,W,41,S,SE,24,28,54,60,1013.6,1016.3,1,7,28.5,23.7,No,No,No,2010-02-24,True,1.0,0,0,2010,1,2,Feb,2010-02,Winter,27.3,2.6,0,0,None,Moderate (30-45 km/h),West
746,2010-02-24,21.1,24.1,0.0,9.2,1.5,W,41,ESE,E,9,13,55,52,1021.7,1021.4,8,7,22.4,23.8,No,No,No,2010-02-25,True,1.0,0,0,2010,1,2,Feb,2010-02,Winter,22.6,3.0,0,0,None,Moderate (30-45 km/h),West
747,2010-02-25,20.5,24.6,0.0,4.4,9.3,W,41,E,ESE,15,22,45,46,1026.4,1026.6,2,2,23.3,24.2,No,No,No,2010-02-26,True,1.0,0,0,2010,1,2,Feb,2010-02,Winter,22.55,4.1,0,0,None,Moderate (30-45 km/h),West
748,2010-02-26,18.1,25.1,0.0,6.0,1.6,W,41,W,ESE,7,7,73,58,1027.0,1024.4,6,7,20.2,24.6,No,No,No,2010-02-27,True,1.0,0,0,2010,1,2,Feb,2010-02,Winter,21.6,7.0,0,0,None,Moderate (30-45 km/h),West
749,2010-02-27,18.4,27.0,0.2,3.8,11.8,W,41,W,NE,2,19,79,60,1021.6,1017.8,5,1,21.9,26.5,No,No,No,2010-02-28,True,1.0,0,0,2010,1,2,Feb,2010-02,Winter,22.7,8.6,0,0,Light,Moderate (30-45 km/h),West
750,2010-02-28,21.0,26.7,0.0,8.0,3.8,W,41,WSW,ESE,4,13,83,72,1017.1,1014.3,7,8,23.7,25.8,No,Yes,Yes,2010-03-01,True,1.0,0,0,2010,1,2,Feb,2010-02,Winter,23.85,5.7,0,0,None,Moderate (30-45 km/h),West
751,2010-03-01,19.2,19.7,4.2,5.0,0.0,W,41,SSW,SE,19,17,68,84,1018.9,1018.4,8,8,19.4,19.2,Yes,Yes,Yes,2010-03-02,True,1.0,0,0,2010,1,3,Mar,2010-03,Spring,19.45,0.5,0,1,Moderate,Moderate (30-45 km/h),West
752,2010-03-02,17.3,23.0,9.0,3.8,1.3,W,41,SE,SE,17,17,52,52,1019.3,1018.2,7,7,19.5,21.8,Yes,No,No,2010-03-03,True,1.0,0,0,2010,1,3,Mar,2010-03,Spring,20.15,5.7,0,1,Moderate,Moderate (30-45 km/h),West
753,2010-03-03,18.2,24.4,0.2,7.2,7.5,W,41,SE,ESE,11,19,53,53,1019.4,1018.2,3,5,22.7,23.5,No,No,No,2010-03-04,True,1.0,0,0,2010,1,3,Mar,2010-03,Spring,21.3,6.2,0,0,Light,Moderate (30-45 km/h),West
754,2010-03-04,17.2,25.2,0.0,4.4,7.9,W,41,W,E,0,26,73,67,1016.2,1013.7,7,5,20.9,24.7,No,No,No,2010-03-05,True,1.0,0,0,2010,1,3,Mar,2010-03,Spring,21.2,8.0,0,0,None,Moderate (30-45 km/h),West
755,2010-03-05,20.5,25.1,0.0,5.2,1.0,W,41,NE,ENE,20,15,72,83,1011.5,1009.6,7,8,23.9,23.5,No,Yes,Yes,2010-03-06,True,1.0,0,0,2010,1,3,Mar,2010-03,Spring,22.8,4.6,0,0,None,Moderate (30-45 km/h),West
756,2010-03-06,20.9,26.7,14.0,3.4,6.2,W,41,NNW,NE,2,15,90,77,1011.9,1010.8,6,3,22.4,25.1,Yes,No,No,2010-03-07,True,1.0,0,0,2010,1,3,Mar,2010-03,Spring,23.8,5.8,0,1,Heavy,Moderate (30-45 km/h),West
757,2010-03-07,22.3,26.4,0.0,5.0,5.0,W,41,ENE,ENE,19,33,71,68,1013.8,1012.0,2,7,25.0,25.6,No,No,No,2010-03-08,True,1.0,0,0,2010,1,3,Mar,2010-03,Spring,24.35,4.1,0,0,None,Moderate (30-45 km/h),West
758,2010-03-08,22.6,29.2,0.0,6.4,6.4,W,41,ENE,NE,11,17,72,65,1011.6,1009.6,6,7,24.8,27.4,No,No,No,2010-03-09,True,1.0,0,0,2010,1,3,Mar,2010-03,Spring,25.9,6.6,0,0,None,Moderate (30-45 km/h),West
759,2010-03-09,20.8,30.0,0.0,9.2,11.7,W,41,WNW,W,11,22,46,35,1013.4,1012.2,1,1,23.9,29.6,No,No,No,2010-03-10,True,1.0,0,0,2010,1,3,Mar,2010-03,Spring,25.4,9.2,0,0,None,Moderate (30-45 km/h),West
760,2010-03-10,19.2,20.8,0.2,8.0,0.3,W,41,S,SSE,20,24,85,67,1020.8,1022.5,8,8,19.3,20.4,No,No,No,2010-03-11,True,1.0,0,0,2010,1,3,Mar,2010-03,Spring,20.0,1.6,0,0,Light,Moderate (30-45 km/h),West
761,2010-03-11,18.2,24.2,0.0,5.2,9.0,W,41,S,SSE,24,24,63,49,1031.1,1031.5,2,4,20.4,23.6,No,No,No,2010-03-12,True,1.0,0,0,2010,1,3,Mar,2010-03,Spring,21.2,6.0,0,0,None,Moderate (30-45 km/h),West
762,2010-03-12,18.7,24.5,0.2,9.0,7.9,W,41,SE,SE,19,28,55,54,1035.0,1034.8,2,4,23.3,22.5,No,No,No,2010-03-13,True,1.0,0,0,2010,1,3,Mar,2010-03,Spring,21.6,5.8,0,0,Light,Moderate (30-45 km/h),West
763,2010-03-13,17.4,24.7,0.0,7.4,7.1,W,41,SSE,SE,22,19,68,52,1034.3,1032.9,2,6,20.5,22.8,No,Yes,Yes,2010-03-14,True,1.0,0,0,2010,1,3,Mar,2010-03,Spring,21.05,7.3,0,0,None,Moderate (30-45 km/h),West
764,2010-03-14,16.2,24.6,5.6,5.6,6.9,W,41,W,ESE,13,17,87,50,1030.4,1027.8,2,5,18.7,23.0,Yes,No,No,2010-03-15,True,1.0,0,0,2010,1,3,Mar,2010-03,Spring,20.4,8.4,0,1,Moderate,Moderate (30-45 km/h),West
765,2010-03-15,18.0,25.2,0.0,5.4,5.9,W,41,W,E,11,15,78,57,1025.7,1022.4,7,2,19.7,24.5,No,No,No,2010-03-16,True,1.0,0,0,2010,1,3,Mar,2010-03,Spring,21.6,7.2,0,0,None,Moderate (30-45 km/h),West
766,2010-03-16,17.4,25.5,0.0,5.8,11.0,W,41,W,E,15,19,82,54,1023.5,1022.7,3,1,20.0,25.1,No,No,No,2010-03-17,True,1.0,0,0,2010,1,3,Mar,2010-03,Spring,21.45,8.1,0,0,None,Moderate (30-45 km/h),West
767,2010-03-17,15.6,26.0,0.0,5.4,11.3,W,41,W,E,13,19,80,54,1025.7,1024.5,0,1,18.8,24.4,No,No,No,2010-03-18,True,1.0,0,0,2010,1,3,Mar,2010-03,Spring,20.8,10.4,0,0,None,Moderate (30-45 km/h),West
768,2010-03-18,17.0,26.5,0.0,6.6,10.2,W,41,W,ENE,9,17,77,51,1026.5,1023.7,6,4,19.8,25.3,No,No,No,2010-03-19,True,1.0,0,0,2010,1,3,Mar,2010-03,Spring,21.75,9.5,0,0,None,Moderate (30-45 km/h),West
769,2010-03-19,18.2,27.4,0.0,7.0,11.2,W,41,W,ENE,6,17,82,60,1022.2,1019.2,6,3,20.1,26.9,No,No,No,2010-03-20,True,1.0,0,0,2010,1,3,Mar,2010-03,Spring,22.8,9.2,0,0,None,Moderate (30-45 km/h),West
770,2010-03-20,19.8,29.0,0.0,6.2,11.1,W,41,W,E,15,15,64,68,1021.0,1019.5,3,1,22.8,26.5,No,No,No,2010-03-21,True,1.0,0,0,2010,1,3,Mar,2010-03,Spring,24.4,9.2,0,0,None,Moderate (30-45 km/h),West
771,2010-03-21,21.7,30.9,0.0,7.0,9.0,W,41,W,E,9,19,64,56,1017.9,1014.3,6,6,23.5,28.0,No,No,No,2010-03-22,True,1.0,0,0,2010,1,3,Mar,2010-03,Spring,26.3,9.2,0,0,None,Moderate (30-45 km/h),West
772,2010-03-22,20.8,25.0,0.0,8.4,6.3,W,41,ESE,ESE,9,19,64,57,1020.1,1018.7,7,5,22.5,24.1,No,No,No,2010-03-23,True,1.0,0,0,2010,1,3,Mar,2010-03,Spring,22.9,4.2,0,0,None,Moderate (30-45 km/h),West
773,2010-03-23,18.7,27.0,0.0,4.4,10.9,W,41,WNW,ENE,13,22,74,60,1020.1,1017.4,0,5,21.6,26.1,No,No,No,2010-03-24,True,1.0,0,0,2010,1,3,Mar,2010-03,Spring,22.85,8.3,0,0,None,Moderate (30-45 km/h),West
774,2010-03-24,18.7,26.0,0.0,7.6,6.1,W,41,W,ESE,17,20,79,58,1021.6,1020.8,7,5,20.3,25.3,No,No,No,2010-03-25,True,1.0,0,0,2010,1,3,Mar,2010-03,Spring,22.35,7.3,0,0,None,Moderate (30-45 km/h),West
775,2010-03-25,19.5,25.5,0.0,4.0,8.7,W,41,W,NE,7,20,75,61,1023.4,1019.6,6,1,21.1,24.8,No,No,No,2010-03-26,True,1.0,0,0,2010,1,3,Mar,2010-03,Spring,22.5,6.0,0,0,None,Moderate (30-45 km/h),West
776,2010-03-26,19.5,29.6,0.0,5.6,8.9,W,41,W,ENE,9,9,80,52,1019.1,1015.4,0,2,22.6,29.5,No,No,No,2010-03-27,True,1.0,0,0,2010,1,3,Mar,2010-03,Spring,24.55,10.1,0,0,None,Moderate (30-45 km/h),West
777,2010-03-27,22.4,26.9,0.0,7.4,7.2,W,41,SSW,S,17,19,80,66,1019.6,1018.4,6,7,23.0,25.5,No,No,No,2010-03-28,True,1.0,0,0,2010,1,3,Mar,2010-03,Spring,24.65,4.5,0,0,None,Moderate (30-45 km/h),West
778,2010-03-28,20.8,26.4,0.0,5.4,8.2,W,41,W,NE,6,19,82,66,1019.2,1014.9,2,7,23.1,26.2,No,No,No,2010-03-29,True,1.0,0,0,2010,1,3,Mar,2010-03,Spring,23.6,5.6,0,0,None,Moderate (30-45 km/h),West
779,2010-03-29,22.4,27.5,0.0,2.8,0.1,W,41,W,W,7,11,78,56,1016.9,1016.4,7,8,23.2,26.7,No,Yes,Yes,2010-03-30,True,1.0,0,0,2010,1,3,Mar,2010-03,Spring,24.95,5.1,0,0,None,Moderate (30-45 km/h),West
780,2010-03-30,20.5,21.3,4.0,4.8,0.0,W,41,SSW,SSW,4,9,92,88,1019.8,1018.4,8,8,20.6,21.2,Yes,Yes,Yes,2010-03-31,True,1.0,0,0,2010,1,3,Mar,2010-03,Spring,20.9,0.8,0,1,Moderate,Moderate (30-45 km/h),West
781,2010-03-31,18.9,23.1,14.0,2.6,3.1,W,41,S,S,24,30,68,67,1019.5,1017.5,7,6,21.0,22.0,Yes,No,No,2010-04-01,True,1.0,0,0,2010,1,3,Mar,2010-03,Spring,21.0,4.2,0,1,Heavy,Moderate (30-45 km/h),West
782,2010-04-01,16.0,25.3,0.2,3.6,10.8,W,41,W,S,24,19,68,45,1018.3,1016.3,2,1,18.4,24.8,No,No,No,2010-04-02,True,1.0,0,0,2010,2,4,Apr,2010-04,Spring,20.65,9.3,0,0,Light,Moderate (30-45 km/h),West
783,2010-04-02,17.2,24.6,0.0,5.8,9.4,W,41,W,S,13,24,74,46,1019.9,1018.5,5,2,19.0,24.3,No,No,No,2010-04-03,True,1.0,0,0,2010,2,4,Apr,2010-04,Spring,20.9,7.4,0,0,None,Moderate (30-45 km/h),West
784,2010-04-03,15.9,24.0,0.0,6.6,7.2,W,41,WNW,SE,17,15,72,56,1021.4,1020.0,2,3,18.6,22.1,No,Yes,Yes,2010-04-04,True,1.0,0,0,2010,2,4,Apr,2010-04,Spring,19.95,8.1,0,0,None,Moderate (30-45 km/h),West
785,2010-04-04,15.4,22.4,6.8,3.2,6.6,W,41,W,SSE,13,19,84,59,1022.9,1020.5,6,6,17.7,20.7,Yes,Yes,Yes,2010-04-05,True,1.0,0,0,2010,2,4,Apr,2010-04,Spring,18.9,7.0,0,1,Moderate,Moderate (30-45 km/h),West
786,2010-04-05,15.2,21.5,1.2,4.4,2.5,W,41,WNW,SE,9,7,76,64,1021.1,1019.0,5,7,19.6,20.5,Yes,No,No,2010-04-06,True,1.0,0,0,2010,2,4,Apr,2010-04,Spring,18.35,6.3,0,1,Light,Moderate (30-45 km/h),West
787,2010-04-06,17.0,23.3,0.8,2.2,3.6,W,41,W,E,0,17,74,62,1020.5,1017.6,6,7,21.4,22.4,No,Yes,Yes,2010-04-07,True,1.0,0,0,2010,2,4,Apr,2010-04,Spring,20.15,6.3,0,0,Light,Moderate (30-45 km/h),West
788,2010-04-07,18.5,25.9,3.8,2.8,1.1,W,41,NNE,NNW,15,22,90,65,1016.6,1012.3,8,7,19.1,24.5,Yes,Yes,Yes,2010-04-08,True,1.0,0,0,2010,2,4,Apr,2010-04,Spring,22.2,7.4,0,1,Moderate,Moderate (30-45 km/h),West
789,2010-04-08,19.0,28.7,3.0,1.4,9.4,W,41,W,SSE,17,17,77,71,1012.5,1011.8,3,3,22.2,24.3,Yes,Yes,Yes,2010-04-09,True,1.0,0,0,2010,2,4,Apr,2010-04,Spring,23.85,9.7,0,1,Moderate,Moderate (30-45 km/h),West
790,2010-04-09,16.4,25.0,4.4,5.0,9.9,W,41,WNW,SE,15,20,68,55,1014.8,1011.1,2,6,20.8,22.4,Yes,No,No,2010-04-10,True,1.0,0,0,2010,2,4,Apr,2010-04,Spring,20.7,8.6,0,1,Moderate,Moderate (30-45 km/h),West
791,2010-04-10,17.2,27.9,0.0,6.2,7.4,W,41,W,E,9,17,78,41,1010.5,1007.6,6,1,18.6,27.6,No,No,No,2010-04-11,True,1.0,0,0,2010,2,4,Apr,2010-04,Spring,22.55,10.7,0,0,None,Moderate (30-45 km/h),West
792,2010-04-11,18.6,27.9,0.0,3.8,10.1,W,41,NNW,WNW,15,20,58,33,1007.9,1006.0,5,3,24.5,27.7,No,No,No,2010-04-12,True,1.0,0,0,2010,2,4,Apr,2010-04,Spring,23.25,9.3,0,0,None,Moderate (30-45 km/h),West
793,2010-04-12,14.9,24.5,0.0,8.6,10.6,W,41,W,WSW,30,20,33,22,1014.3,1011.7,1,2,16.8,24.2,No,No,No,2010-04-13,True,1.0,0,0,2010,2,4,Apr,2010-04,Spring,19.7,9.6,0,0,None,Moderate (30-45 km/h),West
794,2010-04-13,13.1,22.3,0.0,5.6,10.7,W,41,W,SSE,17,19,52,46,1021.8,1020.3,1,1,17.6,21.3,No,No,No,2010-04-14,True,1.0,0,0,2010,2,4,Apr,2010-04,Spring,17.7,9.2,0,0,None,Moderate (30-45 km/h),West
795,2010-04-14,12.3,25.0,0.0,3.8,10.7,W,41,W,ENE,15,17,71,49,1022.8,1019.3,0,2,15.9,23.0,No,No,No,2010-04-15,True,1.0,0,0,2010,2,4,Apr,2010-04,Spring,18.65,12.7,0,0,None,Moderate (30-45 km/h),West
796,2010-04-15,14.9,24.9,0.0,6.0,9.3,W,41,W,ESE,15,19,77,62,1021.9,1020.5,6,3,17.5,23.3,No,No,No,2010-04-16,True,1.0,0,0,2010,2,4,Apr,2010-04,Spring,19.9,10.0,0,0,None,Moderate (30-45 km/h),West
797,2010-04-16,16.9,22.3,0.0,3.6,1.5,W,41,WNW,SSE,9,15,77,64,1027.0,1025.1,7,6,18.1,21.8,No,No,No,2010-04-17,True,1.0,0,0,2010,2,4,Apr,2010-04,Spring,19.6,5.4,0,0,None,Moderate (30-45 km/h),West
798,2010-04-17,15.8,25.3,0.6,2.4,10.8,W,41,W,ESE,11,15,82,63,1028.1,1026.0,1,3,19.1,24.2,No,No,No,2010-04-19,False,1.0,0,0,2010,2,4,Apr,2010-04,Spring,20.55,9.5,0,0,Light,Moderate (30-45 km/h),West
799,2010-04-19,17.2,24.9,0.0,2.8,9.6,W,41,WNW,E,6,13,82,65,1026.0,1023.7,2,2,20.5,24.2,No,No,No,2010-04-20,True,2.0,1,0,2010,2,4,Apr,2010-04,Spring,21.05,7.7,0,0,None,Moderate (30-45 km/h),West
800,2010-04-20,17.3,24.8,0.0,4.4,9.3,W,41,W,E,13,15,87,57,1025.2,1021.7,1,5,20.0,24.4,No,No,No,2010-04-21,True,1.0,0,0,2010,2,4,Apr,2010-04,Spring,21.05,7.5,0,0,None,Moderate (30-45 km/h),West
801,2010-04-21,16.7,24.2,0.0,3.4,10.3,W,41,W,ENE,15,20,95,63,1023.4,1020.4,1,1,17.6,23.9,No,No,No,2010-04-22,True,1.0,0,0,2010,2,4,Apr,2010-04,Spring,20.45,7.5,0,0,None,Moderate (30-45 km/h),West
802,2010-04-22,16.7,25.7,0.0,5.4,10.6,W,41,WNW,E,11,19,81,63,1022.9,1019.4,1,1,19.3,23.9,No,No,No,2010-04-23,True,1.0,0,0,2010,2,4,Apr,2010-04,Spring,21.2,9.0,0,0,None,Moderate (30-45 km/h),West
803,2010-04-23,16.6,30.7,0.0,3.2,10.6,W,41,W,NE,13,11,68,50,1020.6,1016.0,1,1,20.2,26.5,No,No,No,2010-04-24,True,1.0,0,0,2010,2,4,Apr,2010-04,Spring,23.65,14.1,0,0,None,Moderate (30-45 km/h),West
804,2010-04-24,20.2,28.6,0.0,7.2,3.4,W,41,NW,NNW,11,20,57,49,1014.3,1009.9,7,7,22.8,26.4,No,Yes,Yes,2010-04-25,True,1.0,0,0,2010,2,4,Apr,2010-04,Spring,24.4,8.4,0,0,None,Moderate (30-45 km/h),West
805,2010-04-25,17.2,22.8,8.8,5.0,3.8,W,41,W,S,20,20,77,70,1013.2,1013.5,7,5,17.3,19.2,Yes,No,No,2010-04-26,True,1.0,0,0,2010,2,4,Apr,2010-04,Spring,20.0,5.6,0,1,Moderate,Moderate (30-45 km/h),West
806,2010-04-26,12.5,21.8,0.4,3.0,10.5,W,41,W,SE,24,15,56,46,1024.3,1022.3,1,1,15.1,21.5,No,No,No,2010-04-27,True,1.0,0,0,2010,2,4,Apr,2010-04,Spring,17.15,9.3,0,0,Light,Moderate (30-45 km/h),West
807,2010-04-27,11.7,20.4,0.0,4.4,2.2,W,41,W,W,19,11,65,41,1020.4,1017.8,6,7,14.2,20.1,No,No,No,2010-04-28,True,1.0,0,0,2010,2,4,Apr,2010-04,Spring,16.05,8.7,0,0,None,Moderate (30-45 km/h),West
808,2010-04-28,12.6,24.9,0.0,2.4,10.6,W,41,W,W,15,9,64,32,1021.0,1016.7,0,1,16.0,24.5,No,No,No,2010-04-29,True,1.0,0,0,2010,2,4,Apr,2010-04,Spring,18.75,12.3,0,0,None,Moderate (30-45 km/h),West
809,2010-04-29,13.4,24.6,0.0,5.0,10.7,W,41,W,WNW,24,17,44,35,1019.9,1017.0,1,1,18.2,24.5,No,No,No,2010-04-30,True,1.0,0,0,2010,2,4,Apr,2010-04,Spring,19.0,11.2,0,0,None,Moderate (30-45 km/h),West
810,2010-04-30,14.0,19.4,0.0,5.0,0.3,W,41,W,S,20,13,79,64,1025.2,1024.4,8,7,14.4,19.2,No,Yes,Yes,2010-05-01,True,1.0,0,0,2010,2,4,Apr,2010-04,Spring,16.7,5.4,0,0,None,Moderate (30-45 km/h),West
811,2010-05-01,14.3,21.7,1.8,2.4,4.6,W,41,W,ENE,13,13,89,74,1027.6,1024.4,7,6,15.1,20.6,Yes,No,No,2010-05-02,True,1.0,0,0,2010,2,5,May,2010-05,Spring,18.0,7.4,0,1,Light,Moderate (30-45 km/h),West
812,2010-05-02,13.9,26.5,0.0,1.2,8.2,W,41,W,SW,19,2,90,30,1024.8,1022.1,2,1,15.3,26.3,No,No,No,2010-05-03,True,1.0,0,0,2010,2,5,May,2010-05,Spring,20.2,12.6,0,0,None,Moderate (30-45 km/h),West
813,2010-05-03,14.8,23.1,0.2,4.0,6.5,W,41,W,ESE,15,6,75,60,1027.6,1024.3,4,6,18.0,22.7,No,No,No,2010-05-04,True,1.0,0,0,2010,2,5,May,2010-05,Spring,18.95,8.3,0,0,Light,Moderate (30-45 km/h),West
814,2010-05-04,16.2,24.8,0.0,2.8,4.2,W,41,WNW,NE,2,17,80,54,1021.3,1015.8,7,5,19.2,24.2,No,No,No,2010-05-05,True,1.0,0,0,2010,2,5,May,2010-05,Spring,20.5,8.6,0,0,None,Moderate (30-45 km/h),West
815,2010-05-05,15.4,21.1,0.0,3.8,5.9,W,41,NNE,W,7,28,59,41,1012.2,1011.3,7,3,18.7,18.1,No,Yes,Yes,2010-05-06,True,1.0,0,0,2010,2,5,May,2010-05,Spring,18.25,5.7,0,0,None,Moderate (30-45 km/h),West
816,2010-05-06,10.4,22.3,2.0,4.4,10.2,W,41,W,WSW,24,7,48,34,1020.0,1018.3,1,1,13.9,21.5,Yes,No,No,2010-05-07,True,1.0,0,0,2010,2,5,May,2010-05,Spring,16.35,11.9,0,1,Light,Moderate (30-45 km/h),West
817,2010-05-07,11.3,23.1,0.0,3.8,10.1,W,41,W,WSW,20,6,62,33,1022.4,1018.3,1,1,13.5,22.9,No,No,No,2010-05-08,True,1.0,0,0,2010,2,5,May,2010-05,Spring,17.2,11.8,0,0,None,Moderate (30-45 km/h),West
818,2010-05-08,11.1,24.4,0.0,4.0,10.1,W,41,W,E,20,11,65,46,1021.9,1019.3,1,1,14.1,22.6,No,No,No,2010-05-09,True,1.0,0,0,2010,2,5,May,2010-05,Spring,17.75,13.3,0,0,None,Moderate (30-45 km/h),West
819,2010-05-09,12.3,24.6,0.0,2.0,10.2,W,41,W,E,15,17,68,50,1022.0,1018.3,1,1,15.3,22.4,No,No,No,2010-05-10,True,1.0,0,0,2010,2,5,May,2010-05,Spring,18.45,12.3,0,0,None,Moderate (30-45 km/h),West
820,2010-05-10,12.7,22.6,0.0,4.4,10.2,W,41,W,NE,13,19,78,61,1020.3,1015.8,1,1,15.7,22.0,No,No,No,2010-05-11,True,1.0,0,0,2010,2,5,May,2010-05,Spring,17.65,9.9,0,0,None,Moderate (30-45 km/h),West
821,2010-05-11,12.8,27.0,0.0,4.2,9.7,W,41,W,W,11,30,64,19,1012.6,1008.7,1,1,16.3,25.7,No,No,No,2010-05-12,True,1.0,0,0,2010,2,5,May,2010-05,Spring,19.9,14.2,0,0,None,Moderate (30-45 km/h),West
822,2010-05-12,10.5,18.9,0.0,8.0,10.2,W,41,WSW,S,28,26,40,29,1017.9,1016.9,1,1,12.7,18.5,No,No,No,2010-05-13,True,1.0,0,0,2010,2,5,May,2010-05,Spring,14.7,8.4,0,0,None,Moderate (30-45 km/h),West
823,2010-05-13,9.0,21.9,0.0,4.4,9.4,W,41,W,S,24,17,53,36,1018.8,1015.8,1,2,12.0,20.7,No,No,No,2010-05-14,True,1.0,0,0,2010,2,5,May,2010-05,Spring,15.45,12.9,0,0,None,Moderate (30-45 km/h),West
824,2010-05-14,10.6,21.1,0.0,4.4,10.1,W,41,W,SW,19,22,60,35,1018.4,1014.9,1,2,13.0,20.3,No,No,No,2010-05-15,True,1.0,0,0,2010,2,5,May,2010-05,Spring,15.85,10.5,0,0,None,Moderate (30-45 km/h),West
825,2010-05-15,10.5,21.7,0.0,4.0,9.0,W,41,W,S,20,24,62,47,1017.6,1016.1,1,3,13.2,20.5,No,No,No,2010-05-16,True,1.0,0,0,2010,2,5,May,2010-05,Spring,16.1,11.2,0,0,None,Moderate (30-45 km/h),West
826,2010-05-16,11.0,21.6,0.0,4.4,7.7,W,41,W,SSE,17,13,71,60,1020.9,1018.4,2,6,12.7,19.7,No,No,No,2010-05-17,True,1.0,0,0,2010,2,5,May,2010-05,Spring,16.3,10.6,0,0,None,Moderate (30-45 km/h),West
827,2010-05-17,12.7,17.9,1.0,2.4,0.2,W,41,W,WNW,19,4,85,68,1019.7,1016.7,8,8,13.1,16.5,No,Yes,Yes,2010-05-18,True,1.0,0,0,2010,2,5,May,2010-05,Spring,15.3,5.2,0,1,Light,Moderate (30-45 km/h),West
828,2010-05-18,12.4,15.4,13.8,1.0,0.0,W,41,W,SW,22,17,94,92,1018.2,1017.4,8,8,13.0,14.9,Yes,Yes,Yes,2010-05-19,True,1.0,0,0,2010,2,5,May,2010-05,Spring,13.9,3.0,0,1,Heavy,Moderate (30-45 km/h),West
829,2010-05-19,11.7,20.0,47.8,4.8,6.1,W,41,W,SSE,20,9,91,62,1022.1,1020.3,7,3,13.0,20.0,Yes,No,No,2010-05-20,True,1.0,0,0,2010,2,5,May,2010-05,Spring,15.85,8.3,0,1,Heavy,Moderate (30-45 km/h),West
830,2010-05-20,11.2,19.7,1.0,2.8,6.1,W,41,W,ESE,19,11,82,55,1023.1,1019.9,6,6,12.7,19.3,No,No,No,2010-05-21,True,1.0,0,0,2010,2,5,May,2010-05,Spring,15.45,8.5,0,1,Light,Moderate (30-45 km/h),West
831,2010-05-21,11.7,19.5,0.0,1.2,6.4,W,41,WNW,SSE,13,20,83,58,1020.6,1017.9,3,6,13.9,18.4,No,Yes,Yes,2010-05-22,True,1.0,0,0,2010,2,5,May,2010-05,Spring,15.6,7.8,0,0,None,Moderate (30-45 km/h),West
832,2010-05-22,10.8,18.6,17.2,2.8,4.8,W,41,W,SSW,22,24,92,58,1021.5,1019.7,7,3,11.3,18.4,Yes,Yes,Yes,2010-05-23,True,1.0,0,0,2010,2,5,May,2010-05,Spring,14.7,7.8,0,1,Heavy,Moderate (30-45 km/h),West
833,2010-05-23,9.5,14.7,14.2,5.0,0.4,W,41,W,W,19,11,91,93,1023.6,1020.8,7,6,10.4,14.3,Yes,Yes,Yes,2010-05-24,True,1.0,0,0,2010,2,5,May,2010-05,Spring,12.1,5.2,0,1,Heavy,Moderate (30-45 km/h),West
834,2010-05-24,10.4,18.0,5.6,0.2,1.1,W,41,W,E,15,4,86,68,1019.7,1015.7,7,7,12.1,17.8,Yes,No,No,2010-05-25,True,1.0,0,0,2010,2,5,May,2010-05,Spring,14.2,7.6,0,1,Moderate,Moderate (30-45 km/h),West
835,2010-05-25,12.1,16.9,0.8,4.8,0.1,W,41,WNW,WNW,11,7,89,84,1011.7,1006.3,7,7,14.1,16.8,No,Yes,Yes,2010-05-26,True,1.0,0,0,2010,2,5,May,2010-05,Spring,14.5,4.8,0,0,Light,Moderate (30-45 km/h),West
836,2010-05-26,13.4,17.3,9.0,2.2,0.0,W,41,W,ESE,17,50,96,94,1004.8,1004.9,8,8,13.5,15.6,Yes,Yes,Yes,2010-05-27,True,1.0,0,0,2010,2,5,May,2010-05,Spring,15.35,3.9,0,1,Moderate,Moderate (30-45 km/h),West
837,2010-05-27,13.5,18.7,33.6,5.8,3.3,W,41,SE,S,15,11,82,62,1018.0,1017.6,6,7,15.9,18.3,Yes,Yes,Yes,2010-05-28,True,1.0,0,0,2010,2,5,May,2010-05,Spring,16.1,5.2,0,1,Heavy,Moderate (30-45 km/h),West
838,2010-05-28,11.7,19.9,1.6,1.4,4.6,W,41,W,E,15,7,92,53,1021.0,1017.1,7,5,12.9,19.8,Yes,Yes,Yes,2010-05-29,True,1.0,0,0,2010,2,5,May,2010-05,Spring,15.8,8.2,0,1,Light,Moderate (30-45 km/h),West
839,2010-05-29,12.9,17.1,3.0,2.8,0.0,W,41,N,NE,11,4,88,87,1009.5,1004.7,7,8,15.8,16.2,Yes,Yes,Yes,2010-05-30,True,1.0,0,0,2010,2,5,May,2010-05,Spring,15.0,4.2,0,1,Moderate,Moderate (30-45 km/h),West
840,2010-05-30,11.8,19.1,3.0,1.4,2.2,W,41,WNW,W,15,2,78,56,1003.2,1002.4,4,6,13.0,18.7,Yes,Yes,Yes,2010-05-31,True,1.0,0,0,2010,2,5,May,2010-05,Spring,15.45,7.3,0,1,Moderate,Moderate (30-45 km/h),West
841,2010-05-31,12.6,20.0,12.8,1.6,3.9,W,41,SSW,S,22,28,87,68,1008.3,1010.2,7,7,16.5,19.1,Yes,Yes,Yes,2010-06-01,True,1.0,0,0,2010,2,5,May,2010-05,Spring,16.3,7.4,0,1,Heavy,Moderate (30-45 km/h),West
842,2010-06-01,11.7,19.7,12.4,2.6,3.6,W,41,W,S,15,19,80,60,1019.2,1017.7,7,7,14.5,18.5,Yes,No,No,2010-06-02,True,1.0,0,0,2010,2,6,Jun,2010-06,Summer,15.7,8.0,0,1,Heavy,Moderate (30-45 km/h),West
843,2010-06-02,11.2,20.1,0.0,3.0,7.0,W,41,W,SSW,19,13,81,63,1020.9,1019.6,6,5,12.7,19.0,No,Yes,Yes,2010-06-03,True,1.0,0,0,2010,2,6,Jun,2010-06,Summer,15.65,8.9,0,0,None,Moderate (30-45 km/h),West
844,2010-06-03,12.7,18.6,6.0,2.4,0.8,W,41,SSW,ESE,19,24,91,90,1023.0,1020.0,7,7,15.2,17.1,Yes,Yes,Yes,2010-06-04,True,1.0,0,0,2010,2,6,Jun,2010-06,Summer,15.65,5.9,0,1,Moderate,Moderate (30-45 km/h),West
845,2010-06-04,15.2,17.7,26.4,3.4,0.0,W,41,E,SSE,26,30,85,94,1018.7,1015.5,7,8,17.3,16.4,Yes,Yes,Yes,2010-06-05,True,1.0,0,0,2010,2,6,Jun,2010-06,Summer,16.45,2.5,0,1,Heavy,Moderate (30-45 km/h),West
846,2010-06-05,12.5,20.5,61.4,1.0,4.4,W,41,W,SSW,22,15,80,67,1014.2,1012.0,5,7,13.5,17.4,Yes,No,No,2010-06-06,True,1.0,0,1,2010,2,6,Jun,2010-06,Summer,16.5,8.0,0,1,Extreme,Moderate (30-45 km/h),West
847,2010-06-06,9.5,18.5,0.4,2.2,6.5,W,41,W,SW,28,22,64,70,1014.7,1015.8,1,7,11.3,15.2,No,Yes,Yes,2010-06-07,True,1.0,0,0,2010,2,6,Jun,2010-06,Summer,14.0,9.0,0,0,Light,Moderate (30-45 km/h),West
848,2010-06-07,9.1,15.5,4.2,3.4,3.9,W,41,W,SSW,24,20,60,77,1024.3,1023.0,2,7,10.6,14.3,Yes,No,No,2010-06-08,True,1.0,0,0,2010,2,6,Jun,2010-06,Summer,12.3,6.4,0,1,Moderate,Moderate (30-45 km/h),West
849,2010-06-08,9.1,18.5,0.4,4.8,9.0,W,41,W,NE,22,6,78,62,1023.5,1018.7,5,4,10.6,16.3,No,No,No,2010-06-09,True,1.0,0,0,2010,2,6,Jun,2010-06,Summer,13.8,9.4,0,0,Light,Moderate (30-45 km/h),West
850,2010-06-09,9.5,16.7,0.0,2.2,7.2,W,41,W,WNW,6,30,71,34,1012.0,1008.3,5,3,11.1,15.7,No,No,No,2010-06-10,True,1.0,0,0,2010,2,6,Jun,2010-06,Summer,13.1,7.2,0,0,None,Moderate (30-45 km/h),West
851,2010-06-10,10.3,17.2,0.0,3.8,7.2,W,41,W,SSW,26,13,48,30,1017.5,1017.7,5,4,11.3,16.8,No,No,No,2010-06-11,True,1.0,0,0,2010,2,6,Jun,2010-06,Summer,13.75,6.9,0,0,None,Moderate (30-45 km/h),West
852,2010-06-11,6.2,17.4,0.0,3.2,9.8,W,41,W,W,19,22,64,37,1019.9,1016.0,0,1,9.0,16.9,No,No,No,2010-06-12,True,1.0,0,0,2010,2,6,Jun,2010-06,Summer,11.8,11.2,0,0,None,Moderate (30-45 km/h),West
853,2010-06-12,9.0,16.7,0.0,3.0,9.6,W,41,W,S,20,22,63,42,1022.0,1021.7,1,2,11.5,15.8,No,No,No,2010-06-13,True,1.0,0,0,2010,2,6,Jun,2010-06,Summer,12.85,7.7,0,0,None,Moderate (30-45 km/h),West
854,2010-06-13,6.6,17.9,0.0,3.8,9.5,W,41,W,S,22,13,66,50,1029.8,1028.9,1,1,8.4,17.1,No,No,No,2010-06-14,True,1.0,0,0,2010,2,6,Jun,2010-06,Summer,12.25,11.3,0,0,None,Moderate (30-45 km/h),West
855,2010-06-14,6.9,18.3,0.0,1.8,9.5,W,41,W,ENE,22,2,75,50,1034.7,1032.0,5,4,8.9,17.8,No,No,No,2010-06-15,True,1.0,0,0,2010,2,6,Jun,2010-06,Summer,12.6,11.4,0,0,None,Moderate (30-45 km/h),West
856,2010-06-15,8.1,19.3,0.0,2.0,9.3,W,41,W,ENE,17,7,86,56,1032.7,1028.9,5,4,10.0,17.6,No,No,No,2010-06-16,True,1.0,0,0,2010,2,6,Jun,2010-06,Summer,13.7,11.2,0,0,None,Moderate (30-45 km/h),West
857,2010-06-16,9.1,18.9,0.0,1.6,9.6,W,41,WNW,ENE,11,15,89,59,1028.9,1024.1,2,2,10.6,18.3,No,No,No,2010-06-17,True,1.0,0,0,2010,2,6,Jun,2010-06,Summer,14.0,9.8,0,0,None,Moderate (30-45 km/h),West
858,2010-06-17,10.6,17.3,0.0,4.0,1.7,W,41,NNW,N,11,22,67,69,1016.0,1010.5,8,5,14.2,16.6,No,No,No,2010-06-20,False,1.0,0,0,2010,2,6,Jun,2010-06,Summer,13.95,6.7,0,0,None,Moderate (30-45 km/h),West
859,2010-06-20,9.5,20.2,0.0,3.0,9.8,W,41,W,ESE,19,7,71,40,1025.0,1023.8,5,4,11.3,20.0,No,Yes,Yes,2010-06-21,True,3.0,1,0,2010,2,6,Jun,2010-06,Summer,14.85,10.7,0,0,None,Moderate (30-45 km/h),West
860,2010-06-21,10.1,16.0,8.2,3.4,4.2,W,41,W,S,15,17,95,80,1032.8,1032.5,7,4,11.5,15.7,Yes,Yes,Yes,2010-06-23,False,1.0,0,0,2010,2,6,Jun,2010-06,Summer,13.05,5.9,0,1,Moderate,Moderate (30-45 km/h),West
861,2010-06-23,12.6,15.6,4.0,2.2,0.2,W,41,SSE,S,17,6,83,90,1036.7,1034.1,7,7,14.4,14.6,Yes,Yes,Yes,2010-06-24,True,2.0,1,0,2010,2,6,Jun,2010-06,Summer,14.1,3.0,0,1,Moderate,Moderate (30-45 km/h),West
862,2010-06-24,11.8,17.0,18.8,0.6,5.2,W,41,W,E,15,19,96,64,1031.6,1027.1,7,2,12.2,17.0,Yes,No,No,2010-06-25,True,1.0,0,0,2010,2,6,Jun,2010-06,Summer,14.4,5.2,0,1,Heavy,Moderate (30-45 km/h),West
863,2010-06-25,12.2,18.4,0.0,3.2,2.8,W,41,W,N,13,17,83,65,1025.1,1020.7,6,6,13.7,18.4,No,No,No,2010-06-26,True,1.0,0,0,2010,2,6,Jun,2010-06,Summer,15.3,6.2,0,0,None,Moderate (30-45 km/h),West
864,2010-06-26,13.5,20.0,1.0,1.4,4.0,W,41,WNW,WSW,20,17,78,50,1017.3,1016.3,7,2,15.2,19.7,No,No,No,2010-06-27,True,1.0,0,0,2010,2,6,Jun,2010-06,Summer,16.75,6.5,0,1,Light,Moderate (30-45 km/h),West
865,2010-06-27,6.7,14.9,0.0,2.8,6.8,W,41,W,SSW,20,22,72,53,1021.0,1018.9,1,6,8.1,13.9,No,No,No,2010-06-28,True,1.0,0,0,2010,2,6,Jun,2010-06,Summer,10.8,8.2,0,0,None,Moderate (30-45 km/h),West
866,2010-06-28,5.5,15.8,0.0,2.0,9.7,W,41,W,W,22,9,68,36,1021.0,1017.7,1,1,7.0,15.3,No,No,No,2010-06-29,True,1.0,0,0,2010,2,6,Jun,2010-06,Summer,10.65,10.3,0,0,None,Moderate (30-45 km/h),West
867,2010-06-29,4.7,14.4,0.0,2.6,9.9,W,41,WNW,WSW,13,6,63,36,1020.1,1017.0,0,0,7.0,14.4,No,No,No,2010-06-30,True,1.0,0,0,2010,2,6,Jun,2010-06,Summer,9.55,9.7,0,0,None,Moderate (30-45 km/h),West
868,2010-06-30,4.3,16.1,0.0,3.0,9.3,W,41,W,WNW,11,4,70,41,1020.8,1018.5,0,1,6.4,15.7,No,No,No,2010-07-01,True,1.0,0,0,2010,2,6,Jun,2010-06,Summer,10.2,11.8,0,0,None,Moderate (30-45 km/h),West
869,2010-07-01,6.4,17.1,0.0,2.0,8.6,W,41,W,W,20,7,70,40,1024.9,1022.8,4,4,8.5,16.9,No,No,No,2010-07-02,True,1.0,0,0,2010,3,7,Jul,2010-07,Summer,11.75,10.7,0,0,None,Moderate (30-45 km/h),West
870,2010-07-02,7.6,12.1,0.0,2.0,0.0,W,41,W,W,15,11,74,65,1026.8,1023.5,7,8,9.2,11.9,No,No,No,2010-07-03,True,1.0,0,0,2010,3,7,Jul,2010-07,Summer,9.85,4.5,0,0,None,Moderate (30-45 km/h),West
871,2010-07-03,7.7,16.3,0.6,1.8,9.8,W,41,W,SSW,24,24,68,38,1025.6,1026.1,1,2,9.1,15.6,No,No,No,2010-07-04,True,1.0,0,0,2010,3,7,Jul,2010-07,Summer,12.0,8.6,0,0,Light,Moderate (30-45 km/h),West
872,2010-07-04,7.8,17.8,0.0,3.2,8.8,W,41,W,S,22,17,68,56,1029.7,1026.9,2,4,8.9,16.9,No,No,No,2010-07-05,True,1.0,0,0,2010,3,7,Jul,2010-07,Summer,12.8,10.0,0,0,None,Moderate (30-45 km/h),West
873,2010-07-05,8.8,13.5,0.0,3.4,0.1,W,41,W,W,20,11,76,83,1027.2,1024.1,7,8,9.7,13.1,No,Yes,Yes,2010-07-06,True,1.0,0,0,2010,3,7,Jul,2010-07,Summer,11.15,4.7,0,0,None,Moderate (30-45 km/h),West
874,2010-07-06,9.7,17.2,4.2,0.4,3.5,W,41,W,SSW,7,17,95,67,1016.7,1015.1,6,7,10.8,15.1,Yes,Yes,Yes,2010-07-07,True,1.0,0,0,2010,3,7,Jul,2010-07,Summer,13.45,7.5,0,1,Moderate,Moderate (30-45 km/h),West
875,2010-07-07,9.6,16.0,2.6,1.4,2.9,W,41,W,S,22,20,83,70,1023.9,1022.5,7,6,10.3,15.3,Yes,Yes,Yes,2010-07-09,False,1.0,0,0,2010,3,7,Jul,2010-07,Summer,12.8,6.4,0,1,Moderate,Moderate (30-45 km/h),West
876,2010-07-09,9.7,15.6,32.0,0.0,3.8,W,41,WNW,S,19,9,96,83,1029.6,1027.9,6,7,10.7,13.9,Yes,Yes,Yes,2010-07-10,True,2.0,1,0,2010,3,7,Jul,2010-07,Summer,12.65,5.9,0,1,Heavy,Moderate (30-45 km/h),West
877,2010-07-10,8.6,17.6,4.6,2.0,4.8,W,41,W,ENE,17,11,95,65,1028.9,1025.0,6,7,9.9,16.6,Yes,No,No,2010-07-11,True,1.0,0,0,2010,3,7,Jul,2010-07,Summer,13.1,9.0,0,1,Moderate,Moderate (30-45 km/h),West
878,2010-07-11,9.9,19.0,0.2,1.2,1.0,W,41,N,NW,13,7,61,76,1022.2,1019.8,7,7,16.7,17.3,No,No,No,2010-07-12,True,1.0,0,0,2010,3,7,Jul,2010-07,Summer,14.45,9.1,0,0,Light,Moderate (30-45 km/h),West
879,2010-07-12,10.1,16.9,0.2,2.0,2.1,W,41,W,WNW,19,6,87,61,1023.6,1021.1,6,7,11.4,16.0,No,No,No,2010-07-13,True,1.0,0,0,2010,3,7,Jul,2010-07,Summer,13.5,6.8,0,0,Light,Moderate (30-45 km/h),West
880,2010-07-13,11.4,18.6,0.0,0.6,0.0,W,41,W,NNE,7,7,83,78,1020.3,1014.6,7,8,14.1,17.7,No,No,No,2010-07-14,True,1.0,0,0,2010,3,7,Jul,2010-07,Summer,15.0,7.2,0,0,None,Moderate (30-45 km/h),West
881,2010-07-14,13.9,18.1,1.0,1.8,8.0,W,41,WNW,WNW,20,22,56,33,1008.7,1008.6,3,1,14.4,17.4,No,No,No,2010-07-15,True,1.0,0,0,2010,3,7,Jul,2010-07,Summer,16.0,4.2,0,1,Light,Moderate (30-45 km/h),West
882,2010-07-15,10.4,18.2,0.0,5.2,9.8,W,41,W,WSW,24,17,50,34,1015.4,1017.1,1,3,11.9,17.4,No,No,No,2010-07-16,True,1.0,0,0,2010,3,7,Jul,2010-07,Summer,14.3,7.8,0,0,None,Moderate (30-45 km/h),West
883,2010-07-16,7.2,18.2,0.0,4.4,9.4,W,41,W,S,24,19,63,46,1025.9,1024.0,2,2,9.0,16.2,No,No,No,2010-07-17,True,1.0,0,0,2010,3,7,Jul,2010-07,Summer,12.7,11.0,0,0,None,Moderate (30-45 km/h),West
884,2010-07-17,7.1,18.5,0.0,2.6,9.9,W,41,W,E,26,9,71,39,1028.1,1024.7,1,1,8.6,18.4,No,No,No,2010-07-18,True,1.0,0,0,2010,3,7,Jul,2010-07,Summer,12.8,11.4,0,0,None,Moderate (30-45 km/h),West
885,2010-07-18,7.3,19.4,0.0,2.0,10.0,W,41,W,ESE,20,7,81,40,1022.6,1017.8,0,1,8.9,18.7,No,No,No,2010-07-19,True,1.0,0,0,2010,3,7,Jul,2010-07,Summer,13.35,12.1,0,0,None,Moderate (30-45 km/h),West
886,2010-07-19,8.7,16.7,0.0,3.6,0.8,W,41,W,SSW,15,7,67,53,1017.8,1016.0,6,7,11.1,15.0,No,No,No,2010-07-20,True,1.0,0,0,2010,3,7,Jul,2010-07,Summer,12.7,8.0,0,0,None,Moderate (30-45 km/h),West
887,2010-07-20,8.0,16.5,0.0,1.0,8.5,W,41,W,SSW,19,19,71,53,1022.4,1021.4,1,3,10.2,14.9,No,Yes,Yes,2010-07-21,True,1.0,0,0,2010,3,7,Jul,2010-07,Summer,12.25,8.5,0,0,None,Moderate (30-45 km/h),West
888,2010-07-21,8.0,15.7,6.6,3.2,4.1,W,41,W,SSW,19,13,73,54,1026.7,1024.6,7,4,9.2,15.5,Yes,No,No,2010-07-22,True,1.0,0,0,2010,3,7,Jul,2010-07,Summer,11.85,7.7,0,1,Moderate,Moderate (30-45 km/h),West
889,2010-07-22,6.0,14.7,0.4,1.0,5.0,W,41,W,SSW,28,20,64,69,1028.5,1028.1,1,5,8.8,13.6,No,No,No,2010-07-23,True,1.0,0,0,2010,3,7,Jul,2010-07,Summer,10.35,8.7,0,0,Light,Moderate (30-45 km/h),West
890,2010-07-23,8.0,18.2,0.2,2.0,5.8,W,41,W,S,20,20,75,62,1032.6,1030.3,2,7,9.8,16.4,No,Yes,Yes,2010-07-24,True,1.0,0,0,2010,3,7,Jul,2010-07,Summer,13.1,10.2,0,0,Light,Moderate (30-45 km/h),West
891,2010-07-24,9.6,18.3,4.6,2.6,3.9,W,41,W,SE,22,13,81,54,1030.7,1027.4,7,5,10.3,17.6,Yes,No,No,2010-07-25,True,1.0,0,0,2010,3,7,Jul,2010-07,Summer,13.95,8.7,0,1,Moderate,Moderate (30-45 km/h),West
892,2010-07-25,10.2,16.9,0.0,1.0,6.2,W,41,W,SE,11,15,83,64,1029.9,1027.7,3,5,12.5,15.5,No,Yes,Yes,2010-07-26,True,1.0,0,0,2010,3,7,Jul,2010-07,Summer,13.55,6.7,0,0,None,Moderate (30-45 km/h),West
893,2010-07-26,9.2,17.0,16.0,3.8,3.2,W,41,W,SE,15,7,90,69,1034.0,1032.6,6,7,11.9,15.5,Yes,Yes,Yes,2010-07-27,True,1.0,0,0,2010,3,7,Jul,2010-07,Summer,13.1,7.8,0,1,Heavy,Moderate (30-45 km/h),West
894,2010-07-27,9.3,16.9,2.4,1.6,3.2,W,41,W,E,13,9,86,49,1035.7,1032.5,6,7,11.2,16.6,Yes,Yes,Yes,2010-07-28,True,1.0,0,0,2010,3,7,Jul,2010-07,Summer,13.1,7.6,0,1,Light,Moderate (30-45 km/h),West
895,2010-07-28,11.2,15.2,2.6,1.6,0.8,W,41,N,NNE,4,11,96,90,1029.8,1024.8,8,8,12.3,14.4,Yes,Yes,Yes,2010-07-29,True,1.0,0,0,2010,3,7,Jul,2010-07,Summer,13.2,4.0,0,1,Moderate,Moderate (30-45 km/h),West
896,2010-07-29,11.4,16.2,24.2,1.4,0.6,W,41,NW,N,6,9,93,77,1019.1,1016.0,6,7,12.8,15.8,Yes,Yes,Yes,2010-07-30,True,1.0,0,0,2010,3,7,Jul,2010-07,Summer,13.8,4.8,0,1,Heavy,Moderate (30-45 km/h),West
897,2010-07-30,12.0,21.1,3.4,3.8,5.8,W,41,W,NNE,22,9,97,62,1016.9,1013.6,4,7,12.8,21.0,Yes,Yes,Yes,2010-07-31,True,1.0,0,0,2010,3,7,Jul,2010-07,Summer,16.55,9.1,0,1,Moderate,Moderate (30-45 km/h),West
898,2010-07-31,12.8,20.7,6.6,0.2,5.8,W,41,W,W,7,28,96,37,1012.1,1012.0,7,2,14.5,20.5,Yes,No,No,2010-08-01,True,1.0,0,0,2010,3,7,Jul,2010-07,Summer,16.75,7.9,0,1,Moderate,Moderate (30-45 km/h),West
899,2010-08-01,9.6,20.9,0.0,3.8,10.3,W,41,N,NW,11,26,62,35,1019.9,1013.0,1,1,13.2,20.6,No,No,No,2010-08-02,True,1.0,0,0,2010,3,8,Aug,2010-08,Summer,15.25,11.3,0,0,None,Moderate (30-45 km/h),West
900,2010-08-02,9.1,15.7,0.4,4.0,7.3,W,41,W,WSW,24,28,49,36,1015.8,1011.6,5,5,11.2,15.1,No,Yes,Yes,2010-08-03,True,1.0,0,0,2010,3,8,Aug,2010-08,Summer,12.4,6.6,0,0,Light,Moderate (30-45 km/h),West
901,2010-08-03,10.3,17.3,16.4,4.0,6.6,W,41,W,E,15,19,75,62,1016.2,1016.9,7,4,13.9,15.5,Yes,No,No,2010-08-04,True,1.0,0,0,2010,3,8,Aug,2010-08,Summer,13.8,7.0,0,1,Heavy,Moderate (30-45 km/h),West
902,2010-08-04,8.3,18.9,0.0,4.0,10.2,W,41,W,W,15,9,75,44,1019.0,1014.9,1,1,11.2,18.7,No,No,No,2010-08-05,True,1.0,0,0,2010,3,8,Aug,2010-08,Summer,13.6,10.6,0,0,None,Moderate (30-45 km/h),West
903,2010-08-05,7.1,16.9,0.0,3.8,8.3,W,41,NNW,W,17,20,57,33,1018.1,1015.1,3,5,11.1,15.8,No,No,No,2010-08-06,True,1.0,0,0,2010,3,8,Aug,2010-08,Summer,12.0,9.8,0,0,None,Moderate (30-45 km/h),West
904,2010-08-06,7.6,17.0,0.0,2.4,10.3,W,41,W,S,19,19,56,40,1020.5,1019.2,1,2,10.5,15.7,No,No,No,2010-08-07,True,1.0,0,0,2010,3,8,Aug,2010-08,Summer,12.3,9.4,0,0,None,Moderate (30-45 km/h),West
905,2010-08-07,6.8,16.1,0.0,4.2,10.2,W,41,W,S,26,20,58,50,1024.7,1022.2,1,5,9.1,15.5,No,No,No,2010-08-08,True,1.0,0,0,2010,3,8,Aug,2010-08,Summer,11.45,9.3,0,0,None,Moderate (30-45 km/h),West
906,2010-08-08,6.4,17.2,0.0,3.0,10.3,W,41,W,E,20,15,73,50,1022.2,1019.1,3,1,8.8,15.2,No,No,No,2010-08-09,True,1.0,0,0,2010,3,8,Aug,2010-08,Summer,11.8,10.8,0,0,None,Moderate (30-45 km/h),West
907,2010-08-09,7.2,17.1,0.0,2.6,8.9,W,41,W,E,15,20,83,58,1023.5,1020.9,2,1,9.3,17.0,No,Yes,Yes,2010-08-10,True,1.0,0,0,2010,3,8,Aug,2010-08,Summer,12.15,9.9,0,0,None,Moderate (30-45 km/h),West
908,2010-08-10,9.3,16.4,2.8,2.4,0.0,W,41,WSW,NNE,2,13,93,90,1019.2,1013.8,8,8,12.2,16.2,Yes,Yes,Yes,2010-08-11,True,1.0,0,0,2010,3,8,Aug,2010-08,Summer,12.85,7.1,0,1,Moderate,Moderate (30-45 km/h),West
909,2010-08-11,12.2,18.0,4.6,0.6,6.0,W,41,NW,WNW,19,20,59,35,1008.6,1003.7,7,3,12.8,17.4,Yes,No,No,2010-08-12,True,1.0,0,0,2010,3,8,Aug,2010-08,Summer,15.1,5.8,0,1,Moderate,Moderate (30-45 km/h),West
910,2010-08-12,10.7,16.7,0.2,6.6,5.9,W,41,W,W,35,22,55,47,1001.5,1002.3,2,7,12.2,15.0,No,No,No,2010-08-13,True,1.0,0,0,2010,3,8,Aug,2010-08,Summer,13.7,6.0,0,0,Light,Moderate (30-45 km/h),West
911,2010-08-13,9.9,18.3,0.0,2.6,10.6,W,41,W,S,26,31,54,44,1011.9,1012.0,1,1,12.7,17.0,No,No,No,2010-08-14,True,1.0,0,0,2010,3,8,Aug,2010-08,Summer,14.1,8.4,0,0,None,Moderate (30-45 km/h),West
912,2010-08-14,8.2,21.8,0.0,4.2,10.7,W,41,N,N,11,6,69,36,1014.5,1009.7,0,0,13.0,21.4,No,No,No,2010-08-15,True,1.0,0,0,2010,3,8,Aug,2010-08,Summer,15.0,13.6,0,0,None,Moderate (30-45 km/h),West
913,2010-08-15,12.8,20.1,0.0,6.4,7.3,W,41,NNW,WNW,22,17,53,37,1006.2,1004.0,6,2,15.1,20.0,No,No,No,2010-08-16,True,1.0,0,0,2010,3,8,Aug,2010-08,Summer,16.45,7.3,0,0,None,Moderate (30-45 km/h),West
914,2010-08-16,12.6,18.8,0.4,4.0,10.7,W,41,W,W,24,24,44,31,1011.5,1010.3,1,1,14.3,18.3,No,No,No,2010-08-17,True,1.0,0,0,2010,3,8,Aug,2010-08,Summer,15.7,6.2,0,0,Light,Moderate (30-45 km/h),West
915,2010-08-17,7.6,17.6,0.0,4.4,10.4,W,41,W,E,26,15,44,26,1022.0,1019.9,1,3,10.8,15.9,No,No,No,2010-08-18,True,1.0,0,0,2010,3,8,Aug,2010-08,Summer,12.6,10.0,0,0,None,Moderate (30-45 km/h),West
916,2010-08-18,6.5,19.9,0.0,4.2,6.6,W,41,W,NE,13,19,69,53,1020.5,1012.0,3,5,9.3,17.7,No,Yes,Yes,2010-08-19,True,1.0,0,0,2010,3,8,Aug,2010-08,Summer,13.2,13.4,0,0,None,Moderate (30-45 km/h),West
917,2010-08-19,9.3,24.6,2.2,5.0,10.8,W,41,NNW,WNW,22,31,57,23,1007.7,1004.6,1,1,19.5,24.4,Yes,No,No,2010-08-20,True,1.0,0,0,2010,3,8,Aug,2010-08,Summer,16.95,15.3,0,1,Light,Moderate (30-45 km/h),West
918,2010-08-20,11.3,19.3,0.0,6.2,10.8,W,41,WNW,WNW,11,19,45,26,1012.4,1010.9,1,1,14.3,19.2,No,No,No,2010-08-21,True,1.0,0,0,2010,3,8,Aug,2010-08,Summer,15.3,8.0,0,0,None,Moderate (30-45 km/h),West
919,2010-08-21,8.8,16.7,0.0,5.6,10.9,W,41,WNW,W,20,30,44,33,1017.0,1015.2,1,2,12.8,16.7,No,No,No,2010-08-22,True,1.0,0,0,2010,3,8,Aug,2010-08,Summer,12.75,7.9,0,0,None,Moderate (30-45 km/h),West
920,2010-08-22,8.4,17.3,0.0,4.6,9.4,W,41,W,E,22,13,58,48,1023.7,1020.4,1,5,11.4,15.7,No,No,No,2010-08-23,True,1.0,0,0,2010,3,8,Aug,2010-08,Summer,12.85,8.9,0,0,None,Moderate (30-45 km/h),West
921,2010-08-23,11.2,15.0,0.0,3.6,1.0,W,41,NW,NE,6,7,77,65,1017.1,1010.8,7,7,12.4,13.9,No,No,No,2010-08-24,True,1.0,0,0,2010,3,8,Aug,2010-08,Summer,13.1,3.8,0,0,None,Moderate (30-45 km/h),West
922,2010-08-24,10.9,19.8,0.0,2.2,10.3,W,41,W,WNW,17,22,53,28,1012.3,1007.9,1,2,13.9,19.6,No,No,No,2010-08-25,True,1.0,0,0,2010,3,8,Aug,2010-08,Summer,15.35,8.9,0,0,None,Moderate (30-45 km/h),West
923,2010-08-25,11.5,18.1,0.0,6.0,10.4,W,41,SW,WNW,17,26,36,24,1008.1,1005.2,1,1,14.1,17.2,No,No,No,2010-08-26,True,1.0,0,0,2010,3,8,Aug,2010-08,Summer,14.8,6.6,0,0,None,Moderate (30-45 km/h),West
924,2010-08-26,10.3,18.0,0.0,6.4,8.9,W,41,NW,W,19,33,48,33,1003.5,1000.7,3,3,13.8,16.4,No,No,No,2010-08-27,True,1.0,0,0,2010,3,8,Aug,2010-08,Summer,14.15,7.7,0,0,None,Moderate (30-45 km/h),West
925,2010-08-27,10.3,19.2,0.0,5.8,8.4,W,41,WNW,WNW,20,28,47,35,1008.1,1008.0,5,3,14.1,18.8,No,No,No,2010-08-28,True,1.0,0,0,2010,3,8,Aug,2010-08,Summer,14.75,8.9,0,0,None,Moderate (30-45 km/h),West
926,2010-08-28,9.2,17.5,0.0,4.0,10.9,W,41,W,S,20,19,52,40,1021.8,1022.3,1,1,12.3,16.5,No,No,No,2010-08-30,False,1.0,0,0,2010,3,8,Aug,2010-08,Summer,13.35,8.3,0,0,None,Moderate (30-45 km/h),West
927,2010-08-30,10.5,17.6,0.0,2.2,8.2,W,41,W,E,4,15,70,56,1027.1,1024.3,3,2,14.9,16.8,No,No,No,2010-08-31,True,2.0,1,0,2010,3,8,Aug,2010-08,Summer,14.05,7.1,0,0,None,Moderate (30-45 km/h),West
928,2010-08-31,11.5,20.0,0.0,3.2,9.7,W,41,W,NE,9,22,71,60,1025.3,1019.8,1,5,15.8,18.4,No,No,No,2010-09-01,True,1.0,0,0,2010,3,8,Aug,2010-08,Summer,15.75,8.5,0,0,None,Moderate (30-45 km/h),West
929,2010-09-01,14.9,25.9,0.0,6.4,3.3,W,41,W,E,15,19,53,33,1017.8,1012.5,6,7,18.2,24.1,No,No,No,2010-09-02,True,1.0,0,0,2010,3,9,Sep,2010-09,Autumn,20.4,11.0,0,0,None,Moderate (30-45 km/h),West
930,2010-09-02,16.6,18.1,0.8,3.8,0.0,W,41,W,E,15,19,77,74,1016.3,1014.4,8,7,17.8,17.8,No,Yes,Yes,2010-09-03,True,1.0,0,0,2010,3,9,Sep,2010-09,Autumn,17.35,1.5,0,0,Light,Moderate (30-45 km/h),West
931,2010-09-03,13.7,17.6,3.2,1.8,0.0,W,41,W,E,15,19,80,64,1025.8,1023.6,8,7,15.2,16.5,Yes,Yes,Yes,2010-09-04,True,1.0,0,0,2010,3,9,Sep,2010-09,Autumn,15.65,3.9,0,1,Moderate,Moderate (30-45 km/h),West
932,2010-09-04,15.2,20.3,7.4,2.8,0.0,W,41,W,E,15,19,90,84,1014.2,1006.7,8,8,17.6,19.0,Yes,No,No,2010-09-05,True,1.0,0,0,2010,3,9,Sep,2010-09,Autumn,17.75,5.1,0,1,Moderate,Moderate (30-45 km/h),West
933,2010-09-05,16.4,21.3,0.6,5.6,11.3,W,41,W,E,15,19,44,35,1007.9,1009.7,1,2,18.6,20.4,No,No,No,2010-09-06,True,1.0,0,0,2010,3,9,Sep,2010-09,Autumn,18.85,4.9,0,0,Light,Moderate (30-45 km/h),West
934,2010-09-06,11.5,20.4,0.0,8.0,8.4,W,41,W,E,15,19,45,33,1018.6,1017.1,1,6,15.1,18.9,No,No,No,2010-09-07,True,1.0,0,0,2010,3,9,Sep,2010-09,Autumn,15.95,8.9,0,0,None,Moderate (30-45 km/h),West
935,2010-09-07,10.4,16.8,0.0,3.2,10.3,W,41,W,S,15,24,54,51,1023.4,1023.3,2,3,14.4,16.1,No,No,No,2010-09-08,True,1.0,0,0,2010,3,9,Sep,2010-09,Autumn,13.6,6.4,0,0,None,Moderate (30-45 km/h),West
936,2010-09-08,8.2,18.3,0.0,4.0,10.7,W,41,W,ESE,15,15,58,54,1027.3,1023.6,1,1,13.1,17.2,No,No,No,2010-09-09,True,1.0,0,0,2010,3,9,Sep,2010-09,Autumn,13.25,10.1,0,0,None,Moderate (30-45 km/h),West
937,2010-09-09,9.7,18.4,0.0,4.0,2.4,W,41,W,NW,2,6,77,56,1017.5,1010.6,6,8,13.0,18.0,No,Yes,Yes,2010-09-10,True,1.0,0,0,2010,3,9,Sep,2010-09,Autumn,14.05,8.7,0,0,None,Moderate (30-45 km/h),West
938,2010-09-10,11.0,24.5,2.4,2.0,5.4,W,41,W,W,9,39,82,34,1004.1,1001.3,6,7,16.2,21.2,Yes,No,No,2010-09-11,True,1.0,0,0,2010,3,9,Sep,2010-09,Autumn,17.75,13.5,0,1,Light,Moderate (30-45 km/h),West
939,2010-09-11,11.1,19.9,0.8,4.4,10.9,W,41,W,E,20,15,46,44,1017.4,1017.2,1,1,15.3,17.5,No,No,No,2010-09-12,True,1.0,0,0,2010,3,9,Sep,2010-09,Autumn,15.5,8.8,0,0,Light,Moderate (30-45 km/h),West
940,2010-09-12,9.2,18.9,0.0,3.8,10.0,W,41,W,NE,15,17,64,61,1022.5,1017.8,3,5,13.6,17.6,No,No,No,2010-09-13,True,1.0,0,0,2010,3,9,Sep,2010-09,Autumn,14.05,9.7,0,0,None,Moderate (30-45 km/h),West
941,2010-09-13,13.3,23.9,0.0,4.2,6.9,W,41,W,W,13,24,64,24,1015.8,1012.1,5,3,16.2,23.3,No,No,No,2010-09-14,True,1.0,0,0,2010,3,9,Sep,2010-09,Autumn,18.6,10.6,0,0,None,Moderate (30-45 km/h),West
942,2010-09-14,13.9,18.1,0.0,5.4,1.7,W,41,ESE,ESE,28,28,70,87,1016.4,1011.4,6,8,17.6,15.7,No,Yes,No,2010-09-16,False,1.0,0,0,2010,3,9,Sep,2010-09,Autumn,16.0,4.2,0,0,None,Moderate (30-45 km/h),West
943,2010-09-16,10.4,21.2,0.0,5.0,9.6,W,41,W,WNW,24,19,42,30,1014.8,1010.6,5,2,15.3,20.8,No,No,No,2010-09-17,True,2.0,1,0,2010,3,9,Sep,2010-09,Autumn,15.8,10.8,0,0,None,Moderate (30-45 km/h),West
944,2010-09-17,9.5,19.3,0.0,6.4,11.2,W,41,W,ENE,20,19,41,33,1021.1,1017.8,2,5,13.5,17.2,No,No,No,2010-09-18,True,1.0,0,0,2010,3,9,Sep,2010-09,Autumn,14.4,9.8,0,0,None,Moderate (30-45 km/h),West
945,2010-09-18,9.6,23.3,0.0,5.0,11.0,W,41,W,ESE,17,20,48,45,1017.4,1013.8,1,1,15.0,19.5,No,No,No,2010-09-19,True,1.0,0,0,2010,3,9,Sep,2010-09,Autumn,16.45,13.7,0,0,None,Moderate (30-45 km/h),West
946,2010-09-19,11.7,18.1,0.0,4.0,4.1,W,41,W,ENE,11,13,56,66,1022.0,1019.7,6,7,15.0,17.3,No,No,No,2010-09-20,True,1.0,0,0,2010,3,9,Sep,2010-09,Autumn,14.9,6.4,0,0,None,Moderate (30-45 km/h),West
947,2010-09-20,11.1,20.1,0.0,3.6,9.1,W,41,W,E,13,20,66,65,1024.0,1022.7,4,5,16.8,18.5,No,No,No,2010-09-21,True,1.0,0,0,2010,3,9,Sep,2010-09,Autumn,15.6,9.0,0,0,None,Moderate (30-45 km/h),West
948,2010-09-21,11.6,23.7,0.0,3.0,8.2,W,41,W,SSE,15,24,82,66,1023.0,1022.3,0,5,15.3,20.4,No,Yes,Yes,2010-09-22,True,1.0,0,0,2010,3,9,Sep,2010-09,Autumn,17.65,12.1,0,0,None,Moderate (30-45 km/h),West
949,2010-09-22,13.0,20.1,1.8,4.6,9.5,W,41,W,E,11,22,75,61,1026.5,1020.8,3,1,16.6,18.1,Yes,No,No,2010-09-23,True,1.0,0,0,2010,3,9,Sep,2010-09,Autumn,16.55,7.1,0,1,Light,Moderate (30-45 km/h),West
950,2010-09-23,15.2,19.0,0.2,5.0,1.1,W,41,SE,E,13,15,69,63,1024.7,1022.3,7,7,16.6,17.3,No,No,No,2010-09-24,True,1.0,0,0,2010,3,9,Sep,2010-09,Autumn,17.1,3.8,0,0,Light,Moderate (30-45 km/h),West
951,2010-09-24,13.7,21.1,0.0,3.2,10.7,W,41,NNW,NE,13,13,67,69,1022.2,1017.6,0,0,19.0,20.2,No,No,No,2010-09-25,True,1.0,0,0,2010,3,9,Sep,2010-09,Autumn,17.4,7.4,0,0,None,Moderate (30-45 km/h),West
952,2010-09-25,13.4,26.9,0.0,5.4,8.0,W,41,W,ESE,9,15,58,33,1016.0,1013.5,4,7,18.5,24.8,No,No,No,2010-09-26,True,1.0,0,0,2010,3,9,Sep,2010-09,Autumn,20.15,13.5,0,0,None,Moderate (30-45 km/h),West
953,2010-09-26,13.1,22.0,0.0,5.4,10.8,W,41,W,E,6,24,57,74,1020.1,1017.3,1,3,19.5,19.7,No,No,No,2010-10-02,False,1.0,0,0,2010,3,9,Sep,2010-09,Autumn,17.55,8.9,0,0,None,Moderate (30-45 km/h),West
954,2010-10-02,12.7,19.6,0.0,2.6,0.0,W,41,E,ENE,13,20,70,82,1029.8,1027.7,5,4,18.3,16.5,No,Yes,Yes,2010-10-03,True,6.0,1,0,2010,4,10,Oct,2010-10,Autumn,16.15,6.9,0,0,None,Moderate (30-45 km/h),West
955,2010-10-03,15.0,19.7,14.2,1.0,1.2,W,41,ENE,E,19,24,93,77,1030.0,1027.4,5,4,15.3,18.9,Yes,Yes,Yes,2010-10-04,True,1.0,0,0,2010,4,10,Oct,2010-10,Autumn,17.35,4.7,0,1,Heavy,Moderate (30-45 km/h),West
956,2010-10-04,15.3,20.6,12.0,4.0,2.3,W,41,E,E,7,24,83,72,1026.2,1022.8,5,4,17.9,19.9,Yes,Yes,Yes,2010-10-14,False,1.0,0,0,2010,4,10,Oct,2010-10,Autumn,17.95,5.3,0,1,Heavy,Moderate (30-45 km/h),West
957,2010-10-14,17.8,28.9,2.0,4.0,10.8,NNW,41,NNW,E,22,17,63,48,1011.2,1008.1,5,4,22.3,26.6,Yes,No,No,2010-10-15,True,10.0,1,0,2010,4,10,Oct,2010-10,Autumn,23.35,11.1,0,1,Light,Moderate (30-45 km/h),North
958,2010-10-15,19.5,24.7,0.0,7.8,0.2,NNW,76,NE,NE,13,31,66,73,999.6,989.8,5,4,21.5,21.8,No,No,No,2010-10-16,True,1.0,0,0,2010,4,10,Oct,2010-10,Autumn,22.1,5.2,0,0,None,Gale (>60 km/h),North
959,2010-10-16,11.7,16.1,0.8,3.4,9.3,WNW,85,W,W,46,48,34,28,999.3,1003.6,5,4,12.9,15.2,No,No,No,2010-10-17,True,1.0,0,1,2010,4,10,Oct,2010-10,Autumn,13.9,4.4,0,0,Light,Gale (>60 km/h),West
960,2010-10-17,9.9,24.0,0.0,6.6,12.1,W,41,W,SSE,24,4,44,30,1012.9,1011.3,5,4,14.7,23.3,No,No,No,2010-10-20,False,1.0,0,0,2010,4,10,Oct,2010-10,Autumn,16.95,14.1,0,0,None,Moderate (30-45 km/h),West
961,2010-10-20,12.9,20.3,0.2,3.0,10.9,ENE,37,W,E,11,26,70,57,1028.8,1025.6,3,1,16.9,19.8,No,No,No,2010-10-21,True,3.0,1,0,2010,4,10,Oct,2010-10,Autumn,16.6,7.4,0,0,Light,Moderate (30-45 km/h),East
962,2010-10-21,13.3,21.5,0.0,6.6,11.0,ENE,41,W,ENE,11,28,75,58,1025.9,1022.4,2,5,17.6,21.3,No,No,No,2010-10-22,True,1.0,0,0,2010,4,10,Oct,2010-10,Autumn,17.4,8.2,0,0,None,Moderate (30-45 km/h),East
963,2010-10-22,15.3,23.0,0.0,5.6,11.0,NNE,41,W,ENE,6,19,70,63,1021.4,1017.8,1,4,19.0,22.2,No,No,No,2010-10-23,True,1.0,0,0,2010,4,10,Oct,2010-10,Autumn,19.15,7.7,0,0,None,Moderate (30-45 km/h),North
964,2010-10-23,15.8,27.2,0.0,8.0,6.9,NW,52,W,WSW,7,4,59,82,1016.6,1015.1,5,4,21.4,19.3,No,Yes,Yes,2010-10-24,True,1.0,0,0,2010,4,10,Oct,2010-10,Autumn,21.5,11.4,0,0,None,Strong (45-60 km/h),North
965,2010-10-24,14.1,15.7,30.6,7.4,0.0,SSE,48,SSE,S,22,20,92,75,1021.1,1020.6,5,4,14.1,15.7,Yes,Yes,No,2010-10-26,False,1.0,0,0,2010,4,10,Oct,2010-10,Autumn,14.9,1.6,0,1,Heavy,Strong (45-60 km/h),South
966,2010-10-26,12.9,26.7,0.2,3.8,12.1,NE,33,W,ENE,13,24,73,56,1018.0,1015.0,1,5,17.8,22.5,No,No,No,2010-10-27,True,2.0,1,0,2010,4,10,Oct,2010-10,Autumn,19.8,13.8,0,0,Light,Moderate (30-45 km/h),North
967,2010-10-27,14.8,23.8,0.0,6.8,9.6,SSE,54,SSE,SE,13,26,76,69,1016.0,1014.7,2,7,20.2,20.6,No,Yes,Yes,2010-10-28,True,1.0,0,0,2010,4,10,Oct,2010-10,Autumn,19.3,9.0,0,0,None,Strong (45-60 km/h),South
968,2010-10-28,16.4,21.4,1.8,5.4,8.9,ESE,33,SE,ESE,17,19,65,53,1021.5,1020.4,5,4,18.3,20.2,Yes,No,No,2010-10-29,True,1.0,0,0,2010,4,10,Oct,2010-10,Autumn,18.9,5.0,0,1,Light,Moderate (30-45 km/h),East
969,2010-10-29,14.5,22.1,0.2,6.2,1.8,ENE,31,WNW,ENE,11,15,82,59,1020.7,1017.5,7,7,16.2,20.5,No,No,No,2010-10-30,True,1.0,0,0,2010,4,10,Oct,2010-10,Autumn,18.3,7.6,0,0,Light,Moderate (30-45 km/h),East
970,2010-10-30,16.2,24.4,0.0,3.2,9.9,NE,56,N,NE,9,22,70,64,1015.1,1012.2,5,4,22.0,23.8,No,No,No,2010-10-31,True,1.0,0,0,2010,4,10,Oct,2010-10,Autumn,20.3,8.2,0,0,None,Strong (45-60 km/h),North
971,2010-10-31,19.3,24.7,0.0,7.2,5.5,NE,50,NE,NE,19,28,81,64,1012.0,1010.6,5,4,20.7,24.2,No,Yes,Yes,2010-11-01,True,1.0,0,0,2010,4,10,Oct,2010-10,Autumn,22.0,5.4,0,0,None,Strong (45-60 km/h),North
972,2010-11-01,18.1,20.4,5.2,6.6,0.1,SSE,48,S,SSE,22,28,78,77,1014.7,1012.1,8,8,18.7,18.6,Yes,Yes,Yes,2010-11-02,True,1.0,0,0,2010,4,11,Nov,2010-11,Autumn,19.25,2.3,0,1,Moderate,Strong (45-60 km/h),South
973,2010-11-02,11.8,17.9,32.6,3.8,1.7,WSW,54,W,SSE,31,24,77,59,1011.8,1012.8,5,7,13.3,17.8,Yes,No,No,2010-11-03,True,1.0,0,0,2010,4,11,Nov,2010-11,Autumn,14.85,6.1,0,1,Heavy,Strong (45-60 km/h),West
974,2010-11-03,12.0,23.9,0.2,4.0,11.9,SE,44,W,ESE,13,24,65,54,1018.1,1016.3,1,3,17.6,20.7,No,No,No,2010-11-04,True,1.0,0,0,2010,4,11,Nov,2010-11,Autumn,17.95,11.9,0,0,Light,Moderate (30-45 km/h),East
975,2010-11-04,14.4,18.1,0.4,5.4,2.8,ESE,48,S,SE,15,20,83,68,1022.3,1020.5,7,7,14.8,17.6,No,Yes,Yes,2010-11-05,True,1.0,0,0,2010,4,11,Nov,2010-11,Autumn,16.25,3.7,0,0,Light,Strong (45-60 km/h),East
976,2010-11-05,13.4,19.2,8.4,8.4,2.7,SE,46,SE,SSE,17,30,67,53,1023.9,1022.1,7,7,15.2,17.8,Yes,Yes,Yes,2010-11-06,True,1.0,0,0,2010,4,11,Nov,2010-11,Autumn,16.3,5.8,0,1,Moderate,Strong (45-60 km/h),East
977,2010-11-06,13.6,18.8,26.0,4.8,2.5,ESE,37,SSW,SSE,7,15,93,81,1023.8,1021.9,5,4,14.1,16.7,Yes,Yes,Yes,2010-11-07,True,1.0,0,0,2010,4,11,Nov,2010-11,Autumn,16.2,5.2,0,1,Heavy,Moderate (30-45 km/h),East
978,2010-11-07,13.4,23.3,8.8,3.6,10.9,NE,37,WNW,E,13,26,77,59,1021.3,1018.1,5,4,16.6,20.7,Yes,No,No,2010-11-08,True,1.0,0,0,2010,4,11,Nov,2010-11,Autumn,18.35,9.9,0,1,Moderate,Moderate (30-45 km/h),North
979,2010-11-08,16.1,26.3,0.0,5.8,7.9,SW,74,E,NNE,7,28,64,52,1017.2,1015.1,3,7,23.3,23.8,No,Yes,Yes,2010-11-09,True,1.0,0,0,2010,4,11,Nov,2010-11,Autumn,21.2,10.2,0,0,None,Gale (>60 km/h),South
980,2010-11-09,17.2,23.6,5.6,11.2,7.0,SSE,37,SSE,E,22,11,80,54,1025.0,1024.2,7,8,19.7,23.2,Yes,No,No,2010-11-10,True,1.0,0,0,2010,4,11,Nov,2010-11,Autumn,20.4,6.4,0,1,Moderate,Moderate (30-45 km/h),South
981,2010-11-10,18.2,24.5,0.0,3.2,6.0,N,52,WNW,ENE,6,30,87,72,1021.8,1017.1,5,7,20.9,23.5,No,Yes,Yes,2010-11-11,True,1.0,0,0,2010,4,11,Nov,2010-11,Autumn,21.35,6.3,0,0,None,Strong (45-60 km/h),North
982,2010-11-11,19.7,27.2,8.6,7.2,9.3,E,30,ESE,E,7,24,77,43,1014.9,1012.0,5,3,20.1,25.0,Yes,No,No,2010-11-14,False,1.0,0,0,2010,4,11,Nov,2010-11,Autumn,23.45,7.5,0,1,Moderate,Moderate (30-45 km/h),East
983,2010-11-14,20.5,30.4,0.0,9.0,10.2,NNE,50,ENE,NNE,13,28,70,56,1015.7,1012.8,5,4,26.1,27.2,No,No,No,2010-11-15,True,3.0,1,0,2010,4,11,Nov,2010-11,Autumn,25.45,9.9,0,0,None,Strong (45-60 km/h),North
984,2010-11-15,22.3,23.9,0.0,10.4,0.0,SSE,30,SW,SE,9,7,70,95,1012.8,1012.6,5,4,23.9,19.4,No,Yes,Yes,2010-11-16,True,1.0,0,0,2010,4,11,Nov,2010-11,Autumn,23.1,1.6,0,0,None,Moderate (30-45 km/h),South
985,2010-11-16,17.4,23.5,21.0,1.0,7.9,ESE,35,S,SSE,13,20,82,65,1013.3,1011.3,7,3,18.8,22.8,Yes,No,No,2010-11-17,True,1.0,0,0,2010,4,11,Nov,2010-11,Autumn,20.45,6.1,0,1,Heavy,Moderate (30-45 km/h),East
986,2010-11-17,17.1,22.3,0.4,6.6,4.2,SSE,28,S,E,17,15,80,61,1017.1,1015.7,7,6,17.5,21.0,No,No,No,2010-11-18,True,1.0,0,0,2010,4,11,Nov,2010-11,Autumn,19.7,5.2,0,0,Light,Light (<30 km/h),South
987,2010-11-18,16.8,23.4,1.0,3.6,8.8,NE,35,N,NE,7,20,65,59,1015.2,1012.2,3,6,22.3,22.6,No,No,No,2010-11-19,True,1.0,0,0,2010,4,11,Nov,2010-11,Autumn,20.1,6.6,0,1,Light,Moderate (30-45 km/h),North
988,2010-11-19,16.7,20.0,0.0,8.0,0.4,SSE,67,S,SSE,26,33,71,58,1021.8,1024.0,7,8,17.4,18.5,No,No,No,2010-11-22,False,1.0,0,0,2010,4,11,Nov,2010-11,Autumn,18.35,3.3,0,0,None,Gale (>60 km/h),South
989,2010-11-22,16.5,24.0,0.0,9.0,11.4,NE,44,WNW,E,4,26,82,54,1026.0,1024.3,6,2,19.3,23.2,No,No,No,2010-11-24,False,3.0,1,0,2010,4,11,Nov,2010-11,Autumn,20.25,7.5,0,0,None,Moderate (30-45 km/h),North
990,2010-11-24,17.5,24.7,0.0,11.0,12.6,NE,56,NNE,NE,17,26,60,58,1025.3,1022.0,2,1,22.8,24.1,No,No,No,2010-11-25,True,2.0,1,0,2010,4,11,Nov,2010-11,Autumn,21.1,7.2,0,0,None,Strong (45-60 km/h),North
991,2010-11-25,18.5,26.0,0.0,8.8,12.1,NE,44,E,NE,17,20,67,53,1020.5,1017.7,1,1,22.5,25.2,No,No,No,2010-11-26,True,1.0,0,0,2010,4,11,Nov,2010-11,Autumn,22.25,7.5,0,0,None,Moderate (30-45 km/h),North
992,2010-11-26,18.9,24.1,0.0,11.6,9.0,NE,37,E,E,13,19,62,72,1017.3,1015.3,5,7,23.9,22.4,No,No,No,2010-11-27,True,1.0,0,0,2010,4,11,Nov,2010-11,Autumn,21.5,5.2,0,0,None,Moderate (30-45 km/h),North
993,2010-11-27,18.2,25.8,0.0,6.0,10.8,NNE,63,E,NE,6,28,77,56,1015.6,1012.0,5,4,22.3,25.5,No,No,No,2010-11-28,True,1.0,0,0,2010,4,11,Nov,2010-11,Autumn,22.0,7.6,0,0,None,Gale (>60 km/h),North
994,2010-11-28,19.0,23.5,0.0,10.8,0.0,NNE,44,NE,NE,9,13,73,64,1010.9,1010.2,5,4,21.7,23.0,No,Yes,Yes,2010-11-29,True,1.0,0,0,2010,4,11,Nov,2010-11,Autumn,21.25,4.5,0,0,None,Moderate (30-45 km/h),North
995,2010-11-29,16.8,21.5,5.8,3.4,0.0,SSW,56,SSW,S,30,28,85,77,1013.6,1012.9,5,4,18.0,20.8,Yes,Yes,Yes,2010-11-30,True,1.0,0,0,2010,4,11,Nov,2010-11,Autumn,19.15,4.7,0,1,Moderate,Strong (45-60 km/h),South
996,2010-11-30,16.4,21.6,5.6,1.8,0.9,SSW,44,S,SSE,11,17,94,91,1016.4,1014.5,8,8,17.3,20.2,Yes,Yes,Yes,2010-12-01,True,1.0,0,0,2010,4,11,Nov,2010-11,Autumn,19.0,5.2,0,1,Moderate,Moderate (30-45 km/h),South
997,2010-12-01,17.2,20.1,27.6,3.4,0.0,E,43,ENE,E,30,19,94,89,1016.4,1015.3,8,8,18.9,19.9,Yes,Yes,Yes,2010-12-02,True,1.0,0,0,2010,4,12,Dec,2010-12,Winter,18.65,2.9,0,1,Heavy,Moderate (30-45 km/h),East
998,2010-12-02,18.5,24.3,21.0,1.8,5.4,ENE,44,ENE,ENE,17,22,91,78,1018.0,1015.9,8,7,20.1,22.7,Yes,No,No,2010-12-03,True,1.0,0,0,2010,4,12,Dec,2010-12,Winter,21.4,5.8,0,1,Heavy,Moderate (30-45 km/h),East
999,2010-12-03,19.8,24.4,0.2,5.2,8.7,ENE,43,NNE,E,17,24,70,74,1017.3,1014.7,2,6,23.7,23.2,No,No,No,2010-12-04,True,1.0,0,0,2010,4,12,Dec,2010-12,Winter,22.1,4.6,0,0,Light,Moderate (30-45 km/h),East
1000,2010-12-04,19.6,22.7,0.0,7.4,1.6,NE,31,NNW,E,6,19,84,80,1013.0,1010.2,5,4,20.9,22.0,No,Yes,No,2010-12-06,False,1.0,0,0,2010,4,12,Dec,2010-12,Winter,21.15,3.1,0,0,None,Moderate (30-45 km/h),North
1001,2010-12-06,20.4,25.7,1.0,5.8,11.4,ESE,28,ESE,ESE,7,19,74,67,1014.2,1013.3,5,5,23.6,25.5,No,No,No,2010-12-07,True,2.0,1,0,2010,4,12,Dec,2010-12,Winter,23.05,5.3,0,1,Light,Light (<30 km/h),East
1002,2010-12-07,21.0,26.0,0.0,8.0,13.2,ENE,43,E,ENE,19,24,73,63,1016.5,1015.4,6,3,23.5,25.4,No,No,No,2010-12-08,True,1.0,0,0,2010,4,12,Dec,2010-12,Winter,23.5,5.0,0,0,None,Moderate (30-45 km/h),East
1003,2010-12-08,20.8,26.3,0.0,7.6,12.2,NE,63,NE,NE,15,28,67,68,1016.7,1012.5,3,5,24.8,25.7,No,No,No,2010-12-09,True,1.0,0,0,2010,4,12,Dec,2010-12,Winter,23.55,5.5,0,0,None,Gale (>60 km/h),North
1004,2010-12-09,22.0,30.7,0.0,10.4,2.6,N,31,NE,SSE,13,9,80,62,1010.8,1008.2,7,8,23.4,28.3,No,No,No,2010-12-10,True,1.0,0,0,2010,4,12,Dec,2010-12,Winter,26.35,8.7,0,0,None,Moderate (30-45 km/h),North
1005,2010-12-10,22.8,29.6,0.0,4.8,4.3,S,46,WSW,E,17,28,74,72,1009.4,1006.0,8,7,23.6,24.0,No,No,No,2010-12-11,True,1.0,0,0,2010,4,12,Dec,2010-12,Winter,26.2,6.8,0,0,None,Strong (45-60 km/h),South
1006,2010-12-11,17.2,26.9,0.0,6.8,13.4,NE,39,W,ENE,13,22,46,56,1007.9,1003.1,5,4,22.2,23.4,No,No,No,2010-12-12,True,1.0,0,0,2010,4,12,Dec,2010-12,Winter,22.05,9.7,0,0,None,Moderate (30-45 km/h),North
1007,2010-12-12,17.8,30.8,0.0,9.2,13.3,SSW,46,W,ENE,6,28,47,40,1004.0,1003.7,5,4,24.8,26.1,No,No,No,2010-12-13,True,1.0,0,0,2010,4,12,Dec,2010-12,Winter,24.3,13.0,0,0,None,Strong (45-60 km/h),South
1008,2010-12-13,18.5,26.3,0.0,10.2,12.8,SSW,44,SSW,ESE,15,24,62,51,1013.5,1012.7,2,1,22.6,25.5,No,No,No,2010-12-15,False,1.0,0,0,2010,4,12,Dec,2010-12,Winter,22.4,7.8,0,0,None,Moderate (30-45 km/h),South
1009,2010-12-15,20.0,25.6,0.0,6.0,10.7,NNE,43,E,E,11,24,71,69,1010.8,1006.7,4,4,24.0,24.7,No,No,No,2010-12-16,True,2.0,1,0,2010,4,12,Dec,2010-12,Winter,22.8,5.6,0,0,None,Moderate (30-45 km/h),North
1010,2010-12-16,21.7,26.4,0.0,7.6,3.9,SSE,52,ENE,NNW,4,6,72,91,1003.8,1006.0,5,8,24.7,20.6,No,Yes,Yes,2010-12-17,True,1.0,0,0,2010,4,12,Dec,2010-12,Winter,24.05,4.7,0,0,None,Strong (45-60 km/h),South
1011,2010-12-17,18.0,26.4,7.6,5.8,3.8,NW,41,SSW,ESE,6,6,75,71,1005.7,1003.5,8,6,20.5,23.0,Yes,No,No,2010-12-18,True,1.0,0,0,2010,4,12,Dec,2010-12,Winter,22.2,8.4,0,1,Moderate,Moderate (30-45 km/h),North
1012,2010-12-18,19.6,25.5,0.0,7.8,4.1,W,57,NW,NW,24,26,57,44,1003.1,999.6,5,4,20.7,25.4,No,No,No,2010-12-19,True,1.0,0,0,2010,4,12,Dec,2010-12,Winter,22.55,5.9,0,0,None,Strong (45-60 km/h),West
1013,2010-12-19,18.5,27.3,0.0,5.0,5.0,WSW,65,N,N,15,33,69,44,1003.5,995.6,5,4,19.8,26.4,No,Yes,Yes,2010-12-20,True,1.0,0,0,2010,4,12,Dec,2010-12,Winter,22.9,8.8,0,0,None,Gale (>60 km/h),West
1014,2010-12-20,13.3,21.7,4.8,9.2,11.6,W,72,W,W,41,41,42,32,997.6,1000.7,1,2,16.7,21.3,Yes,No,No,2010-12-21,True,1.0,0,0,2010,4,12,Dec,2010-12,Winter,17.5,8.4,0,1,Moderate,Gale (>60 km/h),West
1015,2010-12-21,15.4,27.8,0.0,8.4,13.5,W,52,WNW,WNW,26,20,36,26,1008.7,1007.9,1,1,21.3,27.1,No,No,No,2010-12-22,True,1.0,0,0,2010,4,12,Dec,2010-12,Winter,21.6,12.4,0,0,None,Strong (45-60 km/h),West
1016,2010-12-22,17.7,25.7,0.0,9.2,12.7,SE,41,SE,SSE,19,26,71,61,1018.5,1017.6,5,5,22.0,25.2,No,No,No,2010-12-23,True,1.0,0,0,2010,4,12,Dec,2010-12,Winter,21.7,8.0,0,0,None,Moderate (30-45 km/h),East
1017,2010-12-23,19.1,27.0,0.0,8.4,7.5,SSE,59,W,E,9,19,72,57,1018.1,1016.5,6,5,21.4,26.2,No,No,No,2010-12-24,True,1.0,0,0,2010,4,12,Dec,2010-12,Winter,23.05,7.9,0,0,None,Strong (45-60 km/h),South
1018,2010-12-24,18.7,24.1,0.0,8.0,8.0,SE,44,ESE,ESE,19,19,65,47,1026.1,1023.7,5,4,19.8,23.6,No,No,No,2010-12-25,True,1.0,0,0,2010,4,12,Dec,2010-12,Winter,21.4,5.4,0,0,None,Moderate (30-45 km/h),East
1019,2010-12-25,16.0,26.3,0.0,7.0,12.5,ENE,43,W,NE,0,19,69,61,1017.2,1011.4,5,4,21.5,25.5,No,No,No,2010-12-26,True,1.0,0,0,2010,4,12,Dec,2010-12,Winter,21.15,10.3,0,0,None,Moderate (30-45 km/h),East
1020,2010-12-26,20.8,31.3,0.8,8.0,3.5,SSE,76,W,WNW,20,15,88,56,1006.3,1001.4,5,4,21.1,28.7,No,Yes,Yes,2010-12-27,True,1.0,0,0,2010,4,12,Dec,2010-12,Winter,26.05,10.5,0,0,Light,Gale (>60 km/h),South
1021,2010-12-27,18.4,19.9,17.0,11.8,0.3,SSE,57,SSW,SSE,15,28,88,78,1005.5,1005.8,5,4,18.5,18.9,Yes,Yes,Yes,2010-12-28,True,1.0,0,0,2010,4,12,Dec,2010-12,Winter,19.15,1.5,0,1,Heavy,Strong (45-60 km/h),South
1022,2010-12-28,15.4,21.2,1.8,5.4,2.5,SSE,39,SSE,ESE,11,19,59,50,1018.9,1019.1,5,4,19.0,20.7,Yes,No,No,2010-12-29,True,1.0,0,0,2010,4,12,Dec,2010-12,Winter,18.3,5.8,0,1,Light,Moderate (30-45 km/h),South
1023,2010-12-29,17.3,24.7,0.0,5.2,12.7,NE,48,WSW,NE,4,28,66,56,1018.5,1014.8,5,4,21.1,24.1,No,No,No,2010-12-30,True,1.0,0,0,2010,4,12,Dec,2010-12,Winter,21.0,7.4,0,0,None,Strong (45-60 km/h),North
1024,2010-12-30,20.0,26.5,0.0,8.6,13.1,E,30,E,E,7,20,64,63,1016.6,1015.3,5,4,24.7,24.8,No,No,No,2010-12-31,True,1.0,0,0,2010,4,12,Dec,2010-12,Winter,23.25,6.5,0,0,None,Moderate (30-45 km/h),East
1025,2010-12-31,21.4,27.2,0.0,8.8,11.7,NE,46,ESE,ENE,7,28,78,65,1016.0,1013.9,5,4,24.0,26.4,No,No,No,2011-01-01,True,1.0,0,0,2010,4,12,Dec,2010-12,Winter,24.3,5.8,0,0,None,Strong (45-60 km/h),North
1026,2011-01-01,20.5,29.0,0.0,10.0,10.8,NE,39,E,ENE,13,20,69,58,1013.2,1010.1,5,4,25.5,27.1,No,No,No,2011-01-02,True,1.0,0,0,2011,1,1,Jan,2011-01,Winter,24.75,8.5,0,0,None,Moderate (30-45 km/h),North
1027,2011-01-02,20.7,28.0,0.0,10.6,8.6,S,52,SE,SSE,9,26,72,62,1011.9,1010.8,5,4,24.7,26.6,No,Yes,Yes,2011-01-03,True,1.0,0,0,2011,1,1,Jan,2011-01,Winter,24.35,7.3,0,0,None,Strong (45-60 km/h),South
1028,2011-01-03,18.9,21.3,5.6,7.2,0.1,SSW,50,S,SSE,17,20,81,84,1014.5,1013.9,5,4,19.9,19.2,Yes,Yes,Yes,2011-01-04,True,1.0,0,0,2011,1,1,Jan,2011-01,Winter,20.1,2.4,0,1,Moderate,Strong (45-60 km/h),South
1029,2011-01-04,17.3,22.6,3.0,5.0,1.9,SSE,35,SSW,SE,20,19,74,60,1014.1,1011.6,5,4,20.1,21.8,Yes,No,No,2011-01-05,True,1.0,0,0,2011,1,1,Jan,2011-01,Winter,19.95,5.3,0,1,Moderate,Moderate (30-45 km/h),South
1030,2011-01-05,17.2,23.4,0.0,5.4,7.2,S,26,WNW,E,6,20,64,57,1008.0,1005.8,5,4,21.1,23.0,No,No,No,2011-01-06,True,1.0,0,0,2011,1,1,Jan,2011-01,Winter,20.3,6.2,0,0,None,Light (<30 km/h),South
1031,2011-01-06,19.5,26.8,0.0,5.2,12.3,S,41,S,S,20,17,72,57,1010.8,1011.1,5,4,22.6,24.9,No,Yes,Yes,2011-01-07,True,1.0,0,0,2011,1,1,Jan,2011-01,Winter,23.15,7.3,0,0,None,Moderate (30-45 km/h),South
1032,2011-01-07,19.9,26.5,7.6,6.4,4.8,ESE,33,SSE,E,9,17,88,67,1013.6,1013.0,5,4,22.1,26.5,Yes,Yes,Yes,2011-01-08,True,1.0,0,0,2011,1,1,Jan,2011-01,Winter,23.2,6.6,0,1,Moderate,Moderate (30-45 km/h),East
1033,2011-01-08,21.3,26.7,6.6,5.2,10.3,ENE,31,ENE,E,11,20,68,62,1013.8,1012.1,5,4,24.3,26.4,Yes,Yes,Yes,2011-01-09,True,1.0,0,0,2011,1,1,Jan,2011-01,Winter,24.0,5.4,0,1,Moderate,Moderate (30-45 km/h),East
1034,2011-01-09,22.0,27.0,9.4,4.6,7.5,E,44,ENE,E,22,20,82,67,1014.4,1014.3,5,4,24.0,26.6,Yes,Yes,Yes,2011-01-10,True,1.0,0,0,2011,1,1,Jan,2011-01,Winter,24.5,5.0,0,1,Moderate,Moderate (30-45 km/h),East
1035,2011-01-10,21.5,26.2,5.4,7.0,6.6,E,48,ENE,E,20,26,80,65,1016.4,1014.7,5,4,24.1,26.0,Yes,No,No,2011-01-11,True,1.0,0,0,2011,1,1,Jan,2011-01,Winter,23.85,4.7,0,1,Moderate,Strong (45-60 km/h),East
1036,2011-01-11,21.8,25.2,0.4,6.6,0.8,ENE,44,E,NE,20,20,71,79,1014.5,1012.1,5,4,24.3,24.3,No,Yes,Yes,2011-01-12,True,1.0,0,0,2011,1,1,Jan,2011-01,Winter,23.5,3.4,0,0,Light,Moderate (30-45 km/h),East
1037,2011-01-12,22.3,27.9,1.6,4.4,5.6,NE,54,ENE,NE,13,28,79,71,1012.3,1011.6,5,4,25.2,26.4,Yes,No,No,2011-01-13,True,1.0,0,0,2011,1,1,Jan,2011-01,Winter,25.1,5.6,0,1,Light,Strong (45-60 km/h),North
1038,2011-01-13,23.3,26.6,0.2,10.6,1.9,ENE,44,NE,ENE,15,28,75,65,1014.8,1013.5,5,4,25.0,24.9,No,No,No,2011-01-14,True,1.0,0,0,2011,1,1,Jan,2011-01,Winter,24.95,3.3,0,0,Light,Moderate (30-45 km/h),East
1039,2011-01-14,21.8,27.9,0.2,4.6,9.8,NNE,54,NNE,NE,19,28,56,53,1012.4,1009.3,5,4,26.5,27.6,No,No,No,2011-01-15,True,1.0,0,0,2011,1,1,Jan,2011-01,Winter,24.85,6.1,0,0,Light,Strong (45-60 km/h),North
1040,2011-01-15,22.0,30.4,0.6,11.4,1.6,NNE,37,N,ENE,9,7,87,61,1009.4,1007.0,5,4,22.6,29.6,No,No,No,2011-01-16,True,1.0,0,0,2011,1,1,Jan,2011-01,Winter,26.2,8.4,0,0,Light,Moderate (30-45 km/h),North
1041,2011-01-16,22.1,28.1,0.2,4.2,7.9,SSW,30,S,ESE,11,15,86,65,1010.2,1007.4,5,4,23.1,28.0,No,No,No,2011-01-17,True,1.0,0,0,2011,1,1,Jan,2011-01,Winter,25.1,6.0,0,0,Light,Moderate (30-45 km/h),South
1042,2011-01-17,21.4,29.8,0.0,8.8,9.6,S,52,E,SSE,13,24,65,68,1002.8,1001.5,5,4,25.8,26.3,No,No,No,2011-01-18,True,1.0,0,0,2011,1,1,Jan,2011-01,Winter,25.6,8.4,0,0,None,Strong (45-60 km/h),South
1043,2011-01-18,20.0,26.1,0.0,8.0,7.3,E,31,S,ESE,13,20,68,57,1007.5,1007.3,5,4,22.4,24.8,No,Yes,Yes,2011-01-19,True,1.0,0,0,2011,1,1,Jan,2011-01,Winter,23.05,6.1,0,0,None,Moderate (30-45 km/h),East
1044,2011-01-19,19.3,25.4,7.2,5.6,3.6,E,44,S,ENE,17,20,83,73,1009.8,1009.3,5,4,21.6,24.5,Yes,No,No,2011-01-20,True,1.0,0,0,2011,1,1,Jan,2011-01,Winter,22.35,6.1,0,1,Moderate,Moderate (30-45 km/h),East
1045,2011-01-20,21.5,27.3,0.2,5.8,12.3,E,39,E,ENE,20,24,62,55,1013.5,1013.4,5,4,24.8,26.3,No,Yes,Yes,2011-01-21,True,1.0,0,0,2011,1,1,Jan,2011-01,Winter,24.4,5.8,0,0,Light,Moderate (30-45 km/h),East
1046,2011-01-21,20.7,26.9,5.6,8.2,12.4,NE,41,ESE,ENE,4,28,66,60,1015.2,1013.1,5,4,25.1,26.3,Yes,No,No,2011-01-22,True,1.0,0,0,2011,1,1,Jan,2011-01,Winter,23.8,6.2,0,1,Moderate,Moderate (30-45 km/h),North
1047,2011-01-22,20.5,28.4,0.0,10.2,11.7,ENE,31,NE,E,13,26,64,55,1016.3,1015.2,5,4,25.0,26.7,No,No,No,2011-01-23,True,1.0,0,0,2011,1,1,Jan,2011-01,Winter,24.45,7.9,0,0,None,Moderate (30-45 km/h),East
1048,2011-01-23,21.4,28.3,0.0,11.0,10.2,NNE,50,NNE,NE,20,28,57,57,1012.2,1009.1,5,4,25.2,26.1,No,No,No,2011-01-24,True,1.0,0,0,2011,1,1,Jan,2011-01,Winter,24.85,6.9,0,0,None,Strong (45-60 km/h),North
1049,2011-01-24,21.0,35.4,0.0,10.8,7.5,SSW,69,NNE,NW,11,26,56,36,1004.1,1001.4,5,4,26.6,32.4,No,No,No,2011-01-25,True,1.0,0,0,2011,1,1,Jan,2011-01,Winter,28.2,14.4,1,0,None,Gale (>60 km/h),South
1050,2011-01-25,21.7,28.5,0.0,10.6,10.2,S,50,WSW,ENE,4,20,70,64,1008.0,1006.9,5,4,24.3,27.2,No,No,No,2011-01-26,True,1.0,0,0,2011,1,1,Jan,2011-01,Winter,25.1,6.8,0,0,None,Strong (45-60 km/h),South
1051,2011-01-26,22.9,31.4,0.0,7.0,9.3,SSE,46,ESE,E,11,15,85,73,1011.5,1010.2,5,4,25.8,27.7,No,No,No,2011-01-27,True,1.0,0,0,2011,1,1,Jan,2011-01,Winter,27.15,8.5,0,0,None,Strong (45-60 km/h),South
1052,2011-01-27,22.5,28.4,0.0,7.2,6.3,S,43,S,E,9,17,79,71,1013.5,1011.1,5,4,25.1,27.3,No,No,No,2011-01-28,True,1.0,0,0,2011,1,1,Jan,2011-01,Winter,25.45,5.9,0,0,None,Moderate (30-45 km/h),South
1053,2011-01-28,22.5,24.3,0.0,7.2,4.3,SE,41,SSE,SSE,20,24,70,59,1019.0,1019.1,5,4,23.1,24.1,No,No,No,2011-01-29,True,1.0,0,0,2011,1,1,Jan,2011-01,Winter,23.4,1.8,0,0,None,Moderate (30-45 km/h),East
1054,2011-01-29,19.8,25.0,0.0,7.8,8.2,E,39,ENE,ENE,11,24,76,48,1021.6,1021.3,5,4,20.7,24.6,No,No,No,2011-01-30,True,1.0,0,0,2011,1,1,Jan,2011-01,Winter,22.4,5.2,0,0,None,Moderate (30-45 km/h),East
1055,2011-01-30,17.8,28.2,0.0,8.4,12.8,NNE,43,NNW,ENE,15,24,64,56,1020.2,1016.3,5,4,23.1,27.5,No,No,No,2011-01-31,True,1.0,0,0,2011,1,1,Jan,2011-01,Winter,23.0,10.4,0,0,None,Moderate (30-45 km/h),North
1056,2011-01-31,22.2,31.6,0.0,9.2,12.8,ENE,33,ENE,ENE,2,17,72,49,1015.0,1011.8,5,4,26.1,30.0,No,No,No,2011-02-01,True,1.0,0,0,2011,1,1,Jan,2011-01,Winter,26.9,9.4,0,0,None,Moderate (30-45 km/h),East
1057,2011-02-01,22.7,33.5,0.0,12.0,12.3,NNE,37,W,NE,7,17,65,49,1011.3,1006.9,5,4,26.1,31.8,No,No,No,2011-02-02,True,1.0,0,0,2011,1,2,Feb,2011-02,Winter,28.1,10.8,0,0,None,Moderate (30-45 km/h),North
1058,2011-02-02,26.1,31.2,0.0,12.8,11.0,NE,35,SSE,E,13,20,59,70,1015.3,1012.7,5,4,28.7,28.4,No,No,No,2011-02-03,True,1.0,0,0,2011,1,2,Feb,2011-02,Winter,28.65,5.1,0,0,None,Moderate (30-45 km/h),North
1059,2011-02-03,25.1,37.5,0.0,10.2,5.7,SSW,70,SSE,SSW,11,24,58,54,1011.0,1009.9,5,4,30.6,33.6,No,No,No,2011-02-04,True,1.0,0,0,2011,1,2,Feb,2011-02,Winter,31.3,12.4,1,0,None,Gale (>60 km/h),South
1060,2011-02-04,24.0,33.7,0.0,5.2,6.8,ENE,43,N,ENE,7,28,72,73,1014.7,1011.1,5,4,27.3,27.8,No,No,No,2011-02-05,True,1.0,0,0,2011,1,2,Feb,2011-02,Winter,28.85,9.7,0,0,None,Moderate (30-45 km/h),East
1061,2011-02-05,24.2,41.5,0.0,8.4,12.4,NNW,56,NW,NNW,24,33,46,22,1010.0,1006.6,5,4,33.7,40.9,No,No,No,2011-02-06,True,1.0,0,1,2011,1,2,Feb,2011-02,Winter,32.85,17.3,1,0,None,Strong (45-60 km/h),North
1062,2011-02-06,27.6,35.6,0.0,16.6,2.6,SSE,67,W,S,2,41,56,77,1012.7,1016.1,5,4,28.7,22.8,No,No,No,2011-02-07,True,1.0,0,0,2011,1,2,Feb,2011-02,Winter,31.6,8.0,1,0,None,Gale (>60 km/h),South
1063,2011-02-07,18.0,23.0,0.2,6.8,0.0,S,35,WSW,SE,13,19,64,58,1023.9,1020.6,5,4,18.7,22.6,No,No,No,2011-02-08,True,1.0,0,0,2011,1,2,Feb,2011-02,Winter,20.5,5.0,0,0,Light,Moderate (30-45 km/h),South
1064,2011-02-08,18.7,25.3,0.2,4.8,3.9,ESE,30,WNW,ESE,11,17,67,52,1019.5,1018.6,5,4,21.2,24.2,No,No,No,2011-02-09,True,1.0,0,0,2011,1,2,Feb,2011-02,Winter,22.0,6.6,0,0,Light,Moderate (30-45 km/h),East
1065,2011-02-09,18.1,24.5,0.4,5.2,6.0,E,33,SSW,ENE,13,11,69,83,1024.5,1023.6,5,4,21.8,21.6,No,No,No,2011-02-10,True,1.0,0,0,2011,1,2,Feb,2011-02,Winter,21.3,6.4,0,0,Light,Moderate (30-45 km/h),East
1066,2011-02-10,20.4,25.7,0.0,7.2,4.7,NNE,41,W,E,7,24,85,70,1023.4,1020.3,5,4,21.3,24.3,No,No,No,2011-02-11,True,1.0,0,0,2011,1,2,Feb,2011-02,Winter,23.05,5.3,0,0,None,Moderate (30-45 km/h),North
1067,2011-02-11,21.0,29.2,0.2,5.0,8.0,SSW,39,NNE,ENE,7,13,63,60,1016.0,1011.4,5,4,25.3,28.3,No,Yes,Yes,2011-02-12,True,1.0,0,0,2011,1,2,Feb,2011-02,Winter,25.1,8.2,0,0,Light,Moderate (30-45 km/h),South
1068,2011-02-12,22.7,23.1,1.4,8.6,0.0,S,52,S,S,30,26,87,76,1014.7,1016.4,5,4,22.7,22.2,Yes,Yes,Yes,2011-02-13,True,1.0,0,0,2011,1,2,Feb,2011-02,Winter,22.9,0.4,0,1,Light,Strong (45-60 km/h),South
1069,2011-02-13,19.5,22.8,9.6,2.4,0.0,SSE,54,SSW,S,11,26,83,88,1017.5,1018.4,5,4,21.5,21.3,Yes,No,No,2011-02-14,True,1.0,0,0,2011,1,2,Feb,2011-02,Winter,21.15,3.3,0,1,Moderate,Strong (45-60 km/h),South
1070,2011-02-14,20.6,24.2,0.4,4.0,0.1,SSE,41,SE,SE,20,19,59,59,1023.6,1023.4,5,4,21.9,23.6,No,No,No,2011-02-15,True,1.0,0,0,2011,1,2,Feb,2011-02,Winter,22.4,3.6,0,0,Light,Moderate (30-45 km/h),South
1071,2011-02-15,18.3,25.0,0.0,6.6,3.0,ESE,31,WNW,ESE,9,20,84,54,1023.7,1022.0,5,4,20.7,24.0,No,Yes,Yes,2011-02-16,True,1.0,0,0,2011,1,2,Feb,2011-02,Winter,21.65,6.7,0,0,None,Moderate (30-45 km/h),East
1072,2011-02-16,19.8,26.7,2.2,3.6,3.9,NE,28,WNW,E,15,19,81,64,1019.7,1016.3,5,4,20.9,25.7,Yes,No,No,2011-02-17,True,1.0,0,0,2011,1,2,Feb,2011-02,Winter,23.25,6.9,0,1,Light,Light (<30 km/h),North
1073,2011-02-17,20.9,28.7,0.0,6.4,8.3,NNE,31,NNW,E,11,15,80,67,1013.7,1011.2,5,4,24.4,26.8,No,No,No,2011-02-18,True,1.0,0,0,2011,1,2,Feb,2011-02,Winter,24.8,7.8,0,0,None,Moderate (30-45 km/h),North
1074,2011-02-18,22.6,27.6,0.0,5.0,3.8,S,43,S,SE,20,13,83,70,1014.7,1014.0,5,4,23.5,27.0,No,No,No,2011-02-19,True,1.0,0,0,2011,1,2,Feb,2011-02,Winter,25.1,5.0,0,0,None,Moderate (30-45 km/h),South
1075,2011-02-19,22.4,30.1,0.0,4.4,7.8,NNE,44,NNE,NE,15,28,79,67,1011.2,1006.3,5,4,25.1,28.4,No,No,No,2011-02-20,True,1.0,0,0,2011,1,2,Feb,2011-02,Winter,26.25,7.7,0,0,None,Moderate (30-45 km/h),North
1076,2011-02-20,25.0,33.2,0.0,7.2,9.5,ESE,28,E,SE,6,13,61,49,1006.4,1005.7,5,4,30.1,32.0,No,No,No,2011-02-21,True,1.0,0,0,2011,1,2,Feb,2011-02,Winter,29.1,8.2,0,0,None,Light (<30 km/h),East
1077,2011-02-21,20.0,24.9,0.0,8.2,4.3,S,65,SSE,SE,17,20,82,62,1012.7,1012.4,5,4,20.9,24.4,No,No,No,2011-02-22,True,1.0,0,0,2011,1,2,Feb,2011-02,Winter,22.45,4.9,0,0,None,Gale (>60 km/h),South
1078,2011-02-22,19.1,21.7,0.4,9.0,3.2,SSE,50,SSE,SSE,22,26,57,78,1021.6,1022.6,5,4,20.4,19.2,No,Yes,Yes,2011-02-23,True,1.0,0,0,2011,1,2,Feb,2011-02,Winter,20.4,2.6,0,0,Light,Strong (45-60 km/h),South
1079,2011-02-23,17.3,26.6,1.8,4.2,7.3,SSE,33,W,SSE,13,20,77,45,1023.1,1021.3,5,4,19.0,26.1,Yes,No,No,2011-02-24,True,1.0,0,0,2011,1,2,Feb,2011-02,Winter,21.95,9.3,0,1,Light,Moderate (30-45 km/h),South
1080,2011-02-24,16.6,26.1,0.4,5.0,12.0,ENE,35,W,E,17,22,71,49,1019.9,1016.0,5,4,20.3,24.9,No,No,No,2011-02-25,True,1.0,0,0,2011,1,2,Feb,2011-02,Winter,21.35,9.5,0,0,Light,Moderate (30-45 km/h),East
1081,2011-02-25,18.0,28.0,0.0,7.4,7.6,E,30,WNW,NNE,7,20,75,41,1014.5,1012.2,5,4,21.1,27.1,No,No,No,2011-02-26,True,1.0,0,0,2011,1,2,Feb,2011-02,Winter,23.0,10.0,0,0,None,Moderate (30-45 km/h),East
1082,2011-02-26,20.9,27.2,0.0,7.6,11.1,ENE,41,WNW,E,4,26,80,65,1012.5,1009.5,5,4,23.7,26.8,No,No,No,2011-02-27,True,1.0,0,0,2011,1,2,Feb,2011-02,Winter,24.05,6.3,0,0,None,Moderate (30-45 km/h),East
1083,2011-02-27,20.3,30.3,0.0,8.0,1.4,SSW,37,W,WNW,17,6,74,63,1008.3,1007.5,5,4,22.3,26.9,No,No,No,2011-02-28,True,1.0,0,0,2011,1,2,Feb,2011-02,Winter,25.3,10.0,0,0,None,Moderate (30-45 km/h),South
1084,2011-02-28,22.2,28.8,0.8,5.0,2.4,N,46,NE,ENE,13,26,83,65,1009.9,1007.8,5,4,22.7,26.1,No,No,No,2011-03-01,True,1.0,0,0,2011,1,2,Feb,2011-02,Winter,25.5,6.6,0,0,Light,Strong (45-60 km/h),North
1085,2011-03-01,22.7,33.6,0.6,4.4,1.9,SSE,54,W,WNW,9,17,53,39,1002.4,1003.1,5,4,28.8,32.5,No,No,No,2011-03-02,True,1.0,0,0,2011,1,3,Mar,2011-03,Spring,28.15,10.9,0,0,Light,Strong (45-60 km/h),South
1086,2011-03-02,19.4,21.8,0.0,9.2,0.0,SSE,43,ESE,E,19,11,58,59,1017.1,1015.0,5,4,20.5,21.2,No,No,No,2011-03-03,True,1.0,0,0,2011,1,3,Mar,2011-03,Spring,20.6,2.4,0,0,None,Moderate (30-45 km/h),South
1087,2011-03-03,17.4,31.7,0.0,2.2,10.5,ESE,33,W,SE,20,28,77,35,1009.1,1007.1,5,4,20.9,29.5,No,No,No,2011-03-04,True,1.0,0,0,2011,1,3,Mar,2011-03,Spring,24.55,14.3,0,0,None,Moderate (30-45 km/h),East
1088,2011-03-04,19.1,25.8,0.0,8.0,9.4,SSE,46,W,E,9,24,72,63,1011.7,1009.8,5,4,22.5,25.4,No,No,No,2011-03-05,True,1.0,0,0,2011,1,3,Mar,2011-03,Spring,22.45,6.7,0,0,None,Strong (45-60 km/h),South
1089,2011-03-05,18.1,23.2,0.2,8.2,0.6,ESE,43,SSE,ESE,22,28,70,50,1022.5,1023.5,5,4,18.7,22.2,No,No,No,2011-03-06,True,1.0,0,0,2011,1,3,Mar,2011-03,Spring,20.65,5.1,0,0,Light,Moderate (30-45 km/h),East
1090,2011-03-06,18.0,23.6,0.2,8.2,2.9,ESE,35,SSE,E,17,19,48,44,1026.9,1026.3,5,4,21.0,22.2,No,No,No,2011-03-07,True,1.0,0,0,2011,1,3,Mar,2011-03,Spring,20.8,5.6,0,0,Light,Moderate (30-45 km/h),East
1091,2011-03-07,17.0,24.4,0.0,4.8,10.1,ENE,33,ESE,E,9,20,67,48,1024.8,1022.2,5,4,20.3,23.8,No,No,No,2011-03-08,True,1.0,0,0,2011,1,3,Mar,2011-03,Spring,20.7,7.4,0,0,None,Moderate (30-45 km/h),East
1092,2011-03-08,17.6,25.8,0.2,6.8,10.4,NNE,48,W,NE,7,30,71,60,1019.7,1015.8,5,4,21.2,25.2,No,No,No,2011-03-09,True,1.0,0,0,2011,1,3,Mar,2011-03,Spring,21.7,8.2,0,0,Light,Strong (45-60 km/h),North
1093,2011-03-09,20.7,30.8,0.0,8.0,2.3,NW,24,W,NW,6,17,77,38,1015.2,1013.1,5,4,21.8,30.6,No,No,No,2011-03-10,True,1.0,0,0,2011,1,3,Mar,2011-03,Spring,25.75,10.1,0,0,None,Light (<30 km/h),North
1094,2011-03-10,21.8,27.4,0.0,6.2,0.0,SE,24,W,ENE,6,9,70,68,1013.3,1012.0,5,4,23.8,25.2,No,No,No,2011-03-11,True,1.0,0,0,2011,1,3,Mar,2011-03,Spring,24.6,5.6,0,0,None,Light (<30 km/h),East
1095,2011-03-11,22.0,26.7,0.0,3.6,1.8,ESE,22,S,ESE,7,19,86,76,1016.0,1015.3,5,4,23.2,25.3,No,No,No,2011-03-12,True,1.0,0,0,2011,1,3,Mar,2011-03,Spring,24.35,4.7,0,0,None,Light (<30 km/h),East
1096,2011-03-12,20.6,28.1,1.0,3.2,9.8,W,41,N,E,4,20,82,69,1020.8,1019.2,5,4,23.3,26.1,No,No,No,2011-03-13,True,1.0,0,0,2011,1,3,Mar,2011-03,Spring,24.35,7.5,0,1,Light,Moderate (30-45 km/h),West
1097,2011-03-13,21.8,27.7,0.2,6.4,10.7,W,41,N,NE,9,22,76,60,1021.5,1018.2,5,4,24.5,27.2,No,No,No,2011-03-14,True,1.0,0,0,2011,1,3,Mar,2011-03,Spring,24.75,5.9,0,0,Light,Moderate (30-45 km/h),West
1098,2011-03-14,21.3,27.5,0.0,8.0,3.2,S,59,WNW,S,11,31,76,79,1019.4,1020.6,5,4,24.3,22.3,No,No,No,2011-03-15,True,1.0,0,0,2011,1,3,Mar,2011-03,Spring,24.4,6.2,0,0,None,Strong (45-60 km/h),South
1099,2011-03-15,17.5,24.5,0.8,4.0,3.4,W,28,WNW,SE,13,15,82,62,1021.4,1018.2,5,4,21.0,24.5,No,No,No,2011-03-16,True,1.0,0,0,2011,1,3,Mar,2011-03,Spring,21.0,7.0,0,0,Light,Light (<30 km/h),West
1100,2011-03-16,19.3,28.3,0.0,3.2,7.7,ESE,33,W,SE,11,20,77,65,1017.2,1016.8,5,4,22.3,25.3,No,Yes,Yes,2011-03-17,True,1.0,0,0,2011,1,3,Mar,2011-03,Spring,23.8,9.0,0,0,None,Moderate (30-45 km/h),East
1101,2011-03-17,20.6,26.8,5.6,5.8,5.9,S,31,S,SE,17,17,85,66,1019.4,1017.0,5,4,21.1,25.8,Yes,No,No,2011-03-18,True,1.0,0,0,2011,1,3,Mar,2011-03,Spring,23.7,6.2,0,1,Moderate,Moderate (30-45 km/h),South
1102,2011-03-18,20.0,25.2,0.0,5.4,0.9,ESE,39,SSW,SSE,19,20,81,67,1015.2,1014.0,5,4,21.1,24.8,No,Yes,Yes,2011-03-19,True,1.0,0,0,2011,1,3,Mar,2011-03,Spring,22.6,5.2,0,0,None,Moderate (30-45 km/h),East
1103,2011-03-19,19.4,24.0,10.4,5.2,0.9,ESE,46,ESE,ESE,24,24,86,84,1014.1,1011.8,5,4,21.2,22.9,Yes,Yes,Yes,2011-03-20,True,1.0,0,0,2011,1,3,Mar,2011-03,Spring,21.7,4.6,0,1,Heavy,Strong (45-60 km/h),East
1104,2011-03-20,18.8,23.5,99.4,4.8,3.3,E,59,ESE,ESE,22,39,92,81,1012.4,1010.1,5,4,19.4,22.2,Yes,Yes,Yes,2011-03-21,True,1.0,0,1,2011,1,3,Mar,2011-03,Spring,21.15,4.7,0,1,Extreme,Strong (45-60 km/h),East
1105,2011-03-21,19.4,24.8,20.8,5.2,2.6,ENE,57,E,E,26,19,95,82,1006.6,1003.3,5,4,21.4,24.0,Yes,Yes,Yes,2011-03-22,True,1.0,0,0,2011,1,3,Mar,2011-03,Spring,22.1,5.4,0,1,Heavy,Strong (45-60 km/h),East
1106,2011-03-22,21.1,27.4,27.8,1.6,10.2,ENE,24,WNW,ENE,9,20,95,73,1001.3,999.4,5,4,21.6,26.2,Yes,No,No,2011-03-23,True,1.0,0,0,2011,1,3,Mar,2011-03,Spring,24.25,6.3,0,1,Heavy,Light (<30 km/h),East
1107,2011-03-23,19.9,30.8,0.8,5.8,11.0,W,39,W,W,19,13,75,41,1002.6,1000.4,5,4,22.5,29.6,No,No,No,2011-03-24,True,1.0,0,0,2011,1,3,Mar,2011-03,Spring,25.35,10.9,0,0,Light,Moderate (30-45 km/h),West
1108,2011-03-24,18.2,27.1,0.2,8.6,10.8,WNW,57,NW,WNW,28,35,50,36,1005.0,1003.2,5,4,21.5,26.3,No,No,No,2011-03-25,True,1.0,0,0,2011,1,3,Mar,2011-03,Spring,22.65,8.9,0,0,Light,Strong (45-60 km/h),West
1109,2011-03-25,17.7,26.7,0.0,8.8,8.0,W,46,W,S,28,13,50,42,1007.8,1008.7,5,4,20.5,24.8,No,No,No,2011-03-26,True,1.0,0,0,2011,1,3,Mar,2011-03,Spring,22.2,9.0,0,0,None,Strong (45-60 km/h),West
1110,2011-03-26,17.7,20.6,0.0,5.2,0.4,S,56,SSW,S,28,20,71,77,1019.2,1020.1,5,4,18.4,18.6,No,Yes,Yes,2011-03-27,True,1.0,0,0,2011,1,3,Mar,2011-03,Spring,19.15,2.9,0,0,None,Strong (45-60 km/h),South
1111,2011-03-27,16.1,20.5,5.0,5.4,2.5,SSE,41,WNW,SSW,17,19,89,87,1024.6,1024.5,5,4,16.6,18.4,Yes,Yes,Yes,2011-03-28,True,1.0,0,0,2011,1,3,Mar,2011-03,Spring,18.3,4.4,0,1,Moderate,Moderate (30-45 km/h),South
1112,2011-03-28,15.9,24.2,5.8,1.6,3.2,E,33,W,E,15,15,91,59,1026.7,1025.5,5,4,17.1,23.5,Yes,Yes,Yes,2011-03-29,True,1.0,0,0,2011,1,3,Mar,2011-03,Spring,20.05,8.3,0,1,Moderate,Moderate (30-45 km/h),East
1113,2011-03-29,17.1,24.8,10.8,1.8,8.3,NE,43,WNW,NE,4,24,94,59,1025.8,1022.3,5,4,19.4,24.3,Yes,No,No,2011-03-30,True,1.0,0,0,2011,1,3,Mar,2011-03,Spring,20.95,7.7,0,1,Heavy,Moderate (30-45 km/h),North
1114,2011-03-30,17.8,27.7,0.0,6.6,9.2,WSW,41,WNW,E,13,17,78,61,1019.9,1016.1,5,4,20.5,26.0,No,Yes,Yes,2011-03-31,True,1.0,0,0,2011,1,3,Mar,2011-03,Spring,22.75,9.9,0,0,None,Moderate (30-45 km/h),West
1115,2011-03-31,20.1,21.3,1.8,5.2,0.5,SSE,43,SSE,SE,22,20,78,68,1022.7,1022.9,5,4,20.3,20.9,Yes,Yes,Yes,2011-05-01,False,1.0,0,0,2011,1,3,Mar,2011-03,Spring,20.7,1.2,0,1,Light,Moderate (30-45 km/h),South
1116,2011-05-01,14.8,22.9,3.6,0.8,8.8,SSW,28,WNW,S,19,13,84,57,1018.9,1015.9,5,4,16.6,21.6,Yes,No,No,2011-05-02,True,31.0,1,0,2011,2,5,May,2011-05,Spring,18.85,8.1,0,1,Moderate,Light (<30 km/h),South
1117,2011-05-02,12.9,18.4,0.0,3.8,0.5,W,31,W,WNW,20,13,87,75,1016.6,1014.7,5,4,14.3,18.1,No,No,No,2011-05-03,True,1.0,0,0,2011,2,5,May,2011-05,Spring,15.65,5.5,0,0,None,Moderate (30-45 km/h),West
1118,2011-05-03,14.0,18.5,0.6,2.4,0.0,S,41,W,SSW,15,20,90,66,1015.0,1013.7,5,4,15.0,18.5,No,No,No,2011-05-04,True,1.0,0,0,2011,2,5,May,2011-05,Spring,16.25,4.5,0,0,Light,Moderate (30-45 km/h),South
1119,2011-05-04,13.0,21.8,0.4,0.2,9.1,W,41,W,S,24,20,72,54,1016.4,1015.6,5,4,15.2,20.7,No,No,No,2011-05-05,True,1.0,0,0,2011,2,5,May,2011-05,Spring,17.4,8.8,0,0,Light,Moderate (30-45 km/h),West
1120,2011-05-05,11.7,19.5,0.2,4.6,7.4,SSW,50,SW,SSW,24,26,63,51,1021.1,1021.3,5,4,16.2,18.8,No,No,No,2011-05-06,True,1.0,0,0,2011,2,5,May,2011-05,Spring,15.6,7.8,0,0,Light,Strong (45-60 km/h),South
1121,2011-05-06,10.1,19.6,0.0,4.4,8.7,SSE,33,W,S,19,17,69,48,1023.9,1020.4,5,4,13.1,18.4,No,No,No,2011-05-07,True,1.0,0,0,2011,2,5,May,2011-05,Spring,14.85,9.5,0,0,None,Moderate (30-45 km/h),South
1122,2011-05-07,9.8,20.8,0.0,4.6,10.0,W,35,W,ESE,22,9,75,52,1019.5,1015.2,5,4,12.0,19.6,No,No,No,2011-05-08,True,1.0,0,0,2011,2,5,May,2011-05,Spring,15.3,11.0,0,0,None,Moderate (30-45 km/h),West
1123,2011-05-08,9.6,22.0,0.0,1.6,10.1,SW,31,W,WSW,20,11,76,34,1014.0,1010.4,5,4,12.2,21.6,No,No,No,2011-05-09,True,1.0,0,0,2011,2,5,May,2011-05,Spring,15.8,12.4,0,0,None,Moderate (30-45 km/h),South
1124,2011-05-09,10.5,17.7,0.0,3.8,6.9,W,41,SSW,SSW,22,31,63,63,1014.5,1013.7,5,4,14.5,16.9,No,Yes,Yes,2011-05-10,True,1.0,0,0,2011,2,5,May,2011-05,Spring,14.1,7.2,0,0,None,Moderate (30-45 km/h),West
1125,2011-05-10,10.1,18.0,4.4,3.4,9.1,SSW,44,W,S,26,22,62,45,1015.6,1013.1,5,4,11.8,17.6,Yes,No,No,2011-05-11,True,1.0,0,0,2011,2,5,May,2011-05,Spring,14.05,7.9,0,1,Moderate,Moderate (30-45 km/h),South
1126,2011-05-11,8.2,16.4,0.2,3.8,3.9,W,56,WNW,W,9,28,64,37,1009.2,1006.4,5,4,11.3,14.8,No,No,No,2011-05-12,True,1.0,0,0,2011,2,5,May,2011-05,Spring,12.3,8.2,0,0,Light,Strong (45-60 km/h),West
1127,2011-05-12,7.9,16.7,0.0,2.2,10.2,WSW,43,W,WSW,26,24,51,27,1010.7,1009.3,5,4,10.5,16.2,No,No,No,2011-05-13,True,1.0,0,0,2011,2,5,May,2011-05,Spring,12.3,8.8,0,0,None,Moderate (30-45 km/h),West
1128,2011-05-13,9.9,21.0,0.0,4.0,9.3,SW,41,W,W,13,20,69,40,1012.0,1008.1,5,4,12.8,19.8,No,No,No,2011-05-14,True,1.0,0,0,2011,2,5,May,2011-05,Spring,15.45,11.1,0,0,None,Moderate (30-45 km/h),South
1129,2011-05-14,10.8,17.9,0.0,3.4,10.0,WSW,52,W,WSW,28,20,50,33,1016.0,1017.6,5,4,11.7,16.2,No,No,No,2011-05-15,True,1.0,0,0,2011,2,5,May,2011-05,Spring,14.35,7.1,0,0,None,Strong (45-60 km/h),West
1130,2011-05-15,7.3,19.2,0.0,4.8,9.8,WSW,41,W,W,24,11,58,36,1028.8,1026.9,5,4,9.9,19.0,No,No,No,2011-05-16,True,1.0,0,0,2011,2,5,May,2011-05,Spring,13.25,11.9,0,0,None,Moderate (30-45 km/h),West
1131,2011-05-16,7.3,19.6,0.0,5.0,10.2,W,30,W,ENE,17,13,69,48,1030.1,1026.2,5,4,9.6,17.5,No,No,No,2011-05-17,True,1.0,0,0,2011,2,5,May,2011-05,Spring,13.45,12.3,0,0,None,Moderate (30-45 km/h),West
1132,2011-05-17,7.9,20.2,0.0,2.2,9.9,W,30,W,S,22,17,72,59,1030.5,1028.1,5,4,10.0,18.9,No,No,No,2011-05-18,True,1.0,0,0,2011,2,5,May,2011-05,Spring,14.05,12.3,0,0,None,Moderate (30-45 km/h),West
1133,2011-05-18,8.5,20.8,0.0,2.8,9.3,W,28,W,E,19,9,74,58,1032.6,1029.6,5,4,11.6,19.4,No,Yes,Yes,2011-05-19,True,1.0,0,0,2011,2,5,May,2011-05,Spring,14.65,12.3,0,0,None,Light (<30 km/h),West
1134,2011-05-19,11.5,20.5,2.6,1.8,6.8,N,26,W,ENE,15,17,83,70,1031.5,1028.2,5,4,13.8,19.3,Yes,No,No,2011-05-20,True,1.0,0,0,2011,2,5,May,2011-05,Spring,16.0,9.0,0,1,Moderate,Light (<30 km/h),North
1135,2011-05-20,11.3,21.2,0.0,3.8,9.4,WNW,20,W,E,15,11,91,69,1028.3,1024.4,5,4,12.8,19.8,No,No,No,2011-05-21,True,1.0,0,0,2011,2,5,May,2011-05,Spring,16.25,9.9,0,0,None,Light (<30 km/h),West
1136,2011-05-21,12.1,23.3,0.0,1.0,9.9,W,22,WNW,E,17,11,80,56,1025.4,1021.5,5,4,13.7,20.9,No,No,No,2011-05-22,True,1.0,0,0,2011,2,5,May,2011-05,Spring,17.7,11.2,0,0,None,Light (<30 km/h),West
1137,2011-05-22,12.4,21.6,0.0,3.4,7.3,NNE,26,W,NE,13,11,79,59,1021.0,1015.3,5,4,13.9,20.6,No,No,No,2011-05-23,True,1.0,0,0,2011,2,5,May,2011-05,Spring,17.0,9.2,0,0,None,Light (<30 km/h),North
1138,2011-05-23,13.9,22.9,1.0,3.4,7.6,NW,52,NW,NW,15,26,81,37,1005.4,1001.4,5,4,16.0,22.4,No,No,No,2011-05-24,True,1.0,0,0,2011,2,5,May,2011-05,Spring,18.4,9.0,0,1,Light,Strong (45-60 km/h),North
1139,2011-05-24,12.1,18.8,0.0,6.6,3.9,WNW,39,WNW,SSE,7,19,57,75,1005.1,1005.0,5,4,14.6,15.5,No,Yes,Yes,2011-05-25,True,1.0,0,0,2011,2,5,May,2011-05,Spring,15.45,6.7,0,0,None,Moderate (30-45 km/h),West
1140,2011-05-25,11.1,14.2,12.0,1.4,1.8,SW,69,SSW,SSW,33,31,72,69,1011.1,1011.1,5,4,12.3,13.9,Yes,Yes,Yes,2011-05-26,True,1.0,0,0,2011,2,5,May,2011-05,Spring,12.65,3.1,0,1,Heavy,Gale (>60 km/h),South
1141,2011-05-26,10.7,19.6,9.4,1.6,4.1,SW,39,W,S,20,17,63,51,1016.6,1015.1,5,4,12.9,19.3,Yes,No,No,2011-05-27,True,1.0,0,0,2011,2,5,May,2011-05,Spring,15.15,8.9,0,1,Moderate,Moderate (30-45 km/h),South
1142,2011-05-27,8.8,18.3,0.0,2.4,7.2,W,31,W,S,22,13,69,62,1019.1,1017.8,5,4,10.5,16.2,No,No,No,2011-05-28,True,1.0,0,0,2011,2,5,May,2011-05,Spring,13.55,9.5,0,0,None,Moderate (30-45 km/h),West
1143,2011-05-28,8.5,17.4,0.0,3.2,3.1,SSE,37,W,S,22,19,75,67,1023.8,1022.5,5,4,10.4,16.8,No,No,No,2011-05-29,True,1.0,0,0,2011,2,5,May,2011-05,Spring,12.95,8.9,0,0,None,Moderate (30-45 km/h),South
1144,2011-05-29,10.2,17.0,0.0,0.6,0.0,S,31,W,SSW,20,17,82,77,1025.1,1021.9,5,4,11.2,16.7,No,Yes,Yes,2011-05-30,True,1.0,0,0,2011,2,5,May,2011-05,Spring,13.6,6.8,0,0,None,Moderate (30-45 km/h),South
1145,2011-05-30,11.2,17.9,36.0,4.4,0.0,ESE,94,SSE,SSE,30,17,89,91,1020.5,1018.4,5,4,15.4,14.0,Yes,Yes,Yes,2011-05-31,True,1.0,0,1,2011,2,5,May,2011-05,Spring,14.55,6.7,0,1,Heavy,Gale (>60 km/h),East
1146,2011-05-31,13.9,19.9,65.2,4.8,0.7,E,70,ESE,ESE,39,31,81,62,1019.5,1019.3,5,4,17.9,19.6,Yes,Yes,Yes,2011-06-01,True,1.0,0,1,2011,2,5,May,2011-05,Spring,16.9,6.0,0,1,Extreme,Gale (>60 km/h),East
1147,2011-06-01,16.1,21.0,4.6,4.6,0.7,ESE,54,SE,ESE,22,37,65,63,1025.3,1025.0,5,4,18.7,18.7,Yes,Yes,Yes,2011-06-02,True,1.0,0,0,2011,2,6,Jun,2011-06,Summer,18.55,4.9,0,1,Moderate,Strong (45-60 km/h),East
1148,2011-06-02,13.7,19.8,2.6,3.2,7.6,SE,37,S,SE,11,19,73,75,1025.3,1022.7,5,4,17.4,18.2,Yes,No,No,2011-06-03,True,1.0,0,0,2011,2,6,Jun,2011-06,Summer,16.75,6.1,0,1,Moderate,Moderate (30-45 km/h),East
1149,2011-06-03,10.6,20.4,0.0,1.2,8.8,W,28,WNW,WNW,20,6,85,58,1019.7,1014.7,5,4,12.2,18.5,No,No,No,2011-06-04,True,1.0,0,0,2011,2,6,Jun,2011-06,Summer,15.5,9.8,0,0,None,Light (<30 km/h),West
1150,2011-06-04,11.1,18.7,0.0,2.8,2.5,SSW,26,WNW,W,13,6,73,62,1015.4,1013.7,5,4,13.3,18.3,No,Yes,Yes,2011-06-05,True,1.0,0,0,2011,2,6,Jun,2011-06,Summer,14.9,7.6,0,0,None,Light (<30 km/h),South
1151,2011-06-05,10.5,17.7,1.4,3.0,9.2,W,39,W,W,20,9,68,47,1018.0,1012.9,5,4,11.6,16.5,Yes,No,No,2011-06-06,True,1.0,0,0,2011,2,6,Jun,2011-06,Summer,14.1,7.2,0,1,Light,Moderate (30-45 km/h),West
1152,2011-06-06,9.3,17.7,0.0,2.0,7.4,WSW,48,NW,SSE,7,20,57,62,1016.1,1016.2,5,4,12.2,15.0,No,No,No,2011-06-07,True,1.0,0,0,2011,2,6,Jun,2011-06,Summer,13.5,8.4,0,0,None,Strong (45-60 km/h),West
1153,2011-06-07,7.0,15.0,0.0,4.0,7.3,W,39,W,W,13,24,71,38,1017.7,1013.2,5,4,8.6,14.0,No,No,No,2011-06-08,True,1.0,0,0,2011,2,6,Jun,2011-06,Summer,11.0,8.0,0,0,None,Moderate (30-45 km/h),West
1154,2011-06-08,8.2,14.1,0.0,1.8,9.9,W,67,WNW,W,22,30,46,28,1015.0,1012.7,5,4,9.8,13.1,No,No,No,2011-06-09,True,1.0,0,0,2011,2,6,Jun,2011-06,Summer,11.15,5.9,0,0,None,Gale (>60 km/h),West
1155,2011-06-09,7.5,16.4,0.0,3.6,9.9,W,54,WNW,W,22,28,54,40,1013.4,1011.0,5,4,9.7,15.2,No,No,No,2011-06-10,True,1.0,0,0,2011,2,6,Jun,2011-06,Summer,11.95,8.9,0,0,None,Strong (45-60 km/h),West
1156,2011-06-10,8.9,15.7,0.0,4.8,4.6,SW,56,W,SW,19,31,58,60,1016.0,1017.0,5,4,11.6,14.2,No,Yes,Yes,2011-06-11,True,1.0,0,0,2011,2,6,Jun,2011-06,Summer,12.3,6.8,0,0,None,Strong (45-60 km/h),South
1157,2011-06-11,9.9,15.7,7.8,0.2,6.1,SE,54,SSW,SSW,20,26,86,80,1024.4,1024.6,5,4,12.6,13.8,Yes,Yes,Yes,2011-06-12,True,1.0,0,0,2011,2,6,Jun,2011-06,Summer,12.8,5.8,0,1,Moderate,Strong (45-60 km/h),East
1158,2011-06-12,11.6,15.7,18.2,4.8,0.3,S,57,SSE,SSE,28,35,89,67,1025.5,1022.9,5,4,13.6,15.3,Yes,Yes,Yes,2011-06-13,True,1.0,0,0,2011,2,6,Jun,2011-06,Summer,13.65,4.1,0,1,Heavy,Strong (45-60 km/h),South
1159,2011-06-13,12.8,16.7,23.4,2.4,0.0,SSE,50,SSW,SE,17,20,92,62,1023.9,1021.1,5,4,13.7,16.3,Yes,Yes,Yes,2011-06-14,True,1.0,0,0,2011,2,6,Jun,2011-06,Summer,14.75,3.9,0,1,Heavy,Strong (45-60 km/h),South
1160,2011-06-14,13.7,17.8,10.4,3.4,0.3,SSE,67,SE,SSE,22,35,81,78,1021.2,1019.9,5,4,15.7,15.4,Yes,Yes,Yes,2011-06-15,True,1.0,0,0,2011,2,6,Jun,2011-06,Summer,15.75,4.1,0,1,Heavy,Gale (>60 km/h),South
1161,2011-06-15,14.1,18.4,13.8,6.0,0.2,ESE,69,SSE,SE,37,28,85,63,1023.3,1021.4,5,4,15.3,17.4,Yes,Yes,Yes,2011-06-16,True,1.0,0,0,2011,2,6,Jun,2011-06,Summer,16.25,4.3,0,1,Heavy,Gale (>60 km/h),East
1162,2011-06-16,14.0,17.1,4.2,3.6,1.3,ESE,54,SSE,SSW,31,22,71,68,1021.2,1016.8,5,4,15.9,16.3,Yes,Yes,Yes,2011-06-17,True,1.0,0,0,2011,2,6,Jun,2011-06,Summer,15.55,3.1,0,1,Moderate,Strong (45-60 km/h),East
1163,2011-06-17,8.2,18.3,4.2,1.4,9.5,W,70,WNW,WSW,9,39,82,40,1008.2,1005.5,5,4,10.0,15.5,Yes,No,No,2011-06-18,True,1.0,0,0,2011,2,6,Jun,2011-06,Summer,13.25,10.1,0,1,Moderate,Gale (>60 km/h),West
1164,2011-06-18,9.9,17.7,0.0,3.6,9.8,W,54,W,W,17,39,51,39,1011.6,1009.8,5,4,11.3,17.0,No,No,No,2011-06-19,True,1.0,0,0,2011,2,6,Jun,2011-06,Summer,13.8,7.8,0,0,None,Strong (45-60 km/h),West
1165,2011-06-19,8.3,18.4,0.0,2.8,9.7,W,30,W,WNW,19,9,69,39,1016.4,1014.0,5,4,10.5,17.7,No,No,No,2011-06-20,True,1.0,0,0,2011,2,6,Jun,2011-06,Summer,13.35,10.1,0,0,None,Moderate (30-45 km/h),West
1166,2011-06-20,9.3,19.6,0.0,3.4,9.7,NW,35,WSW,WNW,11,22,64,38,1015.5,1011.9,5,4,11.9,18.6,No,No,No,2011-06-21,True,1.0,0,0,2011,2,6,Jun,2011-06,Summer,14.45,10.3,0,0,None,Moderate (30-45 km/h),North
1167,2011-06-21,11.8,20.7,0.0,5.0,6.8,W,78,N,WSW,20,39,54,37,1005.3,1000.6,5,4,14.2,18.5,No,No,No,2011-06-22,True,1.0,0,0,2011,2,6,Jun,2011-06,Summer,16.25,8.9,0,0,None,Gale (>60 km/h),West
1168,2011-06-22,9.6,16.3,0.0,4.6,9.2,WSW,54,WNW,WSW,19,30,47,30,1010.6,1010.4,5,4,11.2,15.7,No,No,No,2011-06-23,True,1.0,0,0,2011,2,6,Jun,2011-06,Summer,12.95,6.7,0,0,None,Strong (45-60 km/h),West
1169,2011-06-23,9.8,20.5,0.0,3.8,9.4,SW,50,W,WSW,9,9,59,36,1016.8,1017.3,5,4,12.6,19.5,No,No,No,2011-06-24,True,1.0,0,0,2011,2,6,Jun,2011-06,Summer,15.15,10.7,0,0,None,Strong (45-60 km/h),South
1170,2011-06-24,8.1,18.6,0.0,3.4,9.8,W,26,W,NE,20,9,69,40,1026.7,1024.7,5,4,9.8,17.6,No,No,No,2011-06-25,True,1.0,0,0,2011,2,6,Jun,2011-06,Summer,13.35,10.5,0,0,None,Light (<30 km/h),West
1171,2011-06-25,7.7,19.6,0.0,2.4,9.5,W,26,W,E,19,7,79,53,1031.3,1028.0,5,4,9.8,18.2,No,No,No,2011-06-26,True,1.0,0,0,2011,2,6,Jun,2011-06,Summer,13.65,11.9,0,0,None,Light (<30 km/h),West
1172,2011-06-26,7.8,20.7,0.0,1.8,9.7,W,22,W,W,13,6,83,39,1026.8,1023.3,5,4,9.0,20.5,No,No,No,2011-06-27,True,1.0,0,0,2011,2,6,Jun,2011-06,Summer,14.25,12.9,0,0,None,Light (<30 km/h),West
1173,2011-06-27,7.5,20.0,0.0,2.6,9.6,W,33,WNW,SSE,28,17,66,51,1028.1,1027.2,5,4,10.4,19.1,No,No,No,2011-06-28,True,1.0,0,0,2011,2,6,Jun,2011-06,Summer,13.75,12.5,0,0,None,Moderate (30-45 km/h),West
1174,2011-06-28,9.0,16.6,0.0,2.6,0.7,SSE,43,W,S,20,13,86,62,1034.2,1032.6,5,4,10.7,16.3,No,Yes,Yes,2011-06-29,True,1.0,0,0,2011,2,6,Jun,2011-06,Summer,12.8,7.6,0,0,None,Moderate (30-45 km/h),South
1175,2011-06-29,10.7,18.0,2.8,2.0,2.6,ESE,43,SSE,S,17,6,74,87,1036.8,1035.7,5,4,15.0,14.6,Yes,No,No,2011-06-30,True,1.0,0,0,2011,2,6,Jun,2011-06,Summer,14.35,7.3,0,1,Moderate,Moderate (30-45 km/h),East
1176,2011-06-30,12.1,18.1,0.4,1.6,0.7,SSE,30,S,SSE,7,15,76,59,1037.9,1034.8,5,4,14.4,16.2,No,No,No,2011-07-01,True,1.0,0,0,2011,2,6,Jun,2011-06,Summer,15.1,6.0,0,0,Light,Moderate (30-45 km/h),South
1177,2011-07-01,10.8,16.6,0.4,2.6,1.9,SSE,33,WNW,SSW,19,20,91,67,1031.6,1028.1,5,4,12.3,16.2,No,Yes,Yes,2011-07-02,True,1.0,0,0,2011,3,7,Jul,2011-07,Summer,13.7,5.8,0,0,Light,Moderate (30-45 km/h),South
1178,2011-07-02,11.3,19.3,2.6,1.4,9.6,W,24,W,E,11,2,91,57,1026.6,1022.6,5,4,12.3,18.9,Yes,No,No,2011-07-03,True,1.0,0,0,2011,3,7,Jul,2011-07,Summer,15.3,8.0,0,1,Moderate,Light (<30 km/h),West
1179,2011-07-03,8.6,20.7,0.0,3.0,8.1,N,39,WNW,N,17,20,90,43,1022.1,1017.5,5,4,10.1,19.8,No,No,No,2011-07-04,True,1.0,0,0,2011,3,7,Jul,2011-07,Summer,14.65,12.1,0,0,None,Moderate (30-45 km/h),North
1180,2011-07-04,10.1,20.4,0.2,4.4,6.9,NW,50,NNW,NW,28,26,50,55,1014.1,1010.0,5,4,17.0,18.6,No,No,No,2011-07-05,True,1.0,0,0,2011,3,7,Jul,2011-07,Summer,15.25,10.3,0,0,Light,Strong (45-60 km/h),North
1181,2011-07-05,12.2,17.1,0.0,4.8,9.8,W,65,WNW,W,28,39,36,27,1008.8,1004.8,5,4,14.0,16.5,No,No,No,2011-07-06,True,1.0,0,0,2011,3,7,Jul,2011-07,Summer,14.65,4.9,0,0,None,Gale (>60 km/h),West
1182,2011-07-06,10.9,17.6,0.0,5.6,9.4,WNW,52,NW,NW,20,20,44,30,1010.2,1007.4,5,4,13.0,17.0,No,No,No,2011-07-07,True,1.0,0,0,2011,3,7,Jul,2011-07,Summer,14.25,6.7,0,0,None,Strong (45-60 km/h),West
1183,2011-07-07,11.1,17.6,0.0,5.4,10.0,W,70,W,WSW,44,30,45,28,1007.5,1013.8,5,4,13.9,16.0,No,No,No,2011-07-08,True,1.0,0,0,2011,3,7,Jul,2011-07,Summer,14.35,6.5,0,0,None,Gale (>60 km/h),West
1184,2011-07-08,5.5,17.0,0.0,4.0,9.9,WSW,50,WNW,W,19,17,59,29,1022.4,1018.2,5,4,8.1,16.6,No,No,No,2011-07-09,True,1.0,0,0,2011,3,7,Jul,2011-07,Summer,11.25,11.5,0,0,None,Strong (45-60 km/h),West
1185,2011-07-09,6.4,17.0,0.0,4.0,10.0,WSW,52,WNW,WSW,24,22,49,32,1018.8,1015.5,5,4,9.1,16.4,No,No,No,2011-07-10,True,1.0,0,0,2011,3,7,Jul,2011-07,Summer,11.7,10.6,0,0,None,Strong (45-60 km/h),West
1186,2011-07-10,6.1,16.4,0.0,3.8,10.0,W,80,W,NW,26,31,44,29,1014.5,1010.2,5,4,10.4,15.9,No,No,No,2011-07-11,True,1.0,0,1,2011,3,7,Jul,2011-07,Summer,11.25,10.3,0,0,None,Gale (>60 km/h),West
1187,2011-07-11,9.2,17.9,0.0,4.0,10.0,SW,46,WSW,W,22,13,41,23,1017.6,1018.1,5,4,11.7,17.3,No,No,No,2011-07-12,True,1.0,0,0,2011,3,7,Jul,2011-07,Summer,13.55,8.7,0,0,None,Strong (45-60 km/h),South
1188,2011-07-12,6.9,18.9,0.0,3.2,9.4,WSW,48,W,WNW,19,11,56,31,1022.2,1017.9,5,4,9.5,18.5,No,No,No,2011-07-13,True,1.0,0,0,2011,3,7,Jul,2011-07,Summer,12.9,12.0,0,0,None,Strong (45-60 km/h),West
1189,2011-07-13,9.5,12.3,0.0,3.8,0.0,WSW,48,W,W,20,22,54,48,1018.2,1016.5,5,4,10.3,11.9,No,No,No,2011-07-14,True,1.0,0,0,2011,3,7,Jul,2011-07,Summer,10.9,2.8,0,0,None,Strong (45-60 km/h),West
1190,2011-07-14,8.2,15.6,0.0,2.8,9.9,SW,44,W,S,19,22,56,35,1025.7,1027.4,5,4,11.0,14.6,No,No,No,2011-07-15,True,1.0,0,0,2011,3,7,Jul,2011-07,Summer,11.9,7.4,0,0,None,Moderate (30-45 km/h),South
1191,2011-07-15,5.6,13.2,0.8,2.0,0.6,S,39,W,S,26,13,64,84,1034.7,1032.4,5,4,7.5,12.7,No,Yes,Yes,2011-07-16,True,1.0,0,0,2011,3,7,Jul,2011-07,Summer,9.4,7.6,0,0,Light,Moderate (30-45 km/h),South
1192,2011-07-16,7.5,16.3,9.0,1.4,4.4,ENE,26,W,E,13,17,94,62,1031.7,1027.7,5,4,10.4,14.8,Yes,Yes,Yes,2011-07-17,True,1.0,0,0,2011,3,7,Jul,2011-07,Summer,11.9,8.8,0,1,Moderate,Light (<30 km/h),East
1193,2011-07-17,10.4,16.1,2.2,1.4,0.7,W,17,W,ESE,11,2,95,86,1025.2,1021.5,5,4,11.9,14.5,Yes,Yes,Yes,2011-07-18,True,1.0,0,0,2011,3,7,Jul,2011-07,Summer,13.25,5.7,0,1,Light,Light (<30 km/h),West
1194,2011-07-18,9.6,20.3,1.4,1.0,7.0,SW,39,W,WNW,22,4,90,49,1018.5,1015.0,5,4,11.2,18.5,Yes,No,No,2011-07-19,True,1.0,0,0,2011,3,7,Jul,2011-07,Summer,14.95,10.7,0,1,Light,Moderate (30-45 km/h),South
1195,2011-07-19,7.4,14.7,0.6,3.2,5.1,W,56,W,W,22,26,63,72,1014.6,1011.6,5,4,8.7,10.3,No,Yes,Yes,2011-07-20,True,1.0,0,0,2011,3,7,Jul,2011-07,Summer,11.05,7.3,0,0,Light,Strong (45-60 km/h),West
1196,2011-07-20,8.7,18.5,76.8,4.8,1.6,S,70,SSW,SSW,24,24,91,83,1012.7,1013.5,5,4,14.3,15.0,Yes,Yes,Yes,2011-07-21,True,1.0,0,1,2011,3,7,Jul,2011-07,Summer,13.6,9.8,0,1,Extreme,Gale (>60 km/h),South
1197,2011-07-21,11.1,13.3,39.2,6.4,0.0,WSW,56,SW,SW,22,30,94,92,1016.6,1014.3,5,4,12.0,11.4,Yes,Yes,Yes,2011-07-22,True,1.0,0,0,2011,3,7,Jul,2011-07,Summer,12.2,2.2,0,1,Heavy,Strong (45-60 km/h),West
1198,2011-07-22,11.3,13.9,88.2,4.8,0.0,S,46,SE,WSW,19,19,88,95,1018.3,1018.0,5,4,13.1,11.5,Yes,Yes,Yes,2011-07-23,True,1.0,0,1,2011,3,7,Jul,2011-07,Summer,12.6,2.6,0,1,Extreme,Strong (45-60 km/h),South
1199,2011-07-23,8.7,15.6,57.4,5.6,2.7,SSW,41,W,SSW,22,22,89,67,1020.4,1019.1,5,4,9.1,14.5,Yes,Yes,Yes,2011-07-24,True,1.0,0,1,2011,3,7,Jul,2011-07,Summer,12.15,6.9,0,1,Extreme,Moderate (30-45 km/h),South
1200,2011-07-24,6.4,15.4,2.0,2.8,4.7,W,33,W,W,22,13,79,46,1019.9,1017.8,5,4,8.3,13.8,Yes,No,No,2011-07-25,True,1.0,0,0,2011,3,7,Jul,2011-07,Summer,10.9,9.0,0,1,Light,Moderate (30-45 km/h),West
1201,2011-07-25,8.3,19.1,0.6,1.6,6.0,NW,33,WNW,SSE,13,4,73,53,1017.9,1014.8,5,4,10.9,16.7,No,No,No,2011-07-26,True,1.0,0,0,2011,3,7,Jul,2011-07,Summer,13.7,10.8,0,0,Light,Moderate (30-45 km/h),North
1202,2011-07-26,7.0,18.4,0.6,0.4,8.3,WSW,35,WNW,SW,19,15,74,32,1020.0,1018.6,5,4,10.1,18.0,No,No,No,2011-07-27,True,1.0,0,0,2011,3,7,Jul,2011-07,Summer,12.7,11.4,0,0,Light,Moderate (30-45 km/h),West
1203,2011-07-27,8.1,17.3,0.2,3.0,8.7,S,39,WNW,S,19,20,70,59,1027.1,1026.8,5,4,10.4,16.3,No,No,No,2011-07-28,True,1.0,0,0,2011,3,7,Jul,2011-07,Summer,12.7,9.2,0,0,Light,Moderate (30-45 km/h),South
1204,2011-07-28,7.1,20.4,0.0,1.8,10.2,W,28,W,N,22,15,83,41,1029.3,1025.6,5,4,9.4,19.6,No,No,No,2011-07-29,True,1.0,0,0,2011,3,7,Jul,2011-07,Summer,13.75,13.3,0,0,None,Light (<30 km/h),West
1205,2011-07-29,7.3,20.0,0.0,3.6,10.4,WNW,22,WNW,ENE,17,11,75,32,1027.0,1023.6,5,4,9.6,19.0,No,No,No,2011-07-30,True,1.0,0,0,2011,3,7,Jul,2011-07,Summer,13.65,12.7,0,0,None,Light (<30 km/h),West
1206,2011-07-30,7.1,20.2,0.0,2.8,9.7,NNE,24,W,SE,17,6,78,43,1024.6,1020.5,5,4,8.7,18.8,No,No,No,2011-07-31,True,1.0,0,0,2011,3,7,Jul,2011-07,Summer,13.65,13.1,0,0,None,Light (<30 km/h),North
1207,2011-07-31,7.4,21.4,0.0,3.4,8.7,W,28,WNW,S,15,2,65,31,1022.3,1019.4,5,4,10.5,21.1,No,No,No,2011-08-01,True,1.0,0,0,2011,3,7,Jul,2011-07,Summer,14.4,14.0,0,0,None,Light (<30 km/h),West
1208,2011-08-01,9.7,22.7,0.0,2.4,9.6,NNE,26,W,E,15,15,73,53,1022.7,1019.4,5,4,12.5,19.3,No,No,No,2011-08-02,True,1.0,0,0,2011,3,8,Aug,2011-08,Summer,16.2,13.0,0,0,None,Light (<30 km/h),North
1209,2011-08-02,9.9,22.1,0.0,3.8,9.8,W,24,WNW,NE,19,4,72,37,1023.1,1020.9,5,4,12.5,21.7,No,No,No,2011-08-03,True,1.0,0,0,2011,3,8,Aug,2011-08,Summer,16.0,12.2,0,0,None,Light (<30 km/h),West
1210,2011-08-03,12.5,25.7,0.0,2.8,5.2,W,26,W,ENE,13,15,72,41,1023.2,1021.6,5,4,13.9,23.0,No,No,No,2011-08-04,True,1.0,0,0,2011,3,8,Aug,2011-08,Summer,19.1,13.2,0,0,None,Light (<30 km/h),West
1211,2011-08-04,12.0,23.5,0.0,4.8,10.2,W,41,WNW,NE,15,17,73,50,1026.5,1024.0,5,4,14.0,23.0,No,No,No,2011-08-05,True,1.0,0,0,2011,3,8,Aug,2011-08,Summer,17.75,11.5,0,0,None,Moderate (30-45 km/h),West
1212,2011-08-05,11.3,25.2,0.0,5.4,10.1,NNW,33,W,NNW,6,20,66,30,1025.4,1021.8,5,4,13.9,24.7,No,No,No,2011-08-06,True,1.0,0,0,2011,3,8,Aug,2011-08,Summer,18.25,13.9,0,0,None,Moderate (30-45 km/h),North
1213,2011-08-06,12.7,24.0,0.0,5.8,7.7,WSW,37,W,NNE,0,11,57,44,1021.2,1016.7,5,4,15.5,21.7,No,No,No,2011-08-07,True,1.0,0,0,2011,3,8,Aug,2011-08,Summer,18.35,11.3,0,0,None,Moderate (30-45 km/h),West
1214,2011-08-07,13.7,19.5,0.6,5.0,4.3,NW,35,NNW,N,9,17,84,77,1017.1,1012.6,5,4,14.2,16.7,No,Yes,Yes,2011-08-08,True,1.0,0,0,2011,3,8,Aug,2011-08,Summer,16.6,5.8,0,0,Light,Moderate (30-45 km/h),North
1215,2011-08-08,9.4,18.3,4.4,2.0,9.1,W,33,W,W,17,13,66,43,1010.9,1007.8,5,4,11.1,15.9,Yes,No,No,2011-08-09,True,1.0,0,0,2011,3,8,Aug,2011-08,Summer,13.85,8.9,0,1,Moderate,Moderate (30-45 km/h),West
1216,2011-08-09,7.8,17.1,0.0,3.8,2.8,WSW,33,W,W,19,15,69,37,1008.2,1005.6,5,4,9.7,16.1,No,No,No,2011-08-10,True,1.0,0,0,2011,3,8,Aug,2011-08,Summer,12.45,9.3,0,0,None,Moderate (30-45 km/h),West
1217,2011-08-10,7.8,18.5,0.0,0.8,9.8,WSW,39,WNW,WNW,9,15,58,39,1007.2,1004.5,5,4,10.7,16.5,No,No,No,2011-08-11,True,1.0,0,0,2011,3,8,Aug,2011-08,Summer,13.15,10.7,0,0,None,Moderate (30-45 km/h),West
1218,2011-08-11,7.3,18.5,0.0,4.8,6.7,W,33,W,S,15,13,58,47,1008.5,1008.2,5,4,11.5,16.9,No,Yes,Yes,2011-08-12,True,1.0,0,0,2011,3,8,Aug,2011-08,Summer,12.9,11.2,0,0,None,Moderate (30-45 km/h),West
1219,2011-08-12,10.3,17.3,13.0,6.2,2.7,SSW,41,SW,SSW,22,15,74,83,1018.0,1018.7,5,4,14.8,14.2,Yes,Yes,Yes,2011-08-13,True,1.0,0,0,2011,3,8,Aug,2011-08,Summer,13.8,7.0,0,1,Heavy,Moderate (30-45 km/h),South
1220,2011-08-13,8.3,18.9,2.6,1.2,7.8,W,28,W,E,20,17,78,51,1024.5,1022.2,5,4,10.4,17.2,Yes,No,No,2011-08-14,True,1.0,0,0,2011,3,8,Aug,2011-08,Summer,13.6,10.6,0,1,Moderate,Light (<30 km/h),West
1221,2011-08-14,10.3,16.5,1.0,2.2,0.8,S,24,W,E,7,11,89,71,1025.8,1023.9,5,4,13.7,15.7,No,No,No,2011-08-15,True,1.0,0,0,2011,3,8,Aug,2011-08,Summer,13.4,6.2,0,1,Light,Light (<30 km/h),South
1222,2011-08-15,9.4,17.8,0.6,1.6,5.1,W,26,WNW,ESE,17,15,78,58,1026.4,1022.8,5,4,11.6,17.2,No,No,No,2011-08-16,True,1.0,0,0,2011,3,8,Aug,2011-08,Summer,13.6,8.4,0,0,Light,Light (<30 km/h),West
1223,2011-08-16,10.6,17.9,0.0,2.4,8.2,ESE,24,W,ENE,13,11,85,62,1021.9,1018.7,5,4,12.8,17.5,No,No,No,2011-08-17,True,1.0,0,0,2011,3,8,Aug,2011-08,Summer,14.25,7.3,0,0,None,Light (<30 km/h),East
1224,2011-08-17,10.2,16.9,0.0,2.0,1.1,NNE,52,W,N,17,17,91,80,1018.4,1014.1,5,4,12.4,15.2,No,Yes,Yes,2011-08-18,True,1.0,0,0,2011,3,8,Aug,2011-08,Summer,13.55,6.7,0,0,None,Strong (45-60 km/h),North
1225,2011-08-18,10.9,18.9,5.6,2.2,9.7,NNW,50,NW,W,28,30,69,27,1008.4,1008.7,5,4,12.9,17.9,Yes,No,No,2011-08-19,True,1.0,0,0,2011,3,8,Aug,2011-08,Summer,14.9,8.0,0,1,Moderate,Strong (45-60 km/h),North
1226,2011-08-19,8.6,17.4,0.8,4.2,0.7,SE,78,W,SSE,28,39,85,74,1014.2,1015.8,5,4,9.1,16.2,No,Yes,Yes,2011-08-20,True,1.0,0,0,2011,3,8,Aug,2011-08,Summer,13.0,8.8,0,0,Light,Gale (>60 km/h),East
1227,2011-08-20,8.9,19.5,20.2,3.8,9.7,SSE,56,SSE,SE,24,26,57,47,1028.8,1028.6,5,4,16.3,18.7,Yes,Yes,Yes,2011-08-21,True,1.0,0,0,2011,3,8,Aug,2011-08,Summer,14.2,10.6,0,1,Heavy,Strong (45-60 km/h),South
1228,2011-08-21,12.3,18.5,2.2,6.0,5.8,ESE,46,SE,SSE,26,28,56,56,1034.8,1034.6,5,4,16.2,17.6,Yes,No,No,2011-08-22,True,1.0,0,0,2011,3,8,Aug,2011-08,Summer,15.4,6.2,0,1,Light,Strong (45-60 km/h),East
1229,2011-08-22,12.7,18.2,0.0,4.2,6.9,ESE,44,SE,SE,20,19,56,49,1038.0,1036.7,5,4,15.7,17.5,No,No,No,2011-08-23,True,1.0,0,0,2011,3,8,Aug,2011-08,Summer,15.45,5.5,0,0,None,Moderate (30-45 km/h),East
1230,2011-08-23,12.2,17.5,0.0,2.8,3.0,W,41,W,ENE,17,11,86,69,1036.1,1031.8,5,4,13.6,16.6,No,No,No,2011-08-24,True,1.0,0,0,2011,3,8,Aug,2011-08,Summer,14.85,5.3,0,0,None,Moderate (30-45 km/h),West
1231,2011-08-24,10.4,18.9,1.0,1.4,10.3,ENE,28,WNW,ENE,17,17,82,51,1030.4,1026.6,5,4,13.7,18.4,No,No,No,2011-08-25,True,1.0,0,0,2011,3,8,Aug,2011-08,Summer,14.65,8.5,0,1,Light,Light (<30 km/h),East
1232,2011-08-25,10.4,19.9,0.2,4.0,10.6,E,30,W,NE,9,17,79,64,1025.4,1020.6,5,4,13.0,19.0,No,No,No,2011-08-26,True,1.0,0,0,2011,3,8,Aug,2011-08,Summer,15.15,9.5,0,0,Light,Moderate (30-45 km/h),East
1233,2011-08-26,10.8,20.4,0.0,4.0,10.4,SSE,30,SSE,E,19,15,75,60,1025.4,1022.9,5,4,17.2,19.1,No,No,No,2011-08-27,True,1.0,0,0,2011,3,8,Aug,2011-08,Summer,15.6,9.6,0,0,None,Moderate (30-45 km/h),South
1234,2011-08-27,12.4,19.0,0.0,3.4,4.0,SSE,28,W,E,11,6,96,75,1021.8,1017.7,5,4,13.3,18.1,No,No,No,2011-08-28,True,1.0,0,0,2011,3,8,Aug,2011-08,Summer,15.7,6.6,0,0,None,Light (<30 km/h),South
1235,2011-08-28,11.3,21.6,0.0,0.8,8.2,SSW,35,W,ENE,20,17,76,63,1021.3,1017.0,5,4,13.6,18.7,No,No,No,2011-08-29,True,1.0,0,0,2011,3,8,Aug,2011-08,Summer,16.45,10.3,0,0,None,Moderate (30-45 km/h),South
1236,2011-08-29,11.2,24.0,0.0,3.6,10.4,WSW,31,NW,S,4,6,57,28,1017.2,1015.1,5,4,16.3,23.3,No,No,No,2011-08-30,True,1.0,0,0,2011,3,8,Aug,2011-08,Summer,17.6,12.8,0,0,None,Moderate (30-45 km/h),West
1237,2011-08-30,13.6,18.7,0.0,3.6,8.4,SSE,31,S,ESE,15,17,68,62,1022.8,1021.1,5,4,16.8,16.6,No,No,No,2011-08-31,True,1.0,0,0,2011,3,8,Aug,2011-08,Summer,16.15,5.1,0,0,None,Moderate (30-45 km/h),South
1238,2011-08-31,11.4,19.7,0.0,2.4,9.7,ESE,24,WNW,E,15,17,78,60,1023.7,1021.3,5,4,15.2,18.4,No,No,No,2011-09-01,True,1.0,0,0,2011,3,8,Aug,2011-08,Summer,15.55,8.3,0,0,None,Light (<30 km/h),East
1239,2011-09-01,13.4,19.5,0.0,1.0,7.9,ESE,30,WNW,ESE,6,19,84,57,1024.2,1022.4,5,4,15.3,19.3,No,No,No,2011-09-02,True,1.0,0,0,2011,3,9,Sep,2011-09,Autumn,16.45,6.1,0,0,None,Moderate (30-45 km/h),East
1240,2011-09-02,14.2,17.9,0.0,4.0,4.2,S,37,SSW,S,17,19,64,51,1029.5,1028.6,5,4,14.9,16.5,No,No,No,2011-09-03,True,1.0,0,0,2011,3,9,Sep,2011-09,Autumn,16.05,3.7,0,0,None,Moderate (30-45 km/h),South
1241,2011-09-03,10.1,19.1,0.0,1.0,9.7,ENE,37,W,NE,15,26,70,54,1030.9,1027.0,5,4,13.8,18.6,No,No,No,2011-09-04,True,1.0,0,0,2011,3,9,Sep,2011-09,Autumn,14.6,9.0,0,0,None,Moderate (30-45 km/h),East
1242,2011-09-04,10.6,20.0,0.0,3.4,10.5,NNE,39,N,NE,13,20,56,57,1027.9,1024.0,5,4,17.2,19.4,No,No,No,2011-09-05,True,1.0,0,0,2011,3,9,Sep,2011-09,Autumn,15.3,9.4,0,0,None,Moderate (30-45 km/h),North
1243,2011-09-05,14.2,22.5,0.0,5.6,6.1,NNE,37,SE,NE,4,13,56,62,1026.2,1023.2,5,4,18.0,20.1,No,No,No,2011-09-06,True,1.0,0,0,2011,3,9,Sep,2011-09,Autumn,18.35,8.3,0,0,None,Moderate (30-45 km/h),North
1244,2011-09-06,14.7,26.8,0.0,3.2,10.3,W,56,N,NNE,20,15,44,28,1019.6,1014.3,5,4,20.5,26.6,No,Yes,Yes,2011-09-07,True,1.0,0,0,2011,3,9,Sep,2011-09,Autumn,20.75,12.1,0,0,None,Strong (45-60 km/h),West
1245,2011-09-07,11.6,20.1,2.4,8.4,10.4,W,43,W,ESE,28,19,36,39,1019.2,1017.5,5,4,14.9,17.1,Yes,No,No,2011-09-08,True,1.0,0,0,2011,3,9,Sep,2011-09,Autumn,15.85,8.5,0,1,Light,Moderate (30-45 km/h),West
1246,2011-09-08,12.6,18.3,0.0,5.8,0.9,E,24,S,E,2,17,67,60,1020.9,1017.6,5,4,15.6,17.1,No,Yes,Yes,2011-09-09,True,1.0,0,0,2011,3,9,Sep,2011-09,Autumn,15.45,5.7,0,0,None,Light (<30 km/h),East
1247,2011-09-09,12.2,14.8,4.4,1.6,1.1,WSW,46,W,S,15,13,82,67,1009.0,1006.1,5,4,12.2,14.1,Yes,Yes,Yes,2011-09-10,True,1.0,0,0,2011,3,9,Sep,2011-09,Autumn,13.5,2.6,0,1,Moderate,Strong (45-60 km/h),West
1248,2011-09-10,7.4,16.9,1.6,2.3,7.8,W,57,WSW,WSW,31,31,39,31,1010.3,1008.2,5,4,11.5,15.3,Yes,No,No,2011-09-11,True,1.0,0,0,2011,3,9,Sep,2011-09,Autumn,12.15,9.5,0,1,Light,Strong (45-60 km/h),West
1249,2011-09-11,10.2,20.4,0.2,4.4,10.2,SW,50,WSW,SW,28,19,47,32,1013.0,1011.0,5,4,14.5,17.9,No,No,No,2011-09-12,True,1.0,0,0,2011,3,9,Sep,2011-09,Autumn,15.3,10.2,0,0,Light,Strong (45-60 km/h),South
1250,2011-09-12,9.0,19.8,0.0,6.0,10.8,SW,46,W,ESE,19,19,48,43,1023.0,1022.6,5,4,14.0,17.1,No,No,No,2011-09-13,True,1.0,0,0,2011,3,9,Sep,2011-09,Autumn,14.4,10.8,0,0,None,Strong (45-60 km/h),South
1251,2011-09-13,8.2,22.6,0.0,4.0,10.9,NW,35,WNW,E,11,19,57,50,1025.6,1019.9,5,4,13.5,19.1,No,No,No,2011-09-14,True,1.0,0,0,2011,3,9,Sep,2011-09,Autumn,15.4,14.4,0,0,None,Moderate (30-45 km/h),North
1252,2011-09-14,11.1,26.7,0.0,5.2,10.9,S,59,SE,WNW,6,24,37,14,1022.3,1017.0,5,4,19.0,26.0,No,No,No,2011-09-15,True,1.0,0,0,2011,3,9,Sep,2011-09,Autumn,18.9,15.6,0,0,None,Strong (45-60 km/h),South
1253,2011-09-15,15.2,19.3,0.0,6.8,9.1,SSE,37,SSE,E,19,20,75,62,1022.5,1018.1,5,4,16.2,18.1,No,No,No,2011-09-16,True,1.0,0,0,2011,3,9,Sep,2011-09,Autumn,17.25,4.1,0,0,None,Moderate (30-45 km/h),South
1254,2011-09-16,11.4,21.4,0.0,4.8,7.6,W,41,WNW,ENE,13,17,49,49,1018.3,1012.5,5,4,17.8,20.1,No,No,No,2011-09-17,True,1.0,0,0,2011,3,9,Sep,2011-09,Autumn,16.4,10.0,0,0,None,Moderate (30-45 km/h),West
1255,2011-09-17,14.3,25.4,0.0,5.8,9.6,SSW,31,SSE,E,9,19,66,71,1017.3,1013.2,5,4,20.5,19.9,No,No,No,2011-09-18,True,1.0,0,0,2011,3,9,Sep,2011-09,Autumn,19.85,11.1,0,0,None,Moderate (30-45 km/h),South
1256,2011-09-18,15.7,30.6,0.0,6.8,10.5,S,59,ESE,SSE,6,31,27,59,1013.3,1015.9,5,4,25.4,21.9,No,No,No,2011-09-19,True,1.0,0,0,2011,3,9,Sep,2011-09,Autumn,23.15,14.9,0,0,None,Strong (45-60 km/h),South
1257,2011-09-19,14.6,26.0,0.0,3.8,9.8,NNE,56,ENE,NE,11,26,59,67,1020.6,1013.7,5,4,19.9,20.9,No,No,No,2011-09-20,True,1.0,0,0,2011,3,9,Sep,2011-09,Autumn,20.3,11.4,0,0,None,Strong (45-60 km/h),North
1258,2011-09-20,17.5,28.1,0.0,8.0,10.0,W,78,N,WNW,22,43,31,20,1004.7,1006.5,5,4,25.6,23.0,No,No,No,2011-09-21,True,1.0,0,0,2011,3,9,Sep,2011-09,Autumn,22.8,10.6,0,0,None,Gale (>60 km/h),West
1259,2011-09-21,11.9,22.7,0.0,9.0,11.0,W,41,WSW,E,17,17,36,42,1020.1,1017.5,5,4,18.0,19.3,No,No,No,2011-09-22,True,1.0,0,0,2011,3,9,Sep,2011-09,Autumn,17.3,10.8,0,0,None,Moderate (30-45 km/h),West
1260,2011-09-22,11.2,22.8,0.0,5.2,10.9,NNE,44,WNW,ENE,11,20,53,57,1024.0,1019.0,5,4,17.6,20.4,No,No,No,2011-09-23,True,1.0,0,0,2011,3,9,Sep,2011-09,Autumn,17.0,11.6,0,0,None,Moderate (30-45 km/h),North
1261,2011-09-23,12.7,32.5,0.0,5.6,9.5,SSE,70,W,W,15,17,44,14,1015.9,1012.8,5,4,22.8,30.4,No,No,No,2011-09-24,True,1.0,0,0,2011,3,9,Sep,2011-09,Autumn,22.6,19.8,0,0,None,Gale (>60 km/h),South
1262,2011-09-24,14.3,17.7,0.2,8.2,0.4,SSE,39,ESE,ESE,15,19,65,76,1021.4,1017.8,5,4,16.5,16.3,No,Yes,Yes,2011-09-25,True,1.0,0,0,2011,3,9,Sep,2011-09,Autumn,16.0,3.4,0,0,Light,Moderate (30-45 km/h),South
1263,2011-09-25,13.1,17.3,23.8,6.8,0.0,ESE,61,SE,ESE,31,20,90,92,1018.6,1020.3,5,4,14.2,13.2,Yes,Yes,Yes,2011-09-26,True,1.0,0,0,2011,3,9,Sep,2011-09,Autumn,15.2,4.2,0,1,Heavy,Gale (>60 km/h),East
1264,2011-09-26,12.3,19.7,30.0,4.0,7.2,ESE,44,SE,ESE,24,17,52,45,1024.8,1022.1,5,4,17.0,19.3,Yes,No,No,2011-09-27,True,1.0,0,0,2011,3,9,Sep,2011-09,Autumn,16.0,7.4,0,1,Heavy,Moderate (30-45 km/h),East
1265,2011-09-27,10.7,20.8,0.4,5.0,9.3,ENE,41,W,NE,9,22,63,53,1023.1,1018.9,5,4,17.3,18.5,No,No,No,2011-09-28,True,1.0,0,0,2011,3,9,Sep,2011-09,Autumn,15.75,10.1,0,0,Light,Moderate (30-45 km/h),East
1266,2011-09-28,13.4,18.0,0.0,7.2,0.2,NNE,31,N,ENE,9,11,59,84,1015.7,1010.6,5,4,17.3,15.8,No,Yes,Yes,2011-09-29,True,1.0,0,0,2011,3,9,Sep,2011-09,Autumn,15.7,4.6,0,0,None,Moderate (30-45 km/h),North
1267,2011-09-29,15.5,22.0,7.8,1.4,5.1,W,72,NNW,WNW,19,31,74,38,997.8,996.3,5,4,17.5,16.9,Yes,No,No,2011-09-30,True,1.0,0,0,2011,3,9,Sep,2011-09,Autumn,18.75,6.5,0,1,Moderate,Gale (>60 km/h),West
1268,2011-09-30,12.2,20.8,0.8,7.0,8.0,W,63,WNW,W,28,33,43,27,1003.8,1002.8,5,4,15.8,20.2,No,No,No,2011-10-01,True,1.0,0,0,2011,3,9,Sep,2011-09,Autumn,16.5,8.6,0,0,Light,Gale (>60 km/h),West
1269,2011-10-01,10.8,20.0,0.2,6.6,5.2,SSW,48,SSW,SE,2,17,49,46,1006.5,1005.0,5,4,15.8,18.3,No,Yes,Yes,2011-10-02,True,1.0,0,0,2011,4,10,Oct,2011-10,Autumn,15.4,9.2,0,0,Light,Strong (45-60 km/h),South
1270,2011-10-02,11.4,17.1,9.8,6.4,0.2,SSE,67,SSW,SSE,30,31,88,63,1012.8,1016.7,5,4,13.1,15.2,Yes,Yes,Yes,2011-10-03,True,1.0,0,0,2011,4,10,Oct,2011-10,Autumn,14.25,5.7,0,1,Moderate,Gale (>60 km/h),South
1271,2011-10-03,10.3,18.4,4.6,4.2,7.2,S,50,WSW,S,17,28,76,50,1023.0,1021.3,5,4,13.3,17.5,Yes,No,No,2011-10-04,True,1.0,0,0,2011,4,10,Oct,2011-10,Autumn,14.35,8.1,0,1,Moderate,Strong (45-60 km/h),South
1272,2011-10-04,10.7,19.9,0.2,6.0,5.9,SSE,35,W,SSE,19,20,73,47,1024.6,1022.9,5,4,13.3,19.4,No,No,No,2011-10-05,True,1.0,0,0,2011,4,10,Oct,2011-10,Autumn,15.3,9.2,0,0,Light,Moderate (30-45 km/h),South
1273,2011-10-05,10.0,20.1,0.2,4.0,2.9,WNW,24,W,E,20,15,76,47,1022.6,1018.2,5,4,13.5,17.8,No,No,No,2011-10-06,True,1.0,0,0,2011,4,10,Oct,2011-10,Autumn,15.05,10.1,0,0,Light,Light (<30 km/h),West
1274,2011-10-06,13.3,19.0,0.0,3.0,0.9,NNE,22,W,NE,7,15,67,62,1016.5,1013.5,5,4,15.4,17.9,No,Yes,Yes,2011-10-07,True,1.0,0,0,2011,4,10,Oct,2011-10,Autumn,16.15,5.7,0,0,None,Light (<30 km/h),North
1275,2011-10-07,14.4,21.0,2.2,2.2,6.3,E,24,WNW,E,9,19,88,64,1013.6,1010.2,5,4,15.7,20.0,Yes,Yes,Yes,2011-10-08,True,1.0,0,0,2011,4,10,Oct,2011-10,Autumn,17.7,6.6,0,1,Light,Light (<30 km/h),East
1276,2011-10-08,15.4,21.6,2.0,4.0,5.0,ESE,31,WNW,SSE,9,20,93,74,1011.3,1009.4,5,4,16.1,19.0,Yes,No,No,2011-10-09,True,1.0,0,0,2011,4,10,Oct,2011-10,Autumn,18.5,6.2,0,1,Light,Moderate (30-45 km/h),East
1277,2011-10-09,13.2,23.6,1.0,4.0,6.0,WSW,54,W,SW,11,20,89,31,1008.1,1004.9,5,4,15.7,21.3,No,No,No,2011-10-10,True,1.0,0,0,2011,4,10,Oct,2011-10,Autumn,18.4,10.4,0,1,Light,Strong (45-60 km/h),West
1278,2011-10-10,12.0,22.0,0.2,4.4,6.9,E,30,WNW,E,13,22,77,62,1010.0,1006.5,5,4,14.4,18.2,No,No,No,2011-10-11,True,1.0,0,0,2011,4,10,Oct,2011-10,Autumn,17.0,10.0,0,0,Light,Moderate (30-45 km/h),East
1279,2011-10-11,12.2,21.1,0.0,5.4,10.3,WSW,56,WSW,ESE,28,19,39,36,1011.1,1009.5,5,4,15.6,19.6,No,No,No,2011-10-12,True,1.0,0,0,2011,4,10,Oct,2011-10,Autumn,16.65,8.9,0,0,None,Strong (45-60 km/h),West
1280,2011-10-12,10.9,21.1,0.0,5.4,7.2,ESE,41,W,ESE,17,22,49,65,1017.4,1017.0,5,4,15.6,17.5,No,No,No,2011-10-13,True,1.0,0,0,2011,4,10,Oct,2011-10,Autumn,16.0,10.2,0,0,None,Moderate (30-45 km/h),East
1281,2011-10-13,14.9,20.1,0.2,4.4,3.1,E,33,W,E,2,24,70,51,1023.2,1021.3,5,4,16.8,19.7,No,No,No,2011-10-14,True,1.0,0,0,2011,4,10,Oct,2011-10,Autumn,17.5,5.2,0,0,Light,Moderate (30-45 km/h),East
1282,2011-10-14,16.6,19.4,0.0,4.6,0.0,ENE,35,ENE,ENE,20,22,65,70,1020.8,1017.4,5,4,17.4,17.8,No,Yes,Yes,2011-10-15,True,1.0,0,0,2011,4,10,Oct,2011-10,Autumn,18.0,2.8,0,0,None,Moderate (30-45 km/h),East
1283,2011-10-15,17.1,24.6,7.2,4.2,7.6,ENE,39,NE,ENE,2,15,84,68,1010.7,1007.5,5,4,19.2,21.7,Yes,No,No,2011-10-16,True,1.0,0,0,2011,4,10,Oct,2011-10,Autumn,20.85,7.5,0,1,Moderate,Moderate (30-45 km/h),East
1284,2011-10-16,17.1,23.3,0.2,3.4,11.6,SSW,37,S,SE,15,24,62,51,1014.1,1014.8,5,4,20.4,21.9,No,Yes,Yes,2011-10-17,True,1.0,0,0,2011,4,10,Oct,2011-10,Autumn,20.2,6.2,0,0,Light,Moderate (30-45 km/h),South
1285,2011-10-17,13.2,20.5,3.2,7.0,8.9,S,43,SSE,SE,24,20,52,38,1031.2,1031.8,5,4,16.2,19.6,Yes,No,No,2011-10-18,True,1.0,0,0,2011,4,10,Oct,2011-10,Autumn,16.85,7.3,0,1,Moderate,Moderate (30-45 km/h),South
1286,2011-10-18,13.0,19.9,0.2,8.0,8.2,E,28,SW,E,4,17,57,42,1034.8,1031.6,5,4,17.7,19.2,No,No,No,2011-10-19,True,1.0,0,0,2011,4,10,Oct,2011-10,Autumn,16.45,6.9,0,0,Light,Light (<30 km/h),East
1287,2011-10-19,12.3,21.4,0.0,4.0,12.0,NE,35,W,ENE,13,24,67,55,1031.4,1027.8,5,4,16.9,20.9,No,No,No,2011-10-20,True,1.0,0,0,2011,4,10,Oct,2011-10,Autumn,16.85,9.1,0,0,None,Moderate (30-45 km/h),North
1288,2011-10-20,13.5,23.5,0.0,8.0,12.4,NNE,48,W,ENE,6,22,100,50,1028.0,1023.5,5,4,18.0,23.0,No,No,No,2011-10-21,True,1.0,0,0,2011,4,10,Oct,2011-10,Autumn,18.5,10.0,0,0,None,Strong (45-60 km/h),North
1289,2011-10-21,15.9,30.1,0.2,7.6,12.2,SSW,33,WNW,ENE,11,9,59,39,1023.8,1021.4,5,4,20.5,26.3,No,No,No,2011-10-22,True,1.0,0,0,2011,4,10,Oct,2011-10,Autumn,23.0,14.2,0,0,Light,Moderate (30-45 km/h),South
1290,2011-10-22,17.6,24.6,0.0,8.8,8.2,SSW,31,N,E,2,19,76,64,1024.7,1021.5,5,4,19.6,23.1,No,No,No,2011-10-23,True,1.0,0,0,2011,4,10,Oct,2011-10,Autumn,21.1,7.0,0,0,None,Moderate (30-45 km/h),South
1291,2011-10-23,19.0,24.8,0.0,4.8,9.5,ENE,30,SSW,ENE,2,19,80,71,1022.2,1017.9,5,4,20.5,22.4,No,No,No,2011-10-24,True,1.0,0,0,2011,4,10,Oct,2011-10,Autumn,21.9,5.8,0,0,None,Moderate (30-45 km/h),East
1292,2011-10-24,18.0,34.3,0.0,4.8,12.1,NW,44,ESE,NNW,7,28,53,21,1013.7,1007.7,5,4,24.8,33.8,No,No,No,2011-10-25,True,1.0,0,0,2011,4,10,Oct,2011-10,Autumn,26.15,16.3,0,0,None,Moderate (30-45 km/h),North
1293,2011-10-25,18.7,19.5,0.8,11.8,0.3,SSE,59,SSE,SSE,26,33,81,86,1010.6,1013.6,5,4,19.4,16.9,No,Yes,Yes,2011-10-26,True,1.0,0,0,2011,4,10,Oct,2011-10,Autumn,19.1,0.8,0,0,Light,Strong (45-60 km/h),South
1294,2011-10-26,14.2,18.6,2.8,4.0,0.0,SSE,41,SSE,SE,11,20,78,52,1022.7,1022.3,5,4,14.9,17.2,Yes,Yes,Yes,2011-10-27,True,1.0,0,0,2011,4,10,Oct,2011-10,Autumn,16.4,4.4,0,1,Moderate,Moderate (30-45 km/h),South
1295,2011-10-27,13.9,19.6,2.2,3.2,4.3,ESE,39,ESE,E,19,19,59,50,1024.0,1021.9,5,4,18.4,19.3,Yes,No,No,2011-10-28,True,1.0,0,0,2011,4,10,Oct,2011-10,Autumn,16.75,5.7,0,1,Light,Moderate (30-45 km/h),East
1296,2011-10-28,16.8,21.7,0.0,4.6,8.3,ENE,43,NE,ENE,11,30,67,58,1019.8,1015.5,5,4,19.0,21.2,No,No,No,2011-10-29,True,1.0,0,0,2011,4,10,Oct,2011-10,Autumn,19.25,4.9,0,0,None,Moderate (30-45 km/h),East
1297,2011-10-29,17.6,28.2,0.0,6.2,5.1,NNE,35,SE,ESE,4,11,70,69,1011.1,1008.9,5,4,21.7,24.1,No,No,No,2011-10-30,True,1.0,0,0,2011,4,10,Oct,2011-10,Autumn,22.9,10.6,0,0,None,Moderate (30-45 km/h),North
1298,2011-10-30,18.1,25.8,0.0,5.6,8.1,S,59,S,E,6,22,75,99,1012.1,1009.5,5,4,21.6,21.6,No,No,No,2011-10-31,True,1.0,0,0,2011,4,10,Oct,2011-10,Autumn,21.95,7.7,0,0,None,Strong (45-60 km/h),South
1299,2011-10-31,14.4,22.7,0.0,6.2,12.0,SSE,48,SW,SE,19,26,100,45,1020.8,1019.7,5,4,18.6,20.2,No,No,No,2011-11-01,True,1.0,0,0,2011,4,10,Oct,2011-10,Autumn,18.55,8.3,0,0,None,Strong (45-60 km/h),South
1300,2011-11-01,15.1,20.7,0.4,5.4,6.7,S,28,SSE,ESE,15,17,73,55,1020.1,1016.0,5,4,16.2,19.8,No,No,No,2011-11-02,True,1.0,0,0,2011,4,11,Nov,2011-11,Autumn,17.9,5.6,0,0,Light,Light (<30 km/h),South
1301,2011-11-02,14.3,24.0,0.0,5.8,11.4,S,43,WNW,SE,15,26,64,46,1011.3,1009.4,5,4,19.3,22.7,No,Yes,Yes,2011-11-03,True,1.0,0,0,2011,4,11,Nov,2011-11,Autumn,19.15,9.7,0,0,None,Moderate (30-45 km/h),South
1302,2011-11-03,13.8,18.4,11.4,4.6,3.4,SE,39,E,ESE,19,11,88,50,1013.0,1013.8,5,4,14.5,18.0,Yes,Yes,Yes,2011-11-04,True,1.0,0,0,2011,4,11,Nov,2011-11,Autumn,16.1,4.6,0,1,Heavy,Moderate (30-45 km/h),East
1303,2011-11-04,13.9,21.5,3.8,2.6,9.3,ESE,30,WNW,ESE,7,17,60,55,1019.3,1018.1,5,4,18.0,20.4,Yes,No,No,2011-11-05,True,1.0,0,0,2011,4,11,Nov,2011-11,Autumn,17.7,7.6,0,1,Moderate,Moderate (30-45 km/h),East
1304,2011-11-05,15.3,24.1,0.2,6.4,12.6,ENE,43,NNW,NE,11,26,62,67,1019.6,1015.0,5,4,20.3,21.5,No,No,No,2011-11-06,True,1.0,0,0,2011,4,11,Nov,2011-11,Autumn,19.7,8.8,0,0,Light,Moderate (30-45 km/h),East
1305,2011-11-06,17.7,28.9,0.0,7.2,8.3,NE,31,ESE,NNE,6,17,56,58,1013.1,1009.2,5,4,23.9,25.8,No,No,No,2011-11-07,True,1.0,0,0,2011,4,11,Nov,2011-11,Autumn,23.3,11.2,0,0,None,Moderate (30-45 km/h),North
1306,2011-11-07,21.2,29.5,0.0,8.2,7.0,E,28,WNW,E,9,11,54,57,1013.2,1012.2,5,4,26.5,25.6,No,No,No,2011-11-08,True,1.0,0,0,2011,4,11,Nov,2011-11,Autumn,25.35,8.3,0,0,None,Light (<30 km/h),East
1307,2011-11-08,19.4,28.9,0.6,5.2,7.4,W,63,W,NNE,9,24,78,63,1014.4,1008.8,5,4,23.3,27.0,No,Yes,Yes,2011-11-09,True,1.0,0,0,2011,4,11,Nov,2011-11,Autumn,24.15,9.5,0,0,Light,Gale (>60 km/h),West
1308,2011-11-09,19.7,29.0,19.8,10.8,8.8,NNE,43,W,E,9,13,77,63,1014.4,1011.2,5,4,24.2,27.6,Yes,No,No,2011-11-10,True,1.0,0,0,2011,4,11,Nov,2011-11,Autumn,24.35,9.3,0,1,Heavy,Moderate (30-45 km/h),North
1309,2011-11-10,24.2,30.4,0.0,10.2,5.0,SSE,52,WNW,SW,11,20,61,43,1011.6,1011.5,5,4,24.4,28.2,No,No,No,2011-11-11,True,1.0,0,0,2011,4,11,Nov,2011-11,Autumn,27.3,6.2,0,0,None,Strong (45-60 km/h),South
1310,2011-11-11,18.3,23.3,0.4,6.2,11.6,ENE,39,E,E,15,24,46,51,1024.7,1022.5,5,4,21.5,22.5,No,No,No,2011-11-12,True,1.0,0,0,2011,4,11,Nov,2011-11,Autumn,20.8,5.0,0,0,Light,Moderate (30-45 km/h),East
1311,2011-11-12,19.3,24.7,0.0,9.0,8.1,NNE,35,NNE,E,20,17,64,56,1019.4,1015.1,5,4,21.2,23.4,No,No,No,2011-11-15,False,1.0,0,0,2011,4,11,Nov,2011-11,Autumn,22.0,5.4,0,0,None,Moderate (30-45 km/h),North
1312,2011-11-15,18.8,24.6,0.0,8.6,11.7,NE,46,E,E,11,24,52,50,1019.3,1016.6,5,4,23.0,23.3,No,No,No,2011-11-16,True,3.0,1,0,2011,4,11,Nov,2011-11,Autumn,21.7,5.8,0,0,None,Strong (45-60 km/h),North
1313,2011-11-16,19.1,22.1,0.0,10.0,1.1,S,65,SSW,SSW,13,22,77,73,1017.0,1018.7,5,4,21.2,20.7,No,Yes,Yes,2011-11-17,True,1.0,0,0,2011,4,11,Nov,2011-11,Autumn,20.6,3.0,0,0,None,Gale (>60 km/h),South
1314,2011-11-17,15.9,21.4,12.8,2.4,0.0,ESE,22,E,ESE,9,11,93,94,1020.5,1018.7,5,4,17.2,17.9,Yes,Yes,Yes,2011-11-18,True,1.0,0,0,2011,4,11,Nov,2011-11,Autumn,18.65,5.5,0,1,Heavy,Light (<30 km/h),East
1315,2011-11-18,17.1,23.7,1.8,0.4,9.6,ENE,30,E,E,4,22,77,68,1018.6,1016.1,5,4,21.3,22.9,Yes,No,No,2011-11-19,True,1.0,0,0,2011,4,11,Nov,2011-11,Autumn,20.4,6.6,0,1,Light,Moderate (30-45 km/h),East
1316,2011-11-19,18.1,27.5,0.0,6.2,12.9,NNE,48,E,NNE,15,17,76,64,1015.3,1010.4,5,4,22.9,26.6,No,No,No,2011-11-20,True,1.0,0,0,2011,4,11,Nov,2011-11,Autumn,22.8,9.4,0,0,None,Strong (45-60 km/h),North
1317,2011-11-20,19.6,28.0,0.0,8.8,7.0,W,74,ENE,E,9,9,78,57,1010.2,1007.4,5,4,22.6,26.1,No,Yes,Yes,2011-11-21,True,1.0,0,0,2011,4,11,Nov,2011-11,Autumn,23.8,8.4,0,0,None,Gale (>60 km/h),West
1318,2011-11-21,17.5,22.3,2.4,4.8,0.4,NE,31,ENE,NE,9,17,62,63,1018.4,1015.2,5,4,20.4,21.2,Yes,Yes,Yes,2011-11-22,True,1.0,0,0,2011,4,11,Nov,2011-11,Autumn,19.9,4.8,0,1,Light,Moderate (30-45 km/h),North
1319,2011-11-22,17.8,21.9,4.8,4.4,0.2,SSE,41,W,SSE,7,22,85,75,1011.0,1008.8,5,4,19.6,21.8,Yes,Yes,Yes,2011-11-23,True,1.0,0,0,2011,4,11,Nov,2011-11,Autumn,19.85,4.1,0,1,Moderate,Moderate (30-45 km/h),South
1320,2011-11-23,14.8,18.3,38.8,7.4,0.1,SE,48,SSE,SSE,19,24,93,86,1016.4,1019.7,5,4,15.6,17.2,Yes,Yes,Yes,2011-11-24,True,1.0,0,0,2011,4,11,Nov,2011-11,Autumn,16.55,3.5,0,1,Heavy,Strong (45-60 km/h),East
1321,2011-11-24,15.3,18.3,14.8,3.4,0.0,ESE,43,SE,ESE,19,24,75,76,1026.6,1025.7,5,4,17.4,17.3,Yes,Yes,Yes,2011-11-25,True,1.0,0,0,2011,4,11,Nov,2011-11,Autumn,16.8,3.0,0,1,Heavy,Moderate (30-45 km/h),East
1322,2011-11-25,15.4,20.0,7.6,2.4,0.0,E,52,E,ESE,24,15,89,89,1021.8,1020.4,5,4,18.3,18.6,Yes,Yes,Yes,2011-11-26,True,1.0,0,0,2011,4,11,Nov,2011-11,Autumn,17.7,4.6,0,1,Moderate,Strong (45-60 km/h),East
1323,2011-11-26,18.1,26.8,22.0,3.2,5.5,NE,59,NNE,ENE,28,30,95,73,1007.6,1003.9,5,4,19.9,24.3,Yes,Yes,Yes,2011-11-27,True,1.0,0,0,2011,4,11,Nov,2011-11,Autumn,22.45,8.7,0,1,Heavy,Strong (45-60 km/h),North
1324,2011-11-27,18.6,29.8,6.8,7.4,12.5,WNW,54,WNW,WSW,26,26,42,34,1006.7,1007.9,5,4,23.4,27.2,Yes,No,No,2011-11-28,True,1.0,0,0,2011,4,11,Nov,2011-11,Autumn,24.2,11.2,0,1,Moderate,Strong (45-60 km/h),West
1325,2011-11-28,17.0,26.9,0.0,6.6,12.9,NE,46,N,NE,13,24,55,63,1017.4,1015.6,5,4,23.6,24.4,No,No,No,2011-11-29,True,1.0,0,0,2011,4,11,Nov,2011-11,Autumn,21.95,9.9,0,0,None,Strong (45-60 km/h),North
1326,2011-11-29,19.7,26.2,0.0,9.4,8.0,NE,65,NE,NE,9,22,66,76,1017.1,1014.2,5,4,24.6,24.6,No,No,No,2011-11-30,True,1.0,0,0,2011,4,11,Nov,2011-11,Autumn,22.95,6.5,0,0,None,Gale (>60 km/h),North
1327,2011-11-30,20.7,31.6,0.0,7.2,2.2,SW,54,NNE,NW,17,22,77,41,1010.5,1009.1,5,4,23.7,30.6,No,Yes,Yes,2011-12-01,True,1.0,0,0,2011,4,11,Nov,2011-11,Autumn,26.15,10.9,0,0,None,Strong (45-60 km/h),South
1328,2011-12-01,15.8,21.9,1.4,9.0,8.7,S,57,S,SSE,22,22,51,41,1020.7,1020.6,5,4,17.5,20.9,Yes,Yes,Yes,2011-12-02,True,1.0,0,0,2011,4,12,Dec,2011-12,Winter,18.85,6.1,0,1,Light,Strong (45-60 km/h),South
1329,2011-12-02,14.1,21.1,1.4,8.0,8.2,SSE,52,SSW,S,22,30,63,50,1022.2,1020.8,5,4,16.6,20.7,Yes,No,No,2011-12-03,True,1.0,0,0,2011,4,12,Dec,2011-12,Winter,17.6,7.0,0,1,Light,Strong (45-60 km/h),South
1330,2011-12-03,13.9,22.2,0.0,6.8,11.3,NNE,39,W,E,13,24,57,45,1020.4,1016.9,5,4,17.6,21.2,No,No,No,2011-12-04,True,1.0,0,0,2011,4,12,Dec,2011-12,Winter,18.05,8.3,0,0,None,Moderate (30-45 km/h),North
1331,2011-12-04,15.6,21.1,0.0,7.2,3.9,SSE,63,SSW,SSE,20,28,70,72,1014.3,1015.0,5,4,19.9,16.3,No,Yes,Yes,2011-12-05,True,1.0,0,0,2011,4,12,Dec,2011-12,Winter,18.35,5.5,0,0,None,Gale (>60 km/h),South
1332,2011-12-05,11.8,19.0,4.8,7.6,4.5,W,41,S,SSW,24,17,61,69,1021.1,1019.9,5,4,15.9,16.4,Yes,Yes,Yes,2011-12-06,True,1.0,0,0,2011,4,12,Dec,2011-12,Winter,15.4,7.2,0,1,Moderate,Moderate (30-45 km/h),West
1333,2011-12-06,12.6,19.1,5.4,2.8,0.5,ESE,30,SSW,SE,15,17,77,58,1020.1,1017.9,5,4,15.3,17.4,Yes,Yes,Yes,2011-12-07,True,1.0,0,0,2011,4,12,Dec,2011-12,Winter,15.85,6.5,0,1,Moderate,Moderate (30-45 km/h),East
1334,2011-12-07,12.1,22.0,2.2,4.0,3.2,ESE,35,WNW,ESE,11,24,64,71,1016.3,1014.0,5,4,17.7,19.1,Yes,Yes,Yes,2011-12-08,True,1.0,0,0,2011,4,12,Dec,2011-12,Winter,17.05,9.9,0,1,Light,Moderate (30-45 km/h),East
1335,2011-12-08,16.2,22.3,23.6,3.2,0.2,SSE,22,SE,E,4,11,86,63,1014.2,1013.1,5,4,18.0,21.8,Yes,No,No,2011-12-09,True,1.0,0,0,2011,4,12,Dec,2011-12,Winter,19.25,6.1,0,1,Heavy,Light (<30 km/h),South
1336,2011-12-09,16.7,23.9,0.6,3.4,10.9,ENE,28,W,E,9,17,81,57,1014.9,1013.3,5,4,20.0,22.9,No,No,No,2011-12-10,True,1.0,0,0,2011,4,12,Dec,2011-12,Winter,20.3,7.2,0,0,Light,Light (<30 km/h),East
1337,2011-12-10,17.7,23.5,0.2,5.8,3.1,E,24,NNE,E,2,13,74,65,1011.5,1008.0,5,4,20.7,22.4,No,No,No,2011-12-11,True,1.0,0,0,2011,4,12,Dec,2011-12,Winter,20.6,5.8,0,0,Light,Light (<30 km/h),East
1338,2011-12-11,18.3,25.6,0.0,3.8,6.5,SSE,37,ENE,NNE,2,13,69,89,1003.8,1002.1,5,4,23.0,20.5,No,Yes,Yes,2011-12-12,True,1.0,0,0,2011,4,12,Dec,2011-12,Winter,21.95,7.3,0,0,None,Moderate (30-45 km/h),South
1339,2011-12-12,17.5,19.3,12.6,4.8,0.0,S,46,SSE,SSE,20,19,92,77,1006.9,1006.3,5,4,17.7,18.8,Yes,Yes,Yes,2011-12-13,True,1.0,0,0,2011,4,12,Dec,2011-12,Winter,18.4,1.8,0,1,Heavy,Strong (45-60 km/h),South
1340,2011-12-13,16.4,23.4,4.2,2.0,6.8,SSW,48,SSW,SSE,19,31,62,49,1007.9,1007.9,5,4,19.2,23.2,Yes,No,No,2011-12-14,True,1.0,0,0,2011,4,12,Dec,2011-12,Winter,19.9,7.0,0,1,Moderate,Strong (45-60 km/h),South
1341,2011-12-14,15.2,22.2,0.4,8.0,10.5,SE,46,SSW,S,20,22,60,49,1015.8,1016.2,5,4,19.0,19.7,No,No,No,2011-12-15,True,1.0,0,0,2011,4,12,Dec,2011-12,Winter,18.7,7.0,0,0,Light,Strong (45-60 km/h),East
1342,2011-12-15,15.5,22.6,0.2,7.8,12.2,ESE,31,SSE,ESE,13,20,59,48,1019.7,1018.0,5,4,19.6,21.4,No,No,No,2011-12-16,True,1.0,0,0,2011,4,12,Dec,2011-12,Winter,19.05,7.1,0,0,Light,Moderate (30-45 km/h),East
1343,2011-12-16,14.7,21.6,0.0,7.2,6.8,SE,30,ESE,SE,15,17,64,48,1021.4,1020.8,5,4,18.9,20.8,No,No,No,2011-12-17,True,1.0,0,0,2011,4,12,Dec,2011-12,Winter,18.15,6.9,0,0,None,Moderate (30-45 km/h),East
1344,2011-12-17,17.0,21.7,0.0,5.4,10.7,ESE,26,ESE,E,15,20,50,47,1023.1,1021.4,5,4,20.8,21.3,No,No,No,2011-12-18,True,1.0,0,0,2011,4,12,Dec,2011-12,Winter,19.35,4.7,0,0,None,Light (<30 km/h),East
1345,2011-12-18,15.8,23.2,0.0,7.6,3.1,NE,44,W,NE,11,24,67,51,1020.0,1016.2,5,4,18.7,22.2,No,No,No,2011-12-19,True,1.0,0,0,2011,4,12,Dec,2011-12,Winter,19.5,7.4,0,0,None,Moderate (30-45 km/h),North
1346,2011-12-19,18.6,22.8,0.0,7.0,1.7,NNE,46,NNW,NNE,9,24,77,75,1011.2,1008.0,5,4,20.2,21.7,No,Yes,Yes,2011-12-20,True,1.0,0,0,2011,4,12,Dec,2011-12,Winter,20.7,4.2,0,0,None,Strong (45-60 km/h),North
1347,2011-12-20,18.4,24.3,14.8,2.2,6.6,SW,37,SSW,SE,20,22,79,63,1013.2,1014.4,5,4,19.9,22.8,Yes,No,No,2011-12-21,True,1.0,0,0,2011,4,12,Dec,2011-12,Winter,21.35,5.9,0,1,Heavy,Moderate (30-45 km/h),South
1348,2011-12-21,18.7,25.0,0.0,6.8,5.5,ESE,33,SSW,ESE,9,24,71,57,1018.3,1016.6,5,4,20.6,23.5,No,No,No,2011-12-22,True,1.0,0,0,2011,4,12,Dec,2011-12,Winter,21.85,6.3,0,0,None,Moderate (30-45 km/h),East
1349,2011-12-22,19.2,22.9,0.0,4.6,2.1,ENE,20,SE,ENE,9,13,76,77,1018.5,1017.0,5,4,20.1,19.7,No,Yes,Yes,2011-12-23,True,1.0,0,0,2011,4,12,Dec,2011-12,Winter,21.05,3.7,0,0,None,Light (<30 km/h),East
1350,2011-12-23,18.7,25.0,5.2,3.0,5.4,E,31,ESE,E,9,20,79,69,1014.9,1012.9,5,4,22.7,24.2,Yes,No,No,2011-12-24,True,1.0,0,0,2011,4,12,Dec,2011-12,Winter,21.85,6.3,0,1,Moderate,Moderate (30-45 km/h),East
1351,2011-12-24,19.7,26.2,0.4,2.6,10.9,ENE,33,E,E,15,19,75,62,1013.9,1012.5,5,4,23.7,25.1,No,No,No,2011-12-25,True,1.0,0,0,2011,4,12,Dec,2011-12,Winter,22.95,6.5,0,0,Light,Moderate (30-45 km/h),East
1352,2011-12-25,19.1,26.6,0.0,7.2,12.7,NE,52,NE,NE,15,31,65,62,1012.1,1009.8,5,4,24.0,25.0,No,No,No,2011-12-26,True,1.0,0,0,2011,4,12,Dec,2011-12,Winter,22.85,7.5,0,0,None,Strong (45-60 km/h),North
1353,2011-12-26,20.0,26.8,0.0,9.0,4.7,S,59,NNE,ENE,17,9,61,68,1006.4,1004.2,5,4,24.5,24.4,No,No,No,2011-12-27,True,1.0,0,0,2011,4,12,Dec,2011-12,Winter,23.4,6.8,0,0,None,Strong (45-60 km/h),South
1354,2011-12-27,19.1,23.7,0.4,6.8,4.7,SSE,50,S,S,24,24,69,64,1010.0,1010.7,5,4,20.1,21.3,No,No,No,2011-12-28,True,1.0,0,0,2011,4,12,Dec,2011-12,Winter,21.4,4.6,0,0,Light,Strong (45-60 km/h),South
1355,2011-12-28,18.3,24.4,0.0,7.2,12.5,SSE,50,SSW,S,20,17,60,52,1013.8,1011.8,5,4,20.8,23.9,No,No,No,2011-12-29,True,1.0,0,0,2011,4,12,Dec,2011-12,Winter,21.35,6.1,0,0,None,Strong (45-60 km/h),South
1356,2011-12-29,17.5,25.0,0.0,7.0,10.8,SSE,43,SSW,SSE,15,24,69,39,1014.4,1014.9,5,4,20.7,23.8,No,No,No,2011-12-30,True,1.0,0,0,2011,4,12,Dec,2011-12,Winter,21.25,7.5,0,0,None,Moderate (30-45 km/h),South
1357,2011-12-30,17.1,25.1,0.6,8.8,11.7,ESE,37,W,ESE,13,20,74,48,1019.4,1019.5,5,4,19.3,23.9,No,No,No,2011-12-31,True,1.0,0,0,2011,4,12,Dec,2011-12,Winter,21.1,8.0,0,0,Light,Moderate (30-45 km/h),East
1358,2011-12-31,16.9,23.6,0.0,7.0,5.8,ENE,28,W,E,13,19,69,54,1020.8,1018.8,5,4,20.5,22.8,No,No,No,2012-01-01,True,1.0,0,0,2011,4,12,Dec,2011-12,Winter,20.25,6.7,0,0,None,Light (<30 km/h),East
1359,2012-01-01,16.0,25.3,0.0,5.6,13.1,ENE,41,NNW,ENE,17,26,56,48,1017.9,1015.3,5,4,22.2,25.0,No,No,No,2012-01-02,True,1.0,0,0,2012,1,1,Jan,2012-01,Winter,20.65,9.3,0,0,None,Moderate (30-45 km/h),East
1360,2012-01-02,18.1,26.5,0.0,10.2,13.2,NE,43,NNE,ENE,15,24,54,52,1018.4,1016.5,5,4,24.1,25.4,No,No,No,2012-01-03,True,1.0,0,0,2012,1,1,Jan,2012-01,Winter,22.3,8.4,0,0,None,Moderate (30-45 km/h),North
1361,2012-01-03,20.6,26.8,0.0,7.2,12.6,NE,44,NE,NE,15,24,58,57,1018.3,1015.4,5,4,24.1,25.5,No,No,No,2012-01-04,True,1.0,0,0,2012,1,1,Jan,2012-01,Winter,23.7,6.2,0,0,None,Moderate (30-45 km/h),North
1362,2012-01-04,20.7,29.4,0.0,13.4,8.4,S,67,E,E,15,9,69,59,1012.6,1010.2,5,4,25.0,27.8,No,No,No,2012-01-05,True,1.0,0,0,2012,1,1,Jan,2012-01,Winter,25.05,8.7,0,0,None,Gale (>60 km/h),South
1363,2012-01-05,20.0,24.8,0.0,9.0,3.9,SSE,44,S,E,11,17,61,61,1018.0,1014.2,5,4,22.3,23.4,No,No,No,2012-01-06,True,1.0,0,0,2012,1,1,Jan,2012-01,Winter,22.4,4.8,0,0,None,Moderate (30-45 km/h),South
1364,2012-01-06,18.5,22.4,0.8,6.6,3.4,SSW,56,S,SSE,24,28,75,57,1015.1,1016.4,5,4,19.3,21.5,No,No,No,2012-01-07,True,1.0,0,0,2012,1,1,Jan,2012-01,Winter,20.45,3.9,0,0,Light,Strong (45-60 km/h),South
1365,2012-01-07,15.1,24.8,0.0,7.2,12.7,ENE,43,W,ENE,11,28,64,52,1015.6,1012.1,5,4,20.0,23.8,No,No,No,2012-01-08,True,1.0,0,0,2012,1,1,Jan,2012-01,Winter,19.95,9.7,0,0,None,Moderate (30-45 km/h),East
1366,2012-01-08,20.0,26.4,0.0,8.8,1.0,NE,43,W,NNE,7,20,73,66,1009.3,1003.5,5,4,22.1,25.6,No,Yes,Yes,2012-01-09,True,1.0,0,0,2012,1,1,Jan,2012-01,Winter,23.2,6.4,0,0,None,Moderate (30-45 km/h),North
1367,2012-01-09,20.8,27.5,31.6,3.0,12.5,S,41,SSW,ESE,22,24,79,59,1006.8,1005.7,5,4,22.4,25.8,Yes,No,No,2012-01-10,True,1.0,0,0,2012,1,1,Jan,2012-01,Winter,24.15,6.7,0,1,Heavy,Moderate (30-45 km/h),South
1368,2012-01-10,19.4,29.8,0.2,9.0,7.4,W,35,W,E,17,30,38,28,1009.7,1006.8,5,4,22.6,29.4,No,No,No,2012-01-11,True,1.0,0,0,2012,1,1,Jan,2012-01,Winter,24.6,10.4,0,0,Light,Moderate (30-45 km/h),West
1369,2012-01-11,19.7,27.6,0.0,8.6,10.9,WSW,70,WNW,W,15,39,36,18,1004.1,1001.5,5,4,23.5,26.9,No,No,No,2012-01-12,True,1.0,0,0,2012,1,1,Jan,2012-01,Winter,23.65,7.9,0,0,None,Gale (>60 km/h),West
1370,2012-01-12,13.9,23.2,0.0,13.2,13.4,SW,43,WSW,SE,22,24,43,39,1015.7,1015.6,5,4,17.6,21.2,No,No,No,2012-01-13,True,1.0,0,0,2012,1,1,Jan,2012-01,Winter,18.55,9.3,0,0,None,Moderate (30-45 km/h),South
1371,2012-01-13,14.7,25.0,0.0,7.8,11.3,ENE,43,WNW,E,15,26,56,52,1017.3,1013.5,5,4,19.7,24.1,No,No,No,2012-01-14,True,1.0,0,0,2012,1,1,Jan,2012-01,Winter,19.85,10.3,0,0,None,Moderate (30-45 km/h),East
1372,2012-01-14,18.4,23.4,0.0,9.4,0.2,ESE,39,SE,E,11,13,68,60,1017.2,1015.8,5,4,20.5,22.4,No,Yes,Yes,2012-01-15,True,1.0,0,0,2012,1,1,Jan,2012-01,Winter,20.9,5.0,0,0,None,Moderate (30-45 km/h),East
1373,2012-01-15,17.3,22.9,29.0,11.0,1.2,ENE,56,ESE,ESE,28,24,95,67,1019.4,1019.2,5,4,17.8,21.9,Yes,Yes,Yes,2012-01-16,True,1.0,0,0,2012,1,1,Jan,2012-01,Winter,20.1,5.6,0,1,Heavy,Strong (45-60 km/h),East
1374,2012-01-16,17.5,24.3,18.6,3.4,9.5,E,39,NNW,E,13,26,84,70,1022.9,1022.1,5,4,20.4,23.2,Yes,Yes,Yes,2012-01-17,True,1.0,0,0,2012,1,1,Jan,2012-01,Winter,20.9,6.8,0,1,Heavy,Moderate (30-45 km/h),East
1375,2012-01-17,18.7,26.1,6.0,6.0,12.3,ENE,35,ENE,E,20,20,59,61,1023.3,1021.1,5,4,23.9,25.0,Yes,No,No,2012-01-18,True,1.0,0,0,2012,1,1,Jan,2012-01,Winter,22.4,7.4,0,1,Moderate,Moderate (30-45 km/h),East
1376,2012-01-18,20.0,26.9,0.0,7.2,9.4,ENE,33,SSW,E,2,22,75,63,1017.6,1014.3,5,4,23.1,26.1,No,No,No,2012-01-20,False,1.0,0,0,2012,1,1,Jan,2012-01,Winter,23.45,6.9,0,0,None,Moderate (30-45 km/h),East
1377,2012-01-20,20.7,25.7,0.0,7.0,7.2,E,28,SSE,E,19,19,75,58,1017.3,1015.0,5,4,23.1,25.2,No,No,No,2012-01-21,True,2.0,1,0,2012,1,1,Jan,2012-01,Winter,23.2,5.0,0,0,None,Light (<30 km/h),East
1378,2012-01-21,21.8,24.8,0.0,4.8,3.0,SE,31,E,NNE,13,2,73,82,1015.4,1015.8,5,4,22.6,22.6,No,Yes,Yes,2012-01-22,True,1.0,0,0,2012,1,1,Jan,2012-01,Winter,23.3,3.0,0,0,None,Moderate (30-45 km/h),East
1379,2012-01-22,19.7,26.6,12.0,4.6,8.7,ESE,44,ESE,SE,31,24,65,50,1021.4,1021.5,5,4,22.9,25.7,Yes,No,No,2012-01-23,True,1.0,0,0,2012,1,1,Jan,2012-01,Winter,23.15,6.9,0,1,Heavy,Moderate (30-45 km/h),East
1380,2012-01-23,19.6,24.5,0.2,9.8,7.0,W,41,ESE,ESE,30,20,60,55,1022.7,1021.1,5,4,22.9,23.5,No,No,No,2012-01-24,True,1.0,0,0,2012,1,1,Jan,2012-01,Winter,22.05,4.9,0,0,Light,Moderate (30-45 km/h),West
1381,2012-01-24,20.5,23.7,0.0,7.6,0.2,ESE,35,W,SSE,6,7,76,84,1018.5,1016.5,5,4,21.7,21.7,No,Yes,Yes,2012-01-25,True,1.0,0,0,2012,1,1,Jan,2012-01,Winter,22.1,3.2,0,0,None,Moderate (30-45 km/h),East
1382,2012-01-25,20.7,24.5,7.2,2.4,0.0,NNE,35,NNE,E,7,13,84,91,1014.3,1013.0,5,4,23.7,22.7,Yes,Yes,Yes,2012-01-26,True,1.0,0,0,2012,1,1,Jan,2012-01,Winter,22.6,3.8,0,1,Moderate,Moderate (30-45 km/h),North
1383,2012-01-26,20.8,26.9,29.6,7.8,3.3,E,26,SSE,E,13,15,90,68,1014.0,1013.4,5,4,22.5,26.4,Yes,Yes,Yes,2012-01-27,True,1.0,0,0,2012,1,1,Jan,2012-01,Winter,23.85,6.1,0,1,Heavy,Light (<30 km/h),East
1384,2012-01-27,21.8,25.3,2.0,2.8,2.5,ESE,46,ESE,ESE,30,28,80,70,1017.5,1016.8,5,4,23.5,24.1,Yes,No,No,2012-01-28,True,1.0,0,0,2012,1,1,Jan,2012-01,Winter,23.55,3.5,0,1,Light,Strong (45-60 km/h),East
1385,2012-01-28,21.6,26.6,0.2,6.2,3.5,ENE,31,ESE,E,19,19,68,81,1015.9,1013.2,5,4,23.5,23.7,No,No,No,2012-01-29,True,1.0,0,0,2012,1,1,Jan,2012-01,Winter,24.1,5.0,0,0,Light,Moderate (30-45 km/h),East
1386,2012-01-29,22.0,27.3,0.0,6.6,6.4,NE,50,NNE,NE,20,28,74,62,1011.5,1008.8,5,4,23.8,26.1,No,Yes,Yes,2012-01-30,True,1.0,0,0,2012,1,1,Jan,2012-01,Winter,24.65,5.3,0,0,None,Strong (45-60 km/h),North
1387,2012-01-30,21.7,33.2,1.4,8.8,9.4,NNE,56,NE,NNW,17,24,69,52,1002.2,998.7,5,4,26.5,31.2,Yes,No,No,2012-01-31,True,1.0,0,0,2012,1,1,Jan,2012-01,Winter,27.45,11.5,0,1,Light,Strong (45-60 km/h),North
1388,2012-01-31,25.3,28.8,0.0,11.2,2.4,SSE,44,SW,SE,19,28,50,68,1005.2,1008.0,5,4,27.2,24.4,No,Yes,Yes,2012-02-01,True,1.0,0,0,2012,1,1,Jan,2012-01,Winter,27.05,3.5,0,0,None,Moderate (30-45 km/h),South
1389,2012-02-01,18.4,21.9,8.8,5.6,0.0,SE,48,SE,ESE,26,28,87,66,1014.4,1013.7,5,4,18.8,21.2,Yes,Yes,Yes,2012-02-02,True,1.0,0,0,2012,1,2,Feb,2012-02,Winter,20.15,3.5,0,1,Moderate,Strong (45-60 km/h),East
1390,2012-02-02,18.5,20.2,5.4,2.8,0.0,ESE,39,SE,SE,17,17,72,82,1012.0,1010.5,5,4,20.1,18.5,Yes,Yes,Yes,2012-02-03,True,1.0,0,0,2012,1,2,Feb,2012-02,Winter,19.35,1.7,0,1,Moderate,Moderate (30-45 km/h),East
1391,2012-02-03,16.7,21.0,49.8,1.4,0.0,SSW,35,W,WSW,15,9,95,83,1006.8,1004.6,5,4,17.1,20.7,Yes,Yes,Yes,2012-02-04,True,1.0,0,0,2012,1,2,Feb,2012-02,Winter,18.85,4.3,0,1,Heavy,Moderate (30-45 km/h),South
1392,2012-02-04,17.0,25.9,6.0,0.2,10.7,ESE,24,WNW,ESE,13,17,92,61,1005.1,1003.6,5,4,19.9,25.6,Yes,No,No,2012-02-05,True,1.0,0,0,2012,1,2,Feb,2012-02,Winter,21.45,8.9,0,1,Moderate,Light (<30 km/h),East
1393,2012-02-05,18.2,26.8,0.2,6.6,13.0,NE,41,W,E,11,28,84,70,1003.9,1000.5,5,4,22.2,25.3,No,No,No,2012-02-06,True,1.0,0,0,2012,1,2,Feb,2012-02,Winter,22.5,8.6,0,0,Light,Moderate (30-45 km/h),North
1394,2012-02-06,20.4,24.8,0.0,8.8,7.5,S,59,S,SSW,24,37,76,63,1002.4,1002.9,5,4,22.3,23.8,No,Yes,Yes,2012-02-07,True,1.0,0,0,2012,1,2,Feb,2012-02,Winter,22.6,4.4,0,0,None,Strong (45-60 km/h),South
1395,2012-02-07,19.4,24.0,2.2,5.6,0.6,ESE,39,SSW,ESE,13,28,91,63,1007.5,1007.2,5,4,19.6,23.2,Yes,Yes,Yes,2012-02-08,True,1.0,0,0,2012,1,2,Feb,2012-02,Winter,21.7,4.6,0,1,Light,Moderate (30-45 km/h),East
1396,2012-02-08,19.2,24.5,1.4,4.0,0.4,ESE,30,SE,ESE,17,19,68,66,1011.2,1011.5,5,4,22.3,23.2,Yes,No,No,2012-02-09,True,1.0,0,0,2012,1,2,Feb,2012-02,Winter,21.85,5.3,0,1,Light,Moderate (30-45 km/h),East
1397,2012-02-09,18.9,25.8,0.2,2.8,8.0,ENE,43,E,E,17,26,71,60,1013.7,1012.2,5,4,22.2,24.6,No,Yes,Yes,2012-02-10,True,1.0,0,0,2012,1,2,Feb,2012-02,Winter,22.35,6.9,0,0,Light,Moderate (30-45 km/h),East
1398,2012-02-10,19.9,25.7,3.8,5.8,4.4,NE,46,N,NE,17,24,74,63,1012.3,1009.9,5,4,22.3,24.3,Yes,Yes,Yes,2012-02-11,True,1.0,0,0,2012,1,2,Feb,2012-02,Winter,22.8,5.8,0,1,Moderate,Strong (45-60 km/h),North
1399,2012-02-11,19.6,25.3,2.2,6.8,7.9,SSW,46,WNW,W,7,11,87,81,1011.4,1010.7,5,4,20.4,18.1,Yes,Yes,Yes,2012-02-12,True,1.0,0,0,2012,1,2,Feb,2012-02,Winter,22.45,5.7,0,1,Light,Strong (45-60 km/h),South
1400,2012-02-12,16.6,25.8,3.2,4.8,8.7,E,31,WNW,E,15,19,80,60,1015.3,1013.4,5,4,19.7,25.0,Yes,Yes,Yes,2012-02-13,True,1.0,0,0,2012,1,2,Feb,2012-02,Winter,21.2,9.2,0,1,Moderate,Moderate (30-45 km/h),East
1401,2012-02-13,18.6,25.4,1.8,4.8,9.1,ENE,31,W,ESE,9,20,87,66,1018.2,1016.7,5,4,19.9,23.8,Yes,No,No,2012-02-14,True,1.0,0,0,2012,1,2,Feb,2012-02,Winter,22.0,6.8,0,1,Light,Moderate (30-45 km/h),East
1402,2012-02-14,19.2,24.8,0.0,4.0,7.2,ESE,31,S,ESE,6,19,83,59,1021.2,1020.3,5,4,20.8,23.3,No,No,No,2012-02-15,True,1.0,0,0,2012,1,2,Feb,2012-02,Winter,22.0,5.6,0,0,None,Moderate (30-45 km/h),East
1403,2012-02-15,19.1,25.3,0.6,5.0,10.8,E,28,E,ENE,15,19,56,52,1021.8,1019.9,5,4,22.7,25.0,No,No,No,2012-02-16,True,1.0,0,0,2012,1,2,Feb,2012-02,Winter,22.2,6.2,0,0,Light,Light (<30 km/h),East
1404,2012-02-16,18.5,26.7,0.0,7.4,11.3,NE,41,N,NE,13,26,68,47,1020.0,1017.9,5,4,22.8,26.0,No,No,No,2012-02-17,True,1.0,0,0,2012,1,2,Feb,2012-02,Winter,22.6,8.2,0,0,None,Moderate (30-45 km/h),North
1405,2012-02-17,19.0,27.4,0.0,8.6,7.6,ENE,39,ENE,ENE,7,22,62,67,1017.4,1015.7,5,4,23.8,24.0,No,No,No,2012-02-18,True,1.0,0,0,2012,1,2,Feb,2012-02,Winter,23.2,8.4,0,0,None,Moderate (30-45 km/h),East
1406,2012-02-18,19.4,27.5,0.6,6.4,8.5,ESE,31,SSW,SSE,13,22,73,60,1017.2,1016.6,5,4,23.0,26.8,No,No,No,2012-02-19,True,1.0,0,0,2012,1,2,Feb,2012-02,Winter,23.45,8.1,0,0,Light,Moderate (30-45 km/h),East
1407,2012-02-19,19.9,27.1,0.0,6.6,9.6,NNE,39,WNW,E,6,24,75,66,1017.9,1014.1,5,4,23.0,25.6,No,Yes,Yes,2012-02-20,True,1.0,0,0,2012,1,2,Feb,2012-02,Winter,23.5,7.2,0,0,None,Moderate (30-45 km/h),North
1408,2012-02-20,19.5,28.2,15.6,12.6,8.6,SSE,33,W,SE,9,19,81,60,1011.8,1010.6,5,4,22.8,27.2,Yes,Yes,Yes,2012-02-21,True,1.0,0,0,2012,1,2,Feb,2012-02,Winter,23.85,8.7,0,1,Heavy,Moderate (30-45 km/h),South
1409,2012-02-21,19.6,25.7,6.2,4.2,9.8,SSE,57,SSW,S,20,35,82,60,1010.3,1010.9,5,4,20.9,24.9,Yes,No,No,2012-02-22,True,1.0,0,0,2012,1,2,Feb,2012-02,Winter,22.65,6.1,0,1,Moderate,Strong (45-60 km/h),South
1410,2012-02-22,17.3,26.5,0.2,7.0,10.7,SE,33,WSW,SE,13,22,69,55,1016.1,1015.4,5,4,20.1,25.8,No,No,No,2012-02-23,True,1.0,0,0,2012,1,2,Feb,2012-02,Winter,21.9,9.2,0,0,Light,Moderate (30-45 km/h),East
1411,2012-02-23,18.2,26.9,0.0,5.6,12.2,ENE,31,W,ENE,11,22,77,59,1019.8,1018.3,5,4,21.5,25.6,No,No,No,2012-02-24,True,1.0,0,0,2012,1,2,Feb,2012-02,Winter,22.55,8.7,0,0,None,Moderate (30-45 km/h),East
1412,2012-02-24,20.6,27.5,0.0,7.6,12.0,ENE,33,WNW,E,11,22,78,61,1022.6,1022.4,5,4,22.7,26.9,No,No,No,2012-02-25,True,1.0,0,0,2012,1,2,Feb,2012-02,Winter,24.05,6.9,0,0,None,Moderate (30-45 km/h),East
1413,2012-02-25,18.9,26.6,0.0,8.0,11.3,ENE,43,ESE,ENE,2,28,71,60,1023.6,1021.4,5,4,23.3,25.5,No,No,No,2012-02-26,True,1.0,0,0,2012,1,2,Feb,2012-02,Winter,22.75,7.7,0,0,None,Moderate (30-45 km/h),East
1414,2012-02-26,21.9,26.8,0.0,7.6,0.9,NNE,44,NE,NE,11,19,80,66,1020.8,1018.4,5,4,22.8,25.6,No,No,No,2012-02-27,True,1.0,0,0,2012,1,2,Feb,2012-02,Winter,24.35,4.9,0,0,None,Moderate (30-45 km/h),North
1415,2012-02-27,21.9,28.0,0.0,5.0,6.1,ENE,37,NE,ENE,6,22,73,55,1017.4,1014.8,5,4,23.6,27.5,No,No,No,2012-02-28,True,1.0,0,0,2012,1,2,Feb,2012-02,Winter,24.95,6.1,0,0,None,Moderate (30-45 km/h),East
1416,2012-02-28,23.5,33.4,0.0,7.4,4.3,WNW,31,E,ESE,6,20,66,44,1013.3,1011.0,5,4,26.2,31.9,No,Yes,Yes,2012-02-29,True,1.0,0,0,2012,1,2,Feb,2012-02,Winter,28.45,9.9,0,0,None,Moderate (30-45 km/h),West
1417,2012-02-29,20.2,22.0,2.8,4.8,0.0,SE,52,SSW,SSW,20,15,89,92,1013.9,1012.5,5,4,20.5,21.1,Yes,Yes,Yes,2012-03-01,True,1.0,0,0,2012,1,2,Feb,2012-02,Winter,21.1,1.8,0,1,Moderate,Strong (45-60 km/h),East
1418,2012-03-01,20.1,29.5,27.6,1.6,2.1,SSW,67,NNW,ENE,17,17,90,58,1007.7,1001.4,5,4,21.3,29.2,Yes,Yes,Yes,2012-03-02,True,1.0,0,0,2012,1,3,Mar,2012-03,Spring,24.8,9.4,0,1,Heavy,Gale (>60 km/h),South
1419,2012-03-02,18.6,20.9,16.0,4.6,0.0,SSW,65,SSE,SE,17,20,88,83,1013.4,1015.4,5,4,19.5,19.4,Yes,Yes,Yes,2012-03-03,True,1.0,0,0,2012,1,3,Mar,2012-03,Spring,19.75,2.3,0,1,Heavy,Gale (>60 km/h),South
1420,2012-03-03,18.0,22.6,16.8,2.8,0.0,ENE,48,E,NNE,26,17,66,81,1019.6,1018.5,5,4,20.9,19.9,Yes,Yes,Yes,2012-03-04,True,1.0,0,0,2012,1,3,Mar,2012-03,Spring,20.3,4.6,0,1,Heavy,Strong (45-60 km/h),East
1421,2012-03-04,18.9,27.3,2.2,2.0,7.0,NE,41,N,NE,11,24,75,65,1014.3,1009.8,5,4,22.4,26.4,Yes,Yes,Yes,2012-03-05,True,1.0,0,0,2012,1,3,Mar,2012-03,Spring,23.1,8.4,0,1,Light,Moderate (30-45 km/h),North
1422,2012-03-05,20.0,27.4,14.8,5.8,11.0,SSE,39,SW,SE,17,26,59,58,1013.4,1014.0,5,4,22.7,25.9,Yes,No,No,2012-03-06,True,1.0,0,0,2012,1,3,Mar,2012-03,Spring,23.7,7.4,0,1,Heavy,Moderate (30-45 km/h),South
1423,2012-03-06,19.5,24.7,0.0,8.4,9.4,SSE,44,S,SSE,17,28,66,53,1018.8,1018.0,5,4,21.4,23.9,No,No,No,2012-03-07,True,1.0,0,0,2012,1,3,Mar,2012-03,Spring,22.1,5.2,0,0,None,Moderate (30-45 km/h),South
1424,2012-03-07,17.1,23.3,0.0,6.6,7.8,SSW,54,SSW,S,33,22,62,60,1018.1,1015.7,5,4,19.0,21.3,No,Yes,Yes,2012-03-08,True,1.0,0,0,2012,1,3,Mar,2012-03,Spring,20.2,6.2,0,0,None,Strong (45-60 km/h),South
1425,2012-03-08,15.0,21.2,109.4,4.8,2.3,NW,54,W,WSW,30,15,96,71,1005.4,1005.9,5,4,15.6,20.1,Yes,Yes,Yes,2012-03-09,True,1.0,0,1,2012,1,3,Mar,2012-03,Spring,18.1,6.2,0,1,Extreme,Strong (45-60 km/h),North
1426,2012-03-09,14.9,28.4,18.0,1.2,10.7,WSW,48,W,W,13,24,75,39,1008.8,1007.9,5,4,18.5,27.0,Yes,No,No,2012-03-10,True,1.0,0,0,2012,1,3,Mar,2012-03,Spring,21.65,13.5,0,1,Heavy,Strong (45-60 km/h),West
1427,2012-03-10,17.0,26.5,0.0,5.0,10.8,ESE,43,W,SE,11,26,82,61,1013.5,1014.4,5,4,20.1,24.7,No,No,No,2012-03-11,True,1.0,0,0,2012,1,3,Mar,2012-03,Spring,21.75,9.5,0,0,None,Moderate (30-45 km/h),East
1428,2012-03-11,17.5,24.0,0.0,6.4,10.9,ENE,30,W,E,13,20,71,59,1019.0,1016.8,5,4,20.4,23.0,No,No,No,2012-03-12,True,1.0,0,0,2012,1,3,Mar,2012-03,Spring,20.75,6.5,0,0,None,Moderate (30-45 km/h),East
1429,2012-03-12,19.9,24.0,0.0,6.8,2.3,ENE,43,ESE,ENE,4,26,76,64,1020.2,1020.0,5,4,22.6,23.2,No,No,No,2012-03-13,True,1.0,0,0,2012,1,3,Mar,2012-03,Spring,21.95,4.1,0,0,None,Moderate (30-45 km/h),East
1430,2012-03-13,16.8,25.6,0.0,4.0,11.1,NE,37,W,E,13,19,78,57,1022.3,1020.0,5,4,20.1,24.1,No,No,No,2012-03-14,True,1.0,0,0,2012,1,3,Mar,2012-03,Spring,21.2,8.8,0,0,None,Moderate (30-45 km/h),North
1431,2012-03-14,18.1,25.2,0.0,6.8,7.5,E,39,W,E,7,24,85,79,1020.6,1018.0,5,4,20.2,23.0,No,No,No,2012-03-15,True,1.0,0,0,2012,1,3,Mar,2012-03,Spring,21.65,7.1,0,0,None,Moderate (30-45 km/h),East
1432,2012-03-15,20.2,26.2,0.0,4.6,8.5,NNE,44,ENE,NE,13,22,80,60,1017.2,1014.5,5,4,22.5,25.4,No,No,No,2012-03-16,True,1.0,0,0,2012,1,3,Mar,2012-03,Spring,23.2,6.0,0,0,None,Moderate (30-45 km/h),North
1433,2012-03-16,20.1,28.0,0.0,7.8,10.3,NNE,43,ESE,ENE,6,15,81,69,1012.8,1009.4,5,4,22.6,25.5,No,Yes,Yes,2012-03-17,True,1.0,0,0,2012,1,3,Mar,2012-03,Spring,24.05,7.9,0,0,None,Moderate (30-45 km/h),North
1434,2012-03-17,18.6,20.2,41.8,7.4,0.2,SSW,50,SSW,S,24,22,94,88,1014.0,1015.1,5,4,18.6,19.4,Yes,Yes,Yes,2012-03-18,True,1.0,0,0,2012,1,3,Mar,2012-03,Spring,19.4,1.6,0,1,Heavy,Strong (45-60 km/h),South
1435,2012-03-18,17.1,23.0,2.4,3.8,7.2,S,57,SW,SSW,15,28,66,64,1022.3,1022.3,5,4,19.4,21.6,Yes,Yes,Yes,2012-03-19,True,1.0,0,0,2012,1,3,Mar,2012-03,Spring,20.05,5.9,0,1,Light,Strong (45-60 km/h),South
1436,2012-03-19,17.6,24.4,12.0,6.0,5.2,ESE,43,SE,SE,19,22,72,57,1023.7,1022.7,5,4,21.1,23.2,Yes,Yes,Yes,2012-03-20,True,1.0,0,0,2012,1,3,Mar,2012-03,Spring,21.0,6.8,0,1,Heavy,Moderate (30-45 km/h),East
1437,2012-03-20,18.9,24.7,1.2,3.6,5.6,E,31,SSW,E,6,19,84,53,1020.6,1016.7,5,4,19.6,24.0,Yes,No,No,2012-03-21,True,1.0,0,0,2012,1,3,Mar,2012-03,Spring,21.8,5.8,0,1,Light,Moderate (30-45 km/h),East
1438,2012-03-21,18.9,25.1,0.0,5.6,7.0,NE,37,NNW,NE,13,20,83,72,1010.8,1005.1,5,4,20.5,23.8,No,No,No,2012-03-22,True,1.0,0,0,2012,1,3,Mar,2012-03,Spring,22.0,6.2,0,0,None,Moderate (30-45 km/h),North
1439,2012-03-22,18.3,20.0,0.0,4.8,0.0,S,63,SSW,SSW,17,13,79,75,1009.5,1007.9,5,4,18.6,19.1,No,No,No,2012-03-23,True,1.0,0,0,2012,1,3,Mar,2012-03,Spring,19.15,1.7,0,0,None,Gale (>60 km/h),South
1440,2012-03-23,17.6,26.3,0.4,1.4,10.9,W,57,WNW,WNW,11,20,84,31,1003.6,1001.7,5,4,19.5,26.1,No,No,No,2012-03-24,True,1.0,0,0,2012,1,3,Mar,2012-03,Spring,21.95,8.7,0,0,Light,Strong (45-60 km/h),West
1441,2012-03-24,13.9,25.2,0.0,6.6,11.1,W,44,W,S,22,15,47,26,1012.6,1011.8,5,4,16.1,24.2,No,No,No,2012-03-25,True,1.0,0,0,2012,1,3,Mar,2012-03,Spring,19.55,11.3,0,0,None,Moderate (30-45 km/h),West
1442,2012-03-25,14.5,23.2,0.0,7.8,5.7,SE,28,WNW,SE,13,15,76,55,1022.1,1021.0,5,4,16.5,20.8,No,No,No,2012-03-26,True,1.0,0,0,2012,1,3,Mar,2012-03,Spring,18.85,8.7,0,0,None,Light (<30 km/h),East
1443,2012-03-26,16.2,23.0,0.4,3.4,9.7,NE,37,SSW,ENE,2,22,77,60,1023.6,1021.2,5,4,19.5,22.7,No,No,No,2012-03-27,True,1.0,0,0,2012,1,3,Mar,2012-03,Spring,19.6,6.8,0,0,Light,Moderate (30-45 km/h),North
1444,2012-03-27,17.7,24.6,0.4,5.6,7.6,N,33,WNW,E,9,15,69,65,1023.6,1021.9,5,4,20.6,23.1,No,No,No,2012-03-28,True,1.0,0,0,2012,1,3,Mar,2012-03,Spring,21.15,6.9,0,0,Light,Moderate (30-45 km/h),North
1445,2012-03-28,19.4,22.5,0.0,5.6,0.4,E,31,E,ENE,9,6,77,84,1023.2,1020.3,5,4,20.4,20.4,No,Yes,Yes,2012-03-29,True,1.0,0,0,2012,1,3,Mar,2012-03,Spring,20.95,3.1,0,0,None,Moderate (30-45 km/h),East
1446,2012-03-29,17.5,26.5,6.2,3.4,10.2,ENE,26,WNW,E,15,22,75,60,1019.4,1016.6,5,4,20.1,23.9,Yes,No,No,2012-03-30,True,1.0,0,0,2012,1,3,Mar,2012-03,Spring,22.0,9.0,0,1,Moderate,Light (<30 km/h),East
1447,2012-03-30,16.7,24.8,0.2,4.0,7.2,W,22,W,ESE,19,13,84,55,1019.1,1016.9,5,4,17.5,24.3,No,No,No,2012-03-31,True,1.0,0,0,2012,1,3,Mar,2012-03,Spring,20.75,8.1,0,0,Light,Light (<30 km/h),West
1448,2012-03-31,16.1,27.0,0.0,3.4,10.7,E,22,WNW,E,13,15,81,56,1018.9,1016.7,5,4,18.9,24.6,No,No,No,2012-04-01,True,1.0,0,0,2012,1,3,Mar,2012-03,Spring,21.55,10.9,0,0,None,Light (<30 km/h),East
1449,2012-04-01,16.2,25.4,0.0,5.6,8.1,WSW,39,WNW,E,9,17,67,59,1018.3,1015.0,5,4,21.0,23.7,No,No,No,2012-04-02,True,1.0,0,0,2012,2,4,Apr,2012-04,Spring,20.8,9.2,0,0,None,Moderate (30-45 km/h),West
1450,2012-04-02,17.6,26.7,0.6,3.8,10.6,W,20,W,ESE,9,15,75,64,1017.8,1014.7,5,4,21.7,24.0,No,No,No,2012-04-03,True,1.0,0,0,2012,2,4,Apr,2012-04,Spring,22.15,9.1,0,0,Light,Light (<30 km/h),West
1451,2012-04-03,16.8,26.5,0.0,3.0,8.6,W,24,WNW,NE,13,17,88,56,1016.0,1013.6,5,4,18.6,25.6,No,No,No,2012-04-04,True,1.0,0,0,2012,2,4,Apr,2012-04,Spring,21.65,9.7,0,0,None,Light (<30 km/h),West
1452,2012-04-04,18.6,25.7,0.0,6.0,10.8,ENE,31,NE,NE,11,17,60,62,1017.8,1016.3,5,4,24.6,24.5,No,No,No,2012-04-05,True,1.0,0,0,2012,2,4,Apr,2012-04,Spring,22.15,7.1,0,0,None,Moderate (30-45 km/h),East
1453,2012-04-05,19.0,25.6,0.0,3.2,10.4,ENE,28,SSE,E,2,20,64,54,1021.3,1019.2,5,4,23.8,24.4,No,No,No,2012-04-06,True,1.0,0,0,2012,2,4,Apr,2012-04,Spring,22.3,6.6,0,0,None,Light (<30 km/h),East
1454,2012-04-06,17.6,25.1,0.0,6.6,10.3,ENE,33,W,ENE,6,20,67,45,1021.6,1017.2,5,4,22.3,24.1,No,No,No,2012-04-07,True,1.0,0,0,2012,2,4,Apr,2012-04,Spring,21.35,7.5,0,0,None,Moderate (30-45 km/h),East
1455,2012-04-07,18.2,28.3,0.0,8.0,9.2,SSE,57,WSW,SSE,15,31,69,59,1015.2,1016.9,5,4,21.5,23.3,No,No,No,2012-04-08,True,1.0,0,0,2012,2,4,Apr,2012-04,Spring,23.25,10.1,0,0,None,Strong (45-60 km/h),South
1456,2012-04-08,20.1,24.3,0.0,8.0,0.5,W,44,NE,NE,17,15,62,72,1019.2,1013.6,5,4,22.0,23.4,No,Yes,Yes,2012-04-09,True,1.0,0,0,2012,2,4,Apr,2012-04,Spring,22.2,4.2,0,0,None,Moderate (30-45 km/h),West
1457,2012-04-09,14.1,24.8,6.4,3.8,10.7,SSE,61,WSW,W,28,19,41,28,1016.6,1013.6,5,4,17.6,24.6,Yes,No,No,2012-04-10,True,1.0,0,0,2012,2,4,Apr,2012-04,Spring,19.45,10.7,0,1,Moderate,Gale (>60 km/h),South
1458,2012-04-10,10.1,19.1,0.0,7.0,10.2,SW,65,SSW,SSW,31,33,45,40,1024.5,1025.9,5,4,15.5,18.0,No,No,No,2012-04-11,True,1.0,0,0,2012,2,4,Apr,2012-04,Spring,14.6,9.0,0,0,None,Gale (>60 km/h),South
1459,2012-04-11,10.4,20.2,0.0,6.0,6.1,SSW,54,SSW,SSW,24,31,59,55,1030.6,1029.7,5,4,15.6,19.9,No,Yes,Yes,2012-04-12,True,1.0,0,0,2012,2,4,Apr,2012-04,Spring,15.3,9.8,0,0,None,Strong (45-60 km/h),South
1460,2012-04-12,13.0,22.8,7.2,2.8,10.1,W,41,W,SE,17,15,80,54,1032.8,1030.9,5,4,16.4,22.2,Yes,No,No,2012-04-13,True,1.0,0,0,2012,2,4,Apr,2012-04,Spring,17.9,9.8,0,1,Moderate,Moderate (30-45 km/h),West
1461,2012-04-13,12.4,24.7,0.0,3.8,11.0,ENE,28,WNW,ENE,17,20,75,54,1031.9,1028.1,5,4,16.4,22.4,No,No,No,2012-04-14,True,1.0,0,0,2012,2,4,Apr,2012-04,Spring,18.55,12.3,0,0,None,Light (<30 km/h),East
1462,2012-04-14,14.7,24.4,0.0,4.8,7.9,ENE,30,W,ENE,4,17,74,63,1028.2,1024.0,5,4,18.9,22.0,No,No,No,2012-04-15,True,1.0,0,0,2012,2,4,Apr,2012-04,Spring,19.55,9.7,0,0,None,Moderate (30-45 km/h),East
1463,2012-04-15,17.0,25.4,0.0,3.8,4.6,W,22,WNW,ENE,19,11,65,72,1025.2,1022.4,5,4,20.2,22.5,No,No,No,2012-04-16,True,1.0,0,0,2012,2,4,Apr,2012-04,Spring,21.2,8.4,0,0,None,Light (<30 km/h),West
1464,2012-04-16,15.9,25.8,0.0,4.8,7.8,S,35,WNW,SSE,11,20,63,58,1023.9,1021.7,5,4,19.0,23.5,No,Yes,Yes,2012-04-17,True,1.0,0,0,2012,2,4,Apr,2012-04,Spring,20.85,9.9,0,0,None,Moderate (30-45 km/h),South
1465,2012-04-17,17.3,21.4,23.6,5.0,0.0,ESE,56,SSE,SE,20,9,91,85,1022.9,1020.6,5,4,18.6,19.1,Yes,Yes,Yes,2012-04-18,True,1.0,0,0,2012,2,4,Apr,2012-04,Spring,19.35,4.1,0,1,Heavy,Strong (45-60 km/h),East
1466,2012-04-18,17.2,21.1,48.8,3.2,0.2,NE,54,WSW,ENE,9,35,95,81,1021.1,1018.3,5,4,17.6,20.5,Yes,Yes,Yes,2012-04-19,True,1.0,0,0,2012,2,4,Apr,2012-04,Spring,19.15,3.9,0,1,Heavy,Strong (45-60 km/h),North
1467,2012-04-19,17.5,23.8,56.0,4.8,3.3,ENE,31,ENE,E,2,13,92,82,1019.7,1016.2,5,4,19.5,21.5,Yes,No,No,2012-04-20,True,1.0,0,1,2012,2,4,Apr,2012-04,Spring,20.65,6.3,0,1,Extreme,Moderate (30-45 km/h),East
1468,2012-04-20,17.4,25.1,0.8,1.0,8.5,W,41,W,ENE,9,9,91,72,1016.5,1014.4,5,4,19.1,24.0,No,No,No,2012-04-21,True,1.0,0,0,2012,2,4,Apr,2012-04,Spring,21.25,7.7,0,0,Light,Moderate (30-45 km/h),West
1469,2012-04-21,18.2,24.9,0.0,4.0,5.6,SSW,26,SSW,SSE,19,19,92,72,1015.5,1012.8,5,4,19.8,23.4,No,No,No,2012-04-23,False,1.0,0,0,2012,2,4,Apr,2012-04,Spring,21.55,6.7,0,0,None,Light (<30 km/h),South
1470,2012-04-23,17.6,19.5,0.0,1.6,0.1,NW,33,NW,N,20,15,81,85,1014.0,1011.0,5,4,19.4,19.1,No,Yes,Yes,2012-04-24,True,2.0,1,0,2012,2,4,Apr,2012-04,Spring,18.55,1.9,0,0,None,Moderate (30-45 km/h),North
1471,2012-04-24,15.6,25.3,1.6,1.0,7.6,NW,74,W,W,13,41,79,47,1011.7,1009.2,5,4,18.4,19.8,Yes,Yes,Yes,2012-04-25,True,1.0,0,0,2012,2,4,Apr,2012-04,Spring,20.45,9.7,0,1,Light,Gale (>60 km/h),North
1472,2012-04-25,10.8,19.9,3.2,4.0,10.2,W,65,WNW,W,24,35,48,32,1011.6,1007.8,5,4,13.5,19.4,Yes,No,No,2012-04-26,True,1.0,0,0,2012,2,4,Apr,2012-04,Spring,15.35,9.1,0,1,Moderate,Gale (>60 km/h),West
1473,2012-04-26,13.5,21.5,0.0,5.8,6.6,W,37,W,SSE,22,22,56,49,1018.5,1017.2,5,4,16.8,19.8,No,No,No,2012-04-27,True,1.0,0,0,2012,2,4,Apr,2012-04,Spring,17.5,8.0,0,0,None,Moderate (30-45 km/h),West
1474,2012-04-27,12.9,22.8,0.0,3.4,10.3,W,22,W,ESE,19,17,68,57,1022.0,1020.5,5,4,15.4,21.5,No,No,No,2012-04-28,True,1.0,0,0,2012,2,4,Apr,2012-04,Spring,17.85,9.9,0,0,None,Light (<30 km/h),West
1475,2012-04-28,13.8,24.2,0.0,2.4,5.2,N,24,W,NE,15,11,80,51,1022.0,1017.4,5,4,16.0,23.0,No,No,No,2012-04-29,True,1.0,0,0,2012,2,4,Apr,2012-04,Spring,19.0,10.4,0,0,None,Light (<30 km/h),North
1476,2012-04-29,13.1,19.1,0.0,3.0,6.6,S,56,SSW,SSE,17,28,73,52,1020.8,1021.9,5,4,17.7,18.7,No,No,No,2012-04-30,True,1.0,0,0,2012,2,4,Apr,2012-04,Spring,16.1,6.0,0,0,None,Strong (45-60 km/h),South
1477,2012-04-30,10.9,20.2,0.0,5.4,3.5,W,30,W,ENE,20,11,70,43,1027.3,1025.0,5,4,13.5,19.9,No,No,No,2012-05-01,True,1.0,0,0,2012,2,4,Apr,2012-04,Spring,15.55,9.3,0,0,None,Moderate (30-45 km/h),West
1478,2012-05-01,12.7,22.1,0.0,2.4,9.5,ENE,31,WNW,NE,9,20,76,55,1027.2,1023.2,5,4,15.5,21.4,No,No,No,2012-05-02,True,1.0,0,0,2012,2,5,May,2012-05,Spring,17.4,9.4,0,0,None,Moderate (30-45 km/h),East
1479,2012-05-02,12.4,22.3,0.0,3.6,9.0,W,31,W,ENE,15,20,79,64,1023.0,1018.4,5,4,15.6,22.1,No,No,No,2012-05-03,True,1.0,0,0,2012,2,5,May,2012-05,Spring,17.35,9.9,0,0,None,Moderate (30-45 km/h),West
1480,2012-05-03,15.2,23.3,0.0,3.0,10.3,WSW,26,W,ESE,15,17,63,53,1019.7,1017.3,5,4,17.7,21.3,No,No,No,2012-05-04,True,1.0,0,0,2012,2,5,May,2012-05,Spring,19.25,8.1,0,0,None,Light (<30 km/h),West
1481,2012-05-04,11.5,22.4,0.0,5.0,10.3,W,31,W,ESE,20,19,45,38,1020.6,1016.8,5,4,13.7,20.9,No,No,No,2012-05-05,True,1.0,0,0,2012,2,5,May,2012-05,Spring,16.95,10.9,0,0,None,Moderate (30-45 km/h),West
1482,2012-05-05,11.8,20.9,0.0,3.0,6.8,SSW,48,W,S,20,26,64,55,1016.8,1013.2,5,4,15.1,20.3,No,No,No,2012-05-06,True,1.0,0,0,2012,2,5,May,2012-05,Spring,16.35,9.1,0,0,None,Strong (45-60 km/h),South
1483,2012-05-06,10.8,21.3,0.0,4.2,10.3,W,37,W,NE,24,13,65,37,1016.9,1014.2,5,4,12.9,21.0,No,No,No,2012-05-07,True,1.0,0,0,2012,2,5,May,2012-05,Spring,16.05,10.5,0,0,None,Moderate (30-45 km/h),West
1484,2012-05-07,11.2,18.5,0.0,3.0,0.7,SSW,30,W,SW,13,7,64,44,1018.2,1015.7,5,4,12.4,17.9,No,No,No,2012-05-08,True,1.0,0,0,2012,2,5,May,2012-05,Spring,14.85,7.3,0,0,None,Moderate (30-45 km/h),South
1485,2012-05-08,10.8,23.3,0.0,1.2,10.2,W,30,W,WNW,22,7,68,37,1018.7,1016.5,5,4,13.8,22.8,No,No,No,2012-05-09,True,1.0,0,0,2012,2,5,May,2012-05,Spring,17.05,12.5,0,0,None,Moderate (30-45 km/h),West
1486,2012-05-09,12.0,27.1,0.0,3.0,10.2,W,22,W,E,15,9,68,30,1021.1,1018.9,5,4,15.3,26.7,No,No,No,2012-05-10,True,1.0,0,0,2012,2,5,May,2012-05,Spring,19.55,15.1,0,0,None,Light (<30 km/h),West
1487,2012-05-10,14.1,29.1,0.0,3.8,10.2,W,28,W,ESE,22,19,67,50,1021.7,1019.4,5,4,16.7,26.3,No,No,No,2012-05-11,True,1.0,0,0,2012,2,5,May,2012-05,Spring,21.6,15.0,0,0,None,Light (<30 km/h),West
1488,2012-05-11,14.3,24.9,0.0,4.0,5.2,W,28,W,E,9,7,63,43,1018.5,1013.8,5,4,16.5,24.7,No,No,No,2012-05-12,True,1.0,0,0,2012,2,5,May,2012-05,Spring,19.6,10.6,0,0,None,Light (<30 km/h),West
1489,2012-05-12,13.8,20.7,0.0,2.6,6.8,WSW,54,WSW,WSW,17,6,60,28,1017.6,1014.1,5,4,15.1,19.2,No,No,No,2012-05-13,True,1.0,0,0,2012,2,5,May,2012-05,Spring,17.25,6.9,0,0,None,Strong (45-60 km/h),West
1490,2012-05-13,9.9,18.1,0.0,5.4,10.1,W,70,WSW,W,31,39,42,35,1013.4,1011.5,5,4,13.5,16.8,No,No,No,2012-05-14,True,1.0,0,0,2012,2,5,May,2012-05,Spring,14.0,8.2,0,0,None,Gale (>60 km/h),West
1491,2012-05-14,9.1,18.6,0.0,4.6,10.1,W,43,W,SSW,20,22,49,40,1021.4,1021.5,5,4,11.8,17.2,No,No,No,2012-05-15,True,1.0,0,0,2012,2,5,May,2012-05,Spring,13.85,9.5,0,0,None,Moderate (30-45 km/h),West
1492,2012-05-15,8.5,20.2,0.0,3.2,9.9,W,35,W,SSE,24,20,56,41,1024.3,1021.9,5,4,12.1,19.1,No,No,No,2012-05-16,True,1.0,0,0,2012,2,5,May,2012-05,Spring,14.35,11.7,0,0,None,Moderate (30-45 km/h),West
1493,2012-05-16,9.8,21.1,0.0,3.8,9.5,W,31,W,SSE,22,13,68,50,1025.0,1022.5,5,4,12.0,19.9,No,No,No,2012-05-17,True,1.0,0,0,2012,2,5,May,2012-05,Spring,15.45,11.3,0,0,None,Moderate (30-45 km/h),West
1494,2012-05-17,10.0,21.6,0.0,2.0,9.5,W,26,W,E,19,17,77,46,1025.0,1022.0,5,4,12.5,20.1,No,No,No,2012-05-18,True,1.0,0,0,2012,2,5,May,2012-05,Spring,15.8,11.6,0,0,None,Light (<30 km/h),West
1495,2012-05-18,10.5,23.1,0.0,1.8,9.7,W,22,W,E,17,11,82,40,1025.1,1021.1,5,4,12.4,22.2,No,No,No,2012-05-19,True,1.0,0,0,2012,2,5,May,2012-05,Spring,16.8,12.6,0,0,None,Light (<30 km/h),West
1496,2012-05-19,10.4,21.1,0.0,3.8,9.0,W,30,W,WNW,24,9,71,37,1023.1,1020.3,5,4,12.4,20.4,No,No,No,2012-05-20,True,1.0,0,0,2012,2,5,May,2012-05,Spring,15.75,10.7,0,0,None,Moderate (30-45 km/h),West
1497,2012-05-20,10.4,16.4,0.0,3.0,0.4,W,30,WNW,SSW,19,13,75,82,1026.1,1024.1,5,4,13.0,15.0,No,No,No,2012-05-21,True,1.0,0,0,2012,2,5,May,2012-05,Spring,13.4,6.0,0,0,None,Moderate (30-45 km/h),West
1498,2012-05-21,12.2,20.9,0.4,0.4,8.5,W,26,W,NNE,20,13,78,52,1025.5,1021.6,5,4,13.6,20.6,No,No,No,2012-05-22,True,1.0,0,0,2012,2,5,May,2012-05,Spring,16.55,8.7,0,0,Light,Light (<30 km/h),West
1499,2012-05-22,9.8,20.9,0.0,3.0,10.0,WNW,33,W,WNW,20,13,70,64,1024.2,1020.7,5,4,11.8,20.5,No,No,No,2012-05-23,True,1.0,0,0,2012,2,5,May,2012-05,Spring,15.35,11.1,0,0,None,Moderate (30-45 km/h),West
1500,2012-05-23,10.3,23.0,0.0,4.0,10.1,NW,24,W,N,11,17,69,88,1024.4,1020.2,5,4,13.2,21.7,No,No,No,2012-05-24,True,1.0,0,0,2012,2,5,May,2012-05,Spring,16.65,12.7,0,0,None,Light (<30 km/h),North
1501,2012-05-24,9.6,17.1,0.0,4.0,2.4,W,37,WNW,W,7,7,79,93,1020.5,1018.7,5,4,12.2,13.7,No,Yes,Yes,2012-05-25,True,1.0,0,0,2012,2,5,May,2012-05,Spring,13.35,7.5,0,0,None,Moderate (30-45 km/h),West
1502,2012-05-25,12.2,18.6,13.8,1.0,4.3,WNW,59,NNW,NNW,24,24,77,37,1012.5,1008.8,5,4,15.7,18.4,Yes,No,No,2012-05-26,True,1.0,0,0,2012,2,5,May,2012-05,Spring,15.4,6.4,0,1,Heavy,Strong (45-60 km/h),West
1503,2012-05-26,10.4,17.5,0.0,6.0,7.8,W,61,WNW,W,26,31,43,41,1013.9,1012.8,5,4,12.5,15.9,No,No,No,2012-05-27,True,1.0,0,0,2012,2,5,May,2012-05,Spring,13.95,7.1,0,0,None,Gale (>60 km/h),West
1504,2012-05-27,10.0,19.3,0.2,3.4,9.2,SW,41,W,S,22,19,65,50,1020.3,1019.5,5,4,12.3,17.9,No,No,No,2012-05-28,True,1.0,0,0,2012,2,5,May,2012-05,Spring,14.65,9.3,0,0,Light,Moderate (30-45 km/h),South
1505,2012-05-28,9.1,18.9,0.0,2.6,9.3,SSW,41,W,S,20,26,66,52,1026.5,1025.3,5,4,12.1,17.7,No,Yes,Yes,2012-05-29,True,1.0,0,0,2012,2,5,May,2012-05,Spring,14.0,9.8,0,0,None,Moderate (30-45 km/h),South
1506,2012-05-29,11.3,18.1,21.4,3.0,2.2,SSW,30,NW,S,9,17,94,69,1031.6,1030.6,5,4,12.1,16.6,Yes,Yes,Yes,2012-05-30,True,1.0,0,0,2012,2,5,May,2012-05,Spring,14.7,6.8,0,1,Heavy,Moderate (30-45 km/h),South
1507,2012-05-30,10.4,18.5,1.4,1.0,6.6,W,26,W,SSE,19,13,80,63,1035.0,1032.5,5,4,12.8,17.3,Yes,No,No,2012-05-31,True,1.0,0,0,2012,2,5,May,2012-05,Spring,14.45,8.1,0,1,Light,Light (<30 km/h),West
1508,2012-05-31,11.9,20.1,0.0,3.2,2.0,ENE,28,W,SSE,20,15,79,63,1033.6,1030.7,5,4,12.9,17.4,No,No,No,2012-06-01,True,1.0,0,0,2012,2,5,May,2012-05,Spring,16.0,8.2,0,0,None,Light (<30 km/h),East
1509,2012-06-01,11.6,18.8,0.2,1.0,1.2,NNE,24,WNW,ESE,15,6,89,67,1029.6,1025.7,5,4,12.8,18.2,No,No,No,2012-06-02,True,1.0,0,0,2012,2,6,Jun,2012-06,Summer,15.2,7.2,0,0,Light,Light (<30 km/h),North
1510,2012-06-02,12.8,16.8,0.2,0.6,0.0,SSW,24,WNW,ESE,13,6,91,94,1022.3,1018.7,5,4,14.9,15.8,No,Yes,Yes,2012-06-03,True,1.0,0,0,2012,2,6,Jun,2012-06,Summer,14.8,4.0,0,0,Light,Light (<30 km/h),South
1511,2012-06-03,14.0,15.3,27.4,1.6,0.0,SSE,24,WNW,SSE,11,15,96,94,1014.6,1010.6,5,4,14.2,15.2,Yes,Yes,Yes,2012-06-04,True,1.0,0,0,2012,2,6,Jun,2012-06,Summer,14.65,1.3,0,1,Heavy,Light (<30 km/h),South
1512,2012-06-04,12.8,20.6,11.2,0.2,8.1,W,35,W,WNW,13,9,91,57,1004.2,1000.4,5,4,14.3,18.7,Yes,No,No,2012-06-05,True,1.0,0,0,2012,2,6,Jun,2012-06,Summer,16.7,7.8,0,1,Heavy,Moderate (30-45 km/h),West
1513,2012-06-05,9.0,16.1,0.0,4.2,4.0,SSE,76,WNW,W,15,33,53,64,1000.4,1000.7,5,4,12.0,12.4,No,Yes,Yes,2012-06-06,True,1.0,0,0,2012,2,6,Jun,2012-06,Summer,12.55,7.1,0,0,None,Gale (>60 km/h),South
1514,2012-06-06,10.4,16.0,19.2,2.6,5.0,S,72,SSW,SSE,28,28,70,79,1016.1,1017.9,5,4,14.0,13.7,Yes,Yes,Yes,2012-06-07,True,1.0,0,0,2012,2,6,Jun,2012-06,Summer,13.2,5.6,0,1,Heavy,Gale (>60 km/h),South
1515,2012-06-07,9.1,17.7,6.8,1.6,9.1,WSW,39,W,SSE,24,17,68,42,1023.2,1021.2,5,4,10.4,17.4,Yes,No,No,2012-06-08,True,1.0,0,0,2012,2,6,Jun,2012-06,Summer,13.4,8.6,0,1,Moderate,Moderate (30-45 km/h),West
1516,2012-06-08,6.4,18.0,0.0,2.6,9.6,W,31,W,ENE,20,6,71,46,1026.0,1023.8,5,4,8.6,16.6,No,No,No,2012-06-09,True,1.0,0,0,2012,2,6,Jun,2012-06,Summer,12.2,11.6,0,0,None,Moderate (30-45 km/h),West
1517,2012-06-09,6.6,18.3,0.0,2.0,9.5,W,31,W,NNW,24,4,78,44,1026.7,1024.0,5,4,8.3,17.6,No,Yes,Yes,2012-06-10,True,1.0,0,0,2012,2,6,Jun,2012-06,Summer,12.45,11.7,0,0,None,Moderate (30-45 km/h),West
1518,2012-06-10,8.3,14.2,2.4,0.2,0.2,SE,30,W,WSW,15,6,87,87,1026.2,1023.4,5,4,10.0,13.6,Yes,Yes,Yes,2012-06-11,True,1.0,0,0,2012,2,6,Jun,2012-06,Summer,11.25,5.9,0,1,Light,Moderate (30-45 km/h),East
1519,2012-06-11,9.9,16.1,76.4,4.2,0.0,SE,41,W,SW,20,15,96,96,1022.5,1020.4,5,4,11.8,13.0,Yes,Yes,Yes,2012-06-12,True,1.0,0,1,2012,2,6,Jun,2012-06,Summer,13.0,6.2,0,1,Extreme,Moderate (30-45 km/h),East
1520,2012-06-12,11.7,19.3,49.4,2.4,5.7,SE,50,SE,S,22,24,71,66,1020.5,1018.5,5,4,16.1,17.4,Yes,Yes,Yes,2012-06-13,True,1.0,0,0,2012,2,6,Jun,2012-06,Summer,15.5,7.6,0,1,Heavy,Strong (45-60 km/h),East
1521,2012-06-13,10.7,15.4,8.6,1.6,1.5,SW,30,WNW,W,13,11,95,91,1021.1,1019.2,5,4,12.1,14.8,Yes,Yes,Yes,2012-06-14,True,1.0,0,0,2012,2,6,Jun,2012-06,Summer,13.05,4.7,0,1,Moderate,Moderate (30-45 km/h),South
1522,2012-06-14,11.2,19.4,13.8,1.2,5.6,WNW,22,W,E,15,0,93,65,1019.4,1016.4,5,4,12.9,17.5,Yes,No,No,2012-06-15,True,1.0,0,0,2012,2,6,Jun,2012-06,Summer,15.3,8.2,0,1,Heavy,Light (<30 km/h),West
1523,2012-06-15,11.4,20.9,0.0,1.6,3.5,N,24,W,NNE,11,13,89,52,1016.7,1013.2,5,4,11.8,20.4,No,No,No,2012-06-16,True,1.0,0,0,2012,2,6,Jun,2012-06,Summer,16.15,9.5,0,0,None,Light (<30 km/h),North
1524,2012-06-16,11.7,13.9,0.4,1.8,0.0,W,26,W,NNE,13,9,88,91,1018.2,1014.2,5,4,12.0,13.8,No,Yes,Yes,2012-06-17,True,1.0,0,0,2012,2,6,Jun,2012-06,Summer,12.8,2.2,0,0,Light,Light (<30 km/h),West
1525,2012-06-17,10.1,18.5,8.4,0.8,9.7,W,50,W,W,15,30,68,38,1018.8,1016.6,5,4,12.1,18.3,Yes,No,No,2012-06-18,True,1.0,0,0,2012,2,6,Jun,2012-06,Summer,14.3,8.4,0,1,Moderate,Strong (45-60 km/h),West
1526,2012-06-18,9.8,19.8,0.0,3.4,9.6,WSW,30,WNW,W,19,17,66,36,1022.1,1019.7,5,4,11.6,19.0,No,No,No,2012-06-19,True,1.0,0,0,2012,2,6,Jun,2012-06,Summer,14.8,10.0,0,0,None,Moderate (30-45 km/h),West
1527,2012-06-19,8.6,19.2,0.0,2.2,9.7,WSW,54,W,WSW,13,28,65,37,1019.6,1017.7,5,4,11.4,19.0,No,No,No,2012-06-20,True,1.0,0,0,2012,2,6,Jun,2012-06,Summer,13.9,10.6,0,0,None,Strong (45-60 km/h),West
1528,2012-06-20,7.3,18.1,0.0,4.4,9.6,W,26,WNW,NE,13,4,74,45,1022.8,1017.9,5,4,9.1,17.2,No,No,No,2012-06-21,True,1.0,0,0,2012,2,6,Jun,2012-06,Summer,12.7,10.8,0,0,None,Light (<30 km/h),West
1529,2012-06-21,8.4,18.7,0.0,2.6,1.4,N,35,NW,NNE,2,17,70,47,1016.4,1010.7,5,4,10.7,18.4,No,No,No,2012-06-22,True,1.0,0,0,2012,2,6,Jun,2012-06,Summer,13.55,10.3,0,0,None,Moderate (30-45 km/h),North
1530,2012-06-22,10.7,17.2,0.0,5.0,1.2,NW,61,NNW,WNW,19,20,44,56,1006.6,1007.9,5,4,16.4,14.8,No,No,No,2012-06-23,True,1.0,0,0,2012,2,6,Jun,2012-06,Summer,13.95,6.5,0,0,None,Gale (>60 km/h),North
1531,2012-06-23,8.0,17.0,0.0,2.0,9.6,WSW,43,W,WSW,17,15,66,32,1022.2,1021.2,5,4,9.3,16.2,No,No,No,2012-06-24,True,1.0,0,0,2012,2,6,Jun,2012-06,Summer,12.5,9.0,0,0,None,Moderate (30-45 km/h),West
1532,2012-06-24,6.9,18.3,0.0,3.2,9.8,W,37,WNW,WSW,17,19,55,38,1028.1,1026.1,5,4,9.9,18.1,No,No,Yes,2012-06-26,False,1.0,0,0,2012,2,6,Jun,2012-06,Summer,12.6,11.4,0,0,None,Moderate (30-45 km/h),West
1533,2012-06-26,8.6,13.7,8.8,2.0,0.0,S,37,S,S,11,15,84,87,1030.7,1029.5,5,4,12.8,12.9,Yes,Yes,Yes,2012-06-27,True,2.0,1,0,2012,2,6,Jun,2012-06,Summer,11.15,5.1,0,1,Moderate,Moderate (30-45 km/h),South
1534,2012-06-27,9.7,17.6,9.4,2.0,5.7,SSE,28,SSW,SE,7,15,84,58,1031.7,1028.6,5,4,12.4,15.8,Yes,No,No,2012-06-28,True,1.0,0,0,2012,2,6,Jun,2012-06,Summer,13.65,7.9,0,1,Moderate,Light (<30 km/h),South
1535,2012-06-28,9.0,18.5,0.0,1.0,4.6,W,26,W,ESE,19,9,89,66,1026.1,1020.8,5,4,10.5,16.8,No,Yes,Yes,2012-06-29,True,1.0,0,0,2012,2,6,Jun,2012-06,Summer,13.75,9.5,0,0,None,Light (<30 km/h),West
1536,2012-06-29,10.4,19.0,1.6,2.4,6.7,NNE,24,W,ENE,13,13,91,70,1016.1,1010.9,5,4,12.3,17.9,Yes,No,No,2012-06-30,True,1.0,0,0,2012,2,6,Jun,2012-06,Summer,14.7,8.6,0,1,Light,Light (<30 km/h),North
1537,2012-06-30,10.1,20.0,0.0,2.0,7.3,NNW,30,W,NW,19,13,79,41,1013.6,1011.4,5,4,12.1,18.0,No,No,No,2012-07-01,True,1.0,0,0,2012,2,6,Jun,2012-06,Summer,15.05,9.9,0,0,None,Moderate (30-45 km/h),North
1538,2012-07-01,9.9,16.1,0.0,3.0,5.9,WSW,44,W,W,15,28,69,28,1016.2,1013.4,6,2,10.4,15.8,No,No,No,2012-07-02,True,1.0,0,0,2012,3,7,Jul,2012-07,Summer,13.0,6.2,0,0,None,Moderate (30-45 km/h),West
1539,2012-07-02,7.5,16.8,0.0,3.8,9.6,W,52,W,WSW,28,24,56,36,1016.0,1015.5,1,3,11.3,16.1,No,No,No,2012-07-03,True,1.0,0,0,2012,3,7,Jul,2012-07,Summer,12.15,9.3,0,0,None,Strong (45-60 km/h),West
1540,2012-07-03,7.7,16.8,0.0,2.8,9.5,W,41,W,S,20,19,61,40,1020.3,1018.1,1,5,9.6,15.8,No,No,No,2012-07-04,True,1.0,0,0,2012,3,7,Jul,2012-07,Summer,12.25,9.1,0,0,None,Moderate (30-45 km/h),West
1541,2012-07-04,7.2,16.2,0.0,3.6,6.4,W,41,W,SSW,28,26,55,43,1024.6,1025.1,3,7,9.6,15.9,No,Yes,Yes,2012-07-05,True,1.0,0,0,2012,3,7,Jul,2012-07,Summer,11.7,9.0,0,0,None,Moderate (30-45 km/h),West
1542,2012-07-05,8.7,14.9,4.0,2.6,4.5,SSW,44,W,SSW,17,24,75,72,1031.0,1030.1,5,7,10.7,13.6,Yes,Yes,Yes,2012-07-06,True,1.0,0,0,2012,3,7,Jul,2012-07,Summer,11.8,6.2,0,1,Moderate,Moderate (30-45 km/h),South
1543,2012-07-06,9.6,16.0,19.0,1.8,5.8,SSW,44,SW,S,17,22,89,52,1033.1,1031.4,4,2,11.0,15.3,Yes,Yes,Yes,2012-07-07,True,1.0,0,0,2012,3,7,Jul,2012-07,Summer,12.8,6.4,0,1,Heavy,Moderate (30-45 km/h),South
1544,2012-07-07,8.7,15.1,1.2,2.4,0.7,W,31,W,SW,24,11,86,71,1032.5,1030.5,7,7,9.9,13.9,Yes,No,No,2012-07-08,True,1.0,0,0,2012,3,7,Jul,2012-07,Summer,11.9,6.4,0,1,Light,Moderate (30-45 km/h),West
1545,2012-07-08,9.1,18.0,0.2,0.8,8.1,W,26,W,E,19,11,81,57,1031.2,1028.2,2,2,10.4,16.6,No,No,No,2012-07-09,True,1.0,0,0,2012,3,7,Jul,2012-07,Summer,13.55,8.9,0,0,Light,Light (<30 km/h),West
1546,2012-07-09,8.3,17.0,0.0,1.2,9.6,ENE,24,WNW,NE,15,13,90,67,1030.4,1026.6,3,5,9.3,16.7,No,No,No,2012-07-10,True,1.0,0,0,2012,3,7,Jul,2012-07,Summer,12.65,8.7,0,0,None,Light (<30 km/h),East
1547,2012-07-10,8.4,18.0,0.0,1.8,2.4,NE,44,W,NNE,9,22,92,67,1026.6,1021.1,7,7,10.2,17.6,No,Yes,Yes,2012-07-11,True,1.0,0,0,2012,3,7,Jul,2012-07,Summer,13.2,9.6,0,0,None,Moderate (30-45 km/h),North
1548,2012-07-11,10.2,20.6,5.4,3.4,8.6,W,31,WNW,NW,11,15,76,44,1020.1,1017.6,1,5,13.2,20.1,Yes,No,No,2012-07-12,True,1.0,0,0,2012,3,7,Jul,2012-07,Summer,15.4,10.4,0,1,Moderate,Moderate (30-45 km/h),West
1549,2012-07-12,11.6,17.3,0.0,3.0,0.2,NNW,31,W,NNE,9,9,80,79,1017.5,1012.7,7,8,13.0,17.1,No,No,No,2012-07-13,True,1.0,0,0,2012,3,7,Jul,2012-07,Summer,14.45,5.7,0,0,None,Moderate (30-45 km/h),North
1550,2012-07-13,12.9,22.9,0.2,0.4,6.3,N,39,NW,N,15,26,74,62,1011.6,1008.0,5,6,17.2,21.3,No,No,No,2012-07-14,True,1.0,0,0,2012,3,7,Jul,2012-07,Summer,17.9,10.0,0,0,Light,Moderate (30-45 km/h),North
1551,2012-07-14,11.1,20.2,0.0,3.2,9.5,NW,39,W,WNW,13,19,73,31,1013.2,1009.7,2,1,13.4,19.1,No,No,No,2012-07-15,True,1.0,0,0,2012,3,7,Jul,2012-07,Summer,15.65,9.1,0,0,None,Moderate (30-45 km/h),North
1552,2012-07-15,9.0,18.2,0.0,5.0,10.0,WSW,46,WNW,WSW,9,17,52,33,1016.9,1016.9,1,1,12.2,17.8,No,No,No,2012-07-16,True,1.0,0,0,2012,3,7,Jul,2012-07,Summer,13.6,9.2,0,0,None,Strong (45-60 km/h),West
1553,2012-07-16,9.4,20.3,0.0,2.6,9.9,W,43,W,ENE,24,11,62,36,1027.5,1025.4,0,0,11.3,18.3,No,No,No,2012-07-17,True,1.0,0,0,2012,3,7,Jul,2012-07,Summer,14.85,10.9,0,0,None,Moderate (30-45 km/h),West
1554,2012-07-17,8.1,21.0,0.0,3.6,9.7,N,35,WNW,N,13,17,82,34,1026.5,1021.5,1,0,9.8,20.4,No,No,No,2012-07-18,True,1.0,0,0,2012,3,7,Jul,2012-07,Summer,14.55,12.9,0,0,None,Moderate (30-45 km/h),North
1555,2012-07-18,9.3,20.7,0.0,3.2,7.9,WSW,31,W,SW,20,13,70,33,1019.4,1015.8,4,2,10.5,20.2,No,No,No,2012-07-19,True,1.0,0,0,2012,3,7,Jul,2012-07,Summer,15.0,11.4,0,0,None,Moderate (30-45 km/h),West
1556,2012-07-19,8.7,15.4,0.0,3.6,5.4,S,50,W,SSW,26,31,63,50,1020.2,1020.3,4,5,10.8,14.6,No,No,No,2012-07-20,True,1.0,0,0,2012,3,7,Jul,2012-07,Summer,12.05,6.7,0,0,None,Strong (45-60 km/h),South
1557,2012-07-20,5.8,17.3,0.0,2.8,9.8,SSW,35,W,SSW,22,19,65,38,1025.9,1024.7,1,1,8.1,16.6,No,Yes,Yes,2012-07-21,True,1.0,0,0,2012,3,7,Jul,2012-07,Summer,11.55,11.5,0,0,None,Moderate (30-45 km/h),South
1558,2012-07-21,8.1,14.9,5.0,2.0,1.4,SSW,52,SSW,SSW,17,22,81,54,1029.3,1028.5,8,7,13.3,14.8,Yes,Yes,Yes,2012-07-22,True,1.0,0,0,2012,3,7,Jul,2012-07,Summer,11.5,6.8,0,1,Moderate,Strong (45-60 km/h),South
1559,2012-07-22,9.7,16.9,2.6,3.6,6.8,SE,48,W,S,20,20,92,62,1029.6,1027.6,6,6,10.6,16.2,Yes,Yes,Yes,2012-07-24,False,1.0,0,0,2012,3,7,Jul,2012-07,Summer,13.3,7.2,0,1,Moderate,Strong (45-60 km/h),East
1560,2012-07-24,10.4,14.0,6.8,2.4,0.6,W,26,W,SSW,17,11,95,85,1027.9,1025.6,7,7,11.2,13.6,Yes,Yes,Yes,2012-07-25,True,2.0,1,0,2012,3,7,Jul,2012-07,Summer,12.2,3.6,0,1,Moderate,Light (<30 km/h),West
1561,2012-07-25,8.7,19.6,4.4,0.2,6.5,N,30,W,ENE,17,20,93,50,1023.9,1019.3,8,2,10.0,18.0,Yes,No,No,2012-07-26,True,1.0,0,0,2012,3,7,Jul,2012-07,Summer,14.15,10.9,0,1,Moderate,Moderate (30-45 km/h),North
1562,2012-07-26,10.0,19.5,0.0,3.8,3.9,NNW,31,N,NE,13,7,57,48,1015.4,1011.3,6,7,14.7,17.8,No,No,No,2012-07-27,True,1.0,0,0,2012,3,7,Jul,2012-07,Summer,14.75,9.5,0,0,None,Moderate (30-45 km/h),North
1563,2012-07-27,8.7,17.4,0.4,2.4,10.0,W,41,W,W,15,20,74,32,1012.6,1009.8,0,3,11.3,17.0,No,No,No,2012-07-28,True,1.0,0,0,2012,3,7,Jul,2012-07,Summer,13.05,8.7,0,0,Light,Moderate (30-45 km/h),West
1564,2012-07-28,7.8,19.4,0.0,4.0,9.7,WSW,44,W,S,22,11,68,45,1016.2,1015.7,1,4,9.8,16.7,No,No,No,2012-07-29,True,1.0,0,0,2012,3,7,Jul,2012-07,Summer,13.6,11.6,0,0,None,Moderate (30-45 km/h),West
1565,2012-07-29,8.4,16.2,0.0,1.6,7.1,S,39,WNW,S,17,20,66,45,1022.5,1021.6,1,6,11.5,16.1,No,No,No,2012-07-30,True,1.0,0,0,2012,3,7,Jul,2012-07,Summer,12.3,7.8,0,0,None,Moderate (30-45 km/h),South
1566,2012-07-30,7.3,15.9,0.0,4.0,10.0,SSW,54,W,SSW,24,28,54,36,1024.2,1022.2,1,1,9.6,15.3,No,Yes,Yes,2012-07-31,True,1.0,0,0,2012,3,7,Jul,2012-07,Summer,11.6,8.6,0,0,None,Strong (45-60 km/h),South
1567,2012-07-31,7.5,16.1,4.4,3.0,6.3,SW,44,W,SSW,26,24,60,52,1025.8,1022.9,6,6,9.9,13.7,Yes,No,No,2012-08-01,True,1.0,0,0,2012,3,7,Jul,2012-07,Summer,11.8,8.6,0,1,Moderate,Moderate (30-45 km/h),South
1568,2012-08-01,7.0,16.2,0.0,2.4,8.3,SSW,43,W,S,22,22,62,38,1022.5,1019.5,2,2,9.5,15.7,No,No,No,2012-08-02,True,1.0,0,0,2012,3,8,Aug,2012-08,Summer,11.6,9.2,0,0,None,Moderate (30-45 km/h),South
1569,2012-08-02,6.5,17.4,0.0,4.2,9.6,W,44,W,SE,26,9,58,37,1022.3,1018.5,1,3,9.2,15.8,No,No,No,2012-08-03,True,1.0,0,0,2012,3,8,Aug,2012-08,Summer,11.95,10.9,0,0,None,Moderate (30-45 km/h),West
1570,2012-08-03,6.8,18.5,0.0,3.6,7.7,WNW,31,W,NW,9,11,58,32,1017.8,1014.4,7,1,9.7,18.1,No,No,No,2012-08-04,True,1.0,0,0,2012,3,8,Aug,2012-08,Summer,12.65,11.7,0,0,None,Moderate (30-45 km/h),West
1571,2012-08-04,7.2,20.8,0.0,2.4,10.2,W,35,W,NW,22,6,60,27,1017.9,1014.3,3,2,9.9,20.3,No,No,No,2012-08-05,True,1.0,0,0,2012,3,8,Aug,2012-08,Summer,14.0,13.6,0,0,None,Moderate (30-45 km/h),West
1572,2012-08-05,9.3,21.6,0.0,1.6,7.7,WSW,44,W,W,17,15,50,27,1016.1,1011.3,1,7,12.2,19.8,No,No,No,2012-08-06,True,1.0,0,0,2012,3,8,Aug,2012-08,Summer,15.45,12.3,0,0,None,Moderate (30-45 km/h),West
1573,2012-08-06,11.6,19.4,0.0,7.2,10.2,SSW,46,N,SW,2,17,45,22,1014.8,1014.9,1,1,14.3,18.4,No,No,No,2012-08-07,True,1.0,0,0,2012,3,8,Aug,2012-08,Summer,15.5,7.8,0,0,None,Strong (45-60 km/h),South
1574,2012-08-07,6.8,18.6,0.0,3.2,10.2,W,33,W,WNW,22,6,54,25,1024.4,1021.3,1,0,9.8,18.2,No,No,No,2012-08-08,True,1.0,0,0,2012,3,8,Aug,2012-08,Summer,12.7,11.8,0,0,None,Moderate (30-45 km/h),West
1575,2012-08-08,5.6,22.5,0.0,3.6,10.6,W,30,W,W,17,9,55,26,1022.0,1015.2,1,1,9.5,21.4,No,No,No,2012-08-09,True,1.0,0,0,2012,3,8,Aug,2012-08,Summer,14.05,16.9,0,0,None,Moderate (30-45 km/h),West
1576,2012-08-09,9.5,19.8,0.0,3.4,6.6,W,63,WNW,WSW,9,31,51,18,1014.7,1009.9,7,2,13.5,18.9,No,No,No,2012-08-10,True,1.0,0,0,2012,3,8,Aug,2012-08,Summer,14.65,10.3,0,0,None,Gale (>60 km/h),West
1577,2012-08-10,7.6,14.9,0.0,5.0,3.8,S,93,W,SSW,31,26,42,76,1015.4,1016.6,3,7,10.4,12.2,No,Yes,No,2012-08-15,False,1.0,0,1,2012,3,8,Aug,2012-08,Summer,11.25,7.3,0,0,None,Gale (>60 km/h),South
1578,2012-08-15,10.2,22.2,0.0,4.6,6.0,WNW,30,WNW,N,19,11,48,35,1016.8,1011.5,2,7,14.6,20.1,No,No,No,2012-08-16,True,5.0,1,0,2012,3,8,Aug,2012-08,Summer,16.2,12.0,0,0,None,Moderate (30-45 km/h),West
1579,2012-08-16,11.7,20.6,0.0,2.0,9.2,W,35,W,E,26,19,47,43,1014.7,1010.7,1,2,13.5,17.4,No,No,No,2012-08-17,True,1.0,0,0,2012,3,8,Aug,2012-08,Summer,16.15,8.9,0,0,None,Moderate (30-45 km/h),West
1580,2012-08-17,11.1,22.2,0.0,5.8,8.3,W,76,N,WNW,19,37,36,35,1007.7,1004.3,1,6,15.9,14.5,No,No,No,2012-08-18,True,1.0,0,0,2012,3,8,Aug,2012-08,Summer,16.65,11.1,0,0,None,Gale (>60 km/h),West
1581,2012-08-18,9.6,18.1,0.0,6.6,10.4,W,61,NW,W,30,33,45,33,1007.0,1007.4,2,4,12.7,17.9,No,No,No,2012-08-19,True,1.0,0,0,2012,3,8,Aug,2012-08,Summer,13.85,8.5,0,0,None,Gale (>60 km/h),West
1582,2012-08-19,9.7,20.1,0.0,6.0,10.0,WSW,37,W,E,20,17,54,43,1020.3,1019.1,1,2,13.4,16.9,No,No,No,2012-08-20,True,1.0,0,0,2012,3,8,Aug,2012-08,Summer,14.9,10.4,0,0,None,Moderate (30-45 km/h),West
1583,2012-08-20,7.5,17.8,0.0,3.2,10.7,W,24,W,E,19,17,62,47,1024.3,1019.1,3,1,10.1,16.0,No,No,No,2012-08-21,True,1.0,0,0,2012,3,8,Aug,2012-08,Summer,12.65,10.3,0,0,None,Light (<30 km/h),West
1584,2012-08-21,8.7,22.2,0.0,2.6,9.2,NNE,31,WNW,ENE,13,19,70,36,1020.6,1016.0,5,1,11.0,19.0,No,No,No,2012-08-22,True,1.0,0,0,2012,3,8,Aug,2012-08,Summer,15.45,13.5,0,0,None,Moderate (30-45 km/h),North
1585,2012-08-22,10.6,24.7,0.0,3.8,9.1,W,41,WNW,ENE,9,19,59,54,1015.5,1010.4,6,6,16.1,20.8,No,No,No,2012-08-23,True,1.0,0,0,2012,3,8,Aug,2012-08,Summer,17.65,14.1,0,0,None,Moderate (30-45 km/h),West
1586,2012-08-23,16.1,29.2,0.0,6.4,6.9,NW,91,WNW,NW,17,41,45,25,1009.5,1005.9,7,7,22.2,26.3,No,Yes,Yes,2012-08-24,True,1.0,0,1,2012,3,8,Aug,2012-08,Summer,22.65,13.1,0,0,None,Gale (>60 km/h),North
1587,2012-08-24,12.4,19.3,10.2,7.8,11.0,W,67,WNW,WNW,31,33,36,23,1014.2,1011.8,1,1,13.6,18.9,Yes,No,No,2012-08-25,True,1.0,0,0,2012,3,8,Aug,2012-08,Summer,15.85,6.9,0,1,Heavy,Gale (>60 km/h),West
1588,2012-08-25,10.7,20.7,0.0,6.4,10.7,W,41,WNW,WNW,15,6,42,26,1018.0,1015.5,1,1,13.8,20.0,No,No,No,2012-08-26,True,1.0,0,0,2012,3,8,Aug,2012-08,Summer,15.7,10.0,0,0,None,Moderate (30-45 km/h),West
1589,2012-08-26,8.3,20.9,0.0,4.4,10.0,W,33,W,E,19,15,48,41,1018.7,1016.9,3,3,11.7,17.2,No,No,No,2012-08-30,False,1.0,0,0,2012,3,8,Aug,2012-08,Summer,14.6,12.6,0,0,None,Moderate (30-45 km/h),West
1590,2012-08-30,12.0,22.1,0.0,5.0,9.5,NW,54,W,WNW,9,30,47,18,1010.5,1008.9,5,6,17.2,21.2,No,No,No,2012-08-31,True,4.0,1,0,2012,3,8,Aug,2012-08,Summer,17.05,10.1,0,0,None,Strong (45-60 km/h),North
1591,2012-08-31,9.7,18.4,0.0,6.2,7.6,SSW,59,W,W,26,24,39,24,1016.6,1013.7,1,6,12.8,16.6,No,No,No,2012-09-01,True,1.0,0,0,2012,3,8,Aug,2012-08,Summer,14.05,8.7,0,0,None,Strong (45-60 km/h),South
1592,2012-09-01,5.5,17.6,0.4,5.0,9.6,S,61,W,S,24,31,45,38,1021.9,1020.2,1,6,10.5,16.2,No,No,No,2012-09-02,True,1.0,0,0,2012,3,9,Sep,2012-09,Autumn,11.55,12.1,0,0,Light,Gale (>60 km/h),South
1593,2012-09-02,7.2,20.7,0.8,3.8,11.2,W,31,W,ENE,20,19,61,45,1024.3,1019.9,1,1,12.1,17.0,No,No,No,2012-09-03,True,1.0,0,0,2012,3,9,Sep,2012-09,Autumn,13.95,13.5,0,0,Light,Moderate (30-45 km/h),West
1594,2012-09-03,7.5,22.8,0.0,3.4,10.8,WNW,28,W,E,17,15,52,37,1022.2,1019.8,0,1,13.3,19.6,No,No,No,2012-09-04,True,1.0,0,0,2012,3,9,Sep,2012-09,Autumn,15.15,15.3,0,0,None,Light (<30 km/h),West
1595,2012-09-04,9.7,24.4,0.2,4.0,9.9,W,28,W,E,19,17,55,33,1022.9,1019.6,5,1,13.6,21.4,No,No,No,2012-09-05,True,1.0,0,0,2012,3,9,Sep,2012-09,Autumn,17.05,14.7,0,0,Light,Light (<30 km/h),West
1596,2012-09-05,11.1,28.3,0.0,5.2,10.6,NNW,57,NNW,NNW,15,31,28,13,1016.0,1007.3,1,0,20.8,27.5,No,No,No,2012-09-06,True,1.0,0,0,2012,3,9,Sep,2012-09,Autumn,19.7,17.2,0,0,None,Strong (45-60 km/h),North
1597,2012-09-06,18.4,27.9,0.0,13.4,10.7,NW,54,WNW,WNW,28,22,28,10,1007.7,1005.3,0,0,21.5,27.6,No,No,No,2012-09-07,True,1.0,0,0,2012,3,9,Sep,2012-09,Autumn,23.15,9.5,0,0,None,Strong (45-60 km/h),North
1598,2012-09-07,16.4,21.7,0.0,10.8,8.7,W,72,WNW,WNW,20,39,22,22,1005.8,1006.2,0,5,21.3,18.4,No,No,No,2012-09-08,True,1.0,0,0,2012,3,9,Sep,2012-09,Autumn,19.05,5.3,0,0,None,Gale (>60 km/h),West
1599,2012-09-08,11.3,21.0,0.0,6.6,10.8,W,59,W,WSW,30,28,39,31,1014.5,1012.8,1,1,15.0,20.4,No,No,No,2012-09-11,False,1.0,0,0,2012,3,9,Sep,2012-09,Autumn,16.15,9.7,0,0,None,Strong (45-60 km/h),West
1600,2012-09-11,12.6,21.8,0.0,5.4,8.7,S,39,WNW,SSE,17,17,66,51,1025.0,1022.4,7,1,16.4,21.0,No,No,No,2012-09-12,True,3.0,1,0,2012,3,9,Sep,2012-09,Autumn,17.2,9.2,0,0,None,Moderate (30-45 km/h),South
1601,2012-09-12,11.0,21.3,0.0,3.8,10.2,NE,43,W,NE,11,20,66,67,1023.1,1015.7,6,1,15.8,19.6,No,No,No,2012-09-13,True,1.0,0,0,2012,3,9,Sep,2012-09,Autumn,16.15,10.3,0,0,None,Moderate (30-45 km/h),North
1602,2012-09-13,14.0,24.7,0.0,5.6,2.7,SSW,63,N,S,20,33,39,83,1006.2,1007.3,4,8,21.0,15.0,No,Yes,Yes,2012-09-14,True,1.0,0,0,2012,3,9,Sep,2012-09,Autumn,19.35,10.7,0,0,None,Gale (>60 km/h),South
1603,2012-09-14,7.9,18.5,3.8,3.0,11.3,WSW,37,W,ESE,20,17,50,36,1019.6,1017.1,1,1,13.5,16.9,Yes,No,No,2012-09-15,True,1.0,0,0,2012,3,9,Sep,2012-09,Autumn,13.2,10.6,0,1,Moderate,Moderate (30-45 km/h),West
1604,2012-09-15,9.2,20.1,0.0,5.2,10.7,SSE,37,W,SE,19,19,54,44,1024.9,1023.5,1,1,15.6,19.8,No,No,No,2012-09-16,True,1.0,0,0,2012,3,9,Sep,2012-09,Autumn,14.65,10.9,0,0,None,Moderate (30-45 km/h),South
1605,2012-09-16,10.5,21.0,0.0,3.2,10.3,NNE,41,N,NE,19,24,57,54,1021.9,1016.3,3,3,17.5,18.5,No,No,No,2012-09-17,True,1.0,0,0,2012,3,9,Sep,2012-09,Autumn,15.75,10.5,0,0,None,Moderate (30-45 km/h),North
1606,2012-09-17,14.2,20.9,0.0,5.4,6.0,SSE,39,S,SSE,19,26,71,61,1019.4,1016.9,7,6,16.4,19.4,No,No,No,2012-09-18,True,1.0,0,0,2012,3,9,Sep,2012-09,Autumn,17.55,6.7,0,0,None,Moderate (30-45 km/h),South
1607,2012-09-18,12.4,20.6,0.0,3.6,7.7,E,37,W,E,9,20,63,66,1018.4,1013.8,1,5,17.9,18.2,No,Yes,Yes,2012-09-19,True,1.0,0,0,2012,3,9,Sep,2012-09,Autumn,16.5,8.2,0,0,None,Moderate (30-45 km/h),East
1608,2012-09-19,11.1,22.9,3.6,3.8,11.1,W,35,WNW,ESE,11,17,57,45,1016.0,1014.4,1,3,17.2,20.1,Yes,No,No,2012-09-20,True,1.0,0,0,2012,3,9,Sep,2012-09,Autumn,17.0,11.8,0,1,Moderate,Moderate (30-45 km/h),West
1609,2012-09-20,12.1,20.5,0.2,6.0,9.4,ENE,30,W,E,13,22,73,60,1019.3,1014.7,6,2,15.6,19.7,No,No,No,2012-09-21,True,1.0,0,0,2012,3,9,Sep,2012-09,Autumn,16.3,8.4,0,0,Light,Moderate (30-45 km/h),East
1610,2012-09-21,13.8,22.2,0.0,4.4,4.6,WSW,37,NNE,ENE,4,13,83,46,1012.7,1009.8,7,1,15.5,21.9,No,No,No,2012-09-22,True,1.0,0,0,2012,3,9,Sep,2012-09,Autumn,18.0,8.4,0,0,None,Moderate (30-45 km/h),West
1611,2012-09-22,12.4,22.7,0.8,4.8,10.9,ESE,33,WNW,SE,11,17,49,50,1016.2,1013.1,1,1,19.0,20.9,No,No,No,2012-09-23,True,1.0,0,0,2012,3,9,Sep,2012-09,Autumn,17.55,10.3,0,0,Light,Moderate (30-45 km/h),East
1612,2012-09-23,11.2,23.8,0.0,4.4,11.1,SSW,39,SSW,NNE,2,17,64,46,1011.5,1005.4,0,1,17.8,23.5,No,No,No,2012-09-24,True,1.0,0,0,2012,3,9,Sep,2012-09,Autumn,17.5,12.6,0,0,None,Moderate (30-45 km/h),South
1613,2012-09-24,13.5,24.4,0.0,8.2,11.2,W,48,WSW,E,26,17,31,29,1012.6,1010.6,1,1,17.3,21.7,No,No,No,2012-09-25,True,1.0,0,0,2012,3,9,Sep,2012-09,Autumn,18.95,10.9,0,0,None,Strong (45-60 km/h),West
1614,2012-09-25,12.0,19.1,0.2,3.2,3.8,ESE,33,W,ESE,13,26,51,63,1022.1,1020.0,2,6,15.0,16.8,No,No,No,2012-09-26,True,1.0,0,0,2012,3,9,Sep,2012-09,Autumn,15.55,7.1,0,0,Light,Moderate (30-45 km/h),East
1615,2012-09-26,14.6,20.7,0.4,4.2,8.3,ENE,44,S,ENE,4,33,67,59,1022.5,1019.0,6,1,17.8,19.6,No,No,No,2012-09-27,True,1.0,0,0,2012,3,9,Sep,2012-09,Autumn,17.65,6.1,0,0,Light,Moderate (30-45 km/h),East
1616,2012-09-27,14.1,22.8,0.2,6.8,6.7,NNE,46,NNE,NE,6,19,58,59,1018.7,1013.5,6,5,19.4,21.0,No,No,No,2012-09-28,True,1.0,0,0,2012,3,9,Sep,2012-09,Autumn,18.45,8.7,0,0,Light,Strong (45-60 km/h),North
1617,2012-09-28,18.9,33.2,0.0,6.4,6.0,NNW,65,ENE,NW,22,22,63,29,1009.7,1003.5,5,7,21.7,31.2,No,Yes,No,2012-09-30,False,1.0,0,0,2012,3,9,Sep,2012-09,Autumn,26.05,14.3,0,0,None,Gale (>60 km/h),North
1618,2012-09-30,9.9,22.4,0.0,8.4,11.5,W,48,WSW,ESE,31,26,29,30,1019.2,1018.0,0,1,15.4,20.3,No,No,No,2012-10-01,True,2.0,1,0,2012,3,9,Sep,2012-09,Autumn,16.15,12.5,0,0,None,Strong (45-60 km/h),West
1619,2012-10-01,9.8,19.9,0.0,6.8,9.8,SSE,30,WNW,E,11,20,51,53,1027.9,1025.5,1,1,16.4,18.0,No,No,No,2012-10-02,True,1.0,0,0,2012,4,10,Oct,2012-10,Autumn,14.85,10.1,0,0,None,Moderate (30-45 km/h),South
1620,2012-10-02,12.7,20.3,0.6,5.0,10.6,W,26,S,E,11,17,58,45,1032.7,1029.2,4,1,17.5,18.5,No,No,No,2012-10-03,True,1.0,0,0,2012,4,10,Oct,2012-10,Autumn,16.5,7.6,0,0,Light,Light (<30 km/h),West
1621,2012-10-03,11.2,27.8,0.2,5.8,11.3,NNE,31,W,E,13,7,53,40,1026.3,1020.5,1,7,18.7,24.0,No,No,No,2012-10-04,True,1.0,0,0,2012,4,10,Oct,2012-10,Autumn,19.5,16.6,0,0,Light,Moderate (30-45 km/h),North
1622,2012-10-04,14.5,32.2,0.0,7.2,11.4,WNW,37,W,WNW,9,11,39,16,1018.8,1013.1,0,0,23.9,31.9,No,No,No,2012-10-05,True,1.0,0,0,2012,4,10,Oct,2012-10,Autumn,23.35,17.7,0,0,None,Moderate (30-45 km/h),West
1623,2012-10-05,20.0,34.2,0.0,10.8,10.3,W,57,W,SSE,22,28,22,59,1014.0,1013.0,0,5,27.9,22.8,No,No,No,2012-10-06,True,1.0,0,0,2012,4,10,Oct,2012-10,Autumn,27.1,14.2,0,0,None,Strong (45-60 km/h),West
1624,2012-10-06,15.6,18.3,0.0,7.6,0.0,NE,48,ESE,NE,9,11,90,81,1019.2,1014.6,8,7,16.0,17.2,No,Yes,Yes,2012-10-07,True,1.0,0,0,2012,4,10,Oct,2012-10,Autumn,16.95,2.7,0,0,None,Strong (45-60 km/h),North
1625,2012-10-07,12.7,20.6,3.0,3.2,11.2,SSW,57,SW,SSE,17,28,39,32,1013.8,1013.7,1,1,16.1,19.3,Yes,No,No,2012-10-08,True,1.0,0,0,2012,4,10,Oct,2012-10,Autumn,16.65,7.9,0,1,Moderate,Strong (45-60 km/h),South
1626,2012-10-08,13.6,18.2,0.2,7.8,5.9,SSE,35,NNW,ESE,7,19,60,46,1017.1,1013.4,6,6,15.3,17.5,No,No,No,2012-10-09,True,1.0,0,0,2012,4,10,Oct,2012-10,Autumn,15.9,4.6,0,0,Light,Moderate (30-45 km/h),South
1627,2012-10-09,12.1,19.6,0.0,3.8,9.0,S,33,SSE,ESE,7,19,67,52,1012.8,1011.1,7,6,13.8,17.1,No,No,Yes,2012-10-11,False,1.0,0,0,2012,4,10,Oct,2012-10,Autumn,15.85,7.5,0,0,None,Moderate (30-45 km/h),South
1628,2012-10-11,13.5,19.0,9.8,6.8,3.6,WSW,50,SE,E,4,9,83,58,1005.4,1004.1,8,7,14.6,18.2,Yes,Yes,Yes,2012-10-12,True,2.0,1,0,2012,4,10,Oct,2012-10,Autumn,16.25,5.5,0,1,Moderate,Strong (45-60 km/h),West
1629,2012-10-12,8.5,16.0,3.4,2.0,4.3,SSW,74,W,SSW,35,22,84,87,1006.3,1010.7,5,7,8.7,12.2,Yes,Yes,Yes,2012-10-13,True,1.0,0,0,2012,4,10,Oct,2012-10,Autumn,12.25,7.5,0,1,Moderate,Gale (>60 km/h),South
1630,2012-10-13,8.6,20.1,4.4,4.0,11.0,SE,35,W,SE,26,20,47,39,1019.8,1019.3,1,1,14.3,18.9,Yes,No,No,2012-10-14,True,1.0,0,0,2012,4,10,Oct,2012-10,Autumn,14.35,11.5,0,1,Moderate,Moderate (30-45 km/h),East
1631,2012-10-14,12.4,19.5,0.2,4.8,8.8,ESE,28,WNW,ESE,13,20,77,52,1025.6,1024.0,7,1,14.0,18.5,No,No,No,2012-10-15,True,1.0,0,0,2012,4,10,Oct,2012-10,Autumn,15.95,7.1,0,0,Light,Light (<30 km/h),East
1632,2012-10-15,11.4,23.9,0.0,6.4,11.6,NNE,46,W,NE,9,19,65,41,1024.9,1020.9,0,2,16.3,23.2,No,No,No,2012-10-16,True,1.0,0,0,2012,4,10,Oct,2012-10,Autumn,17.65,12.5,0,0,None,Strong (45-60 km/h),North
1633,2012-10-16,15.4,34.1,0.0,7.2,9.6,NNE,43,ESE,E,6,22,43,23,1018.4,1013.9,7,2,20.9,30.7,No,No,No,2012-10-17,True,1.0,0,0,2012,4,10,Oct,2012-10,Autumn,24.75,18.7,0,0,None,Moderate (30-45 km/h),North
1634,2012-10-17,20.3,21.8,0.0,11.4,11.7,SSW,39,SE,ESE,22,24,62,46,1016.4,1016.4,5,6,21.7,20.8,No,No,No,2012-10-18,True,1.0,0,0,2012,4,10,Oct,2012-10,Autumn,21.05,1.5,0,0,None,Moderate (30-45 km/h),South
1635,2012-10-18,16.6,21.5,0.0,7.4,8.2,ENE,41,ENE,NE,15,22,58,56,1022.7,1019.6,7,1,19.4,20.4,No,No,No,2012-10-19,True,1.0,0,0,2012,4,10,Oct,2012-10,Autumn,19.05,4.9,0,0,None,Moderate (30-45 km/h),East
1636,2012-10-19,15.9,25.6,0.0,6.6,9.8,NE,31,WNW,E,11,19,78,56,1016.4,1011.6,7,4,17.7,24.1,No,No,No,2012-10-20,True,1.0,0,0,2012,4,10,Oct,2012-10,Autumn,20.75,9.7,0,0,None,Moderate (30-45 km/h),North
1637,2012-10-20,16.6,33.8,0.0,6.8,11.8,SSE,56,WNW,S,22,33,44,57,1007.8,1008.5,1,2,22.8,24.6,No,No,No,2012-10-21,True,1.0,0,0,2012,4,10,Oct,2012-10,Autumn,25.2,17.2,0,0,None,Strong (45-60 km/h),South
1638,2012-10-21,14.9,27.4,0.0,5.0,5.0,S,46,W,WNW,13,20,66,23,1013.7,1009.5,4,7,19.9,26.9,No,No,No,2012-10-22,True,1.0,0,0,2012,4,10,Oct,2012-10,Autumn,21.15,12.5,0,0,None,Strong (45-60 km/h),South
1639,2012-10-22,15.1,18.7,0.0,6.0,6.6,SSE,80,SSE,S,30,39,68,40,1016.2,1019.7,7,2,15.6,18.0,No,Yes,Yes,2012-10-23,True,1.0,0,1,2012,4,10,Oct,2012-10,Autumn,16.9,3.6,0,0,None,Gale (>60 km/h),South
1640,2012-10-23,11.8,19.5,7.4,2.0,10.1,SSE,41,SE,ESE,19,20,56,41,1027.4,1026.5,6,3,15.7,18.3,Yes,No,No,2012-10-24,True,1.0,0,0,2012,4,10,Oct,2012-10,Autumn,15.65,7.7,0,1,Moderate,Moderate (30-45 km/h),South
1641,2012-10-24,11.7,23.0,0.2,6.0,11.6,NE,46,W,NE,11,24,57,48,1024.3,1017.7,1,2,17.3,21.0,No,No,No,2012-10-25,True,1.0,0,0,2012,4,10,Oct,2012-10,Autumn,17.35,11.3,0,0,Light,Strong (45-60 km/h),North
1642,2012-10-25,13.8,25.6,0.0,8.2,10.5,NE,30,W,E,9,19,63,46,1013.0,1006.6,3,6,18.2,24.8,No,No,No,2012-10-26,True,1.0,0,0,2012,4,10,Oct,2012-10,Autumn,19.7,11.8,0,0,None,Moderate (30-45 km/h),North
1643,2012-10-26,16.9,21.2,0.0,9.0,3.3,S,56,ESE,E,6,19,68,66,1010.6,1007.3,8,7,18.4,20.0,No,No,No,2012-10-27,True,1.0,0,0,2012,4,10,Oct,2012-10,Autumn,19.05,4.3,0,0,None,Strong (45-60 km/h),South
1644,2012-10-27,13.1,21.3,0.0,5.4,12.2,SSE,41,SSW,SE,7,24,39,40,1015.7,1016.4,1,1,18.0,19.1,No,No,No,2012-10-28,True,1.0,0,0,2012,4,10,Oct,2012-10,Autumn,17.2,8.2,0,0,None,Moderate (30-45 km/h),South
1645,2012-10-28,15.3,19.8,0.0,9.2,5.3,SSE,30,ESE,E,13,15,51,47,1025.5,1024.3,7,8,17.0,19.1,No,No,No,2012-10-29,True,1.0,0,0,2012,4,10,Oct,2012-10,Autumn,17.55,4.5,0,0,None,Moderate (30-45 km/h),South
1646,2012-10-29,12.1,21.7,0.0,3.6,9.4,ENE,44,WNW,E,9,30,59,55,1025.1,1021.2,6,2,17.2,20.8,No,No,No,2012-10-30,True,1.0,0,0,2012,4,10,Oct,2012-10,Autumn,16.9,9.6,0,0,None,Moderate (30-45 km/h),East
1647,2012-10-30,14.1,23.1,0.0,7.2,9.8,NE,43,WSW,ENE,2,24,65,48,1019.8,1015.7,5,6,18.6,22.4,No,No,No,2012-10-31,True,1.0,0,0,2012,4,10,Oct,2012-10,Autumn,18.6,9.0,0,0,None,Moderate (30-45 km/h),North
1648,2012-10-31,15.7,27.8,0.0,7.0,12.0,ENE,33,WNW,ESE,11,20,64,52,1016.1,1013.0,0,3,21.6,24.4,No,No,No,2012-11-01,True,1.0,0,0,2012,4,10,Oct,2012-10,Autumn,21.75,12.1,0,0,None,Moderate (30-45 km/h),East
1649,2012-11-01,16.8,33.3,0.0,8.0,5.2,W,52,WNW,E,9,20,55,57,1008.3,1002.0,7,7,22.6,24.7,No,No,No,2012-11-02,True,1.0,0,0,2012,4,11,Nov,2012-11,Autumn,25.05,16.5,0,0,None,Strong (45-60 km/h),West
1650,2012-11-02,16.1,21.9,0.0,10.8,12.2,SSE,54,S,SSE,28,26,44,38,1015.2,1015.5,2,1,18.1,20.3,No,Yes,Yes,2012-11-03,True,1.0,0,0,2012,4,11,Nov,2012-11,Autumn,19.0,5.8,0,0,None,Strong (45-60 km/h),South
1651,2012-11-03,13.7,18.5,1.6,5.6,0.0,SE,31,WSW,ESE,6,17,82,58,1020.9,1020.1,7,8,15.5,17.8,Yes,Yes,Yes,2012-11-04,True,1.0,0,0,2012,4,11,Nov,2012-11,Autumn,16.1,4.8,0,1,Light,Moderate (30-45 km/h),East
1652,2012-11-04,14.8,22.9,1.4,2.6,9.3,NE,41,WNW,ENE,6,26,80,63,1020.5,1017.5,4,4,18.3,21.9,Yes,No,No,2012-11-05,True,1.0,0,0,2012,4,11,Nov,2012-11,Autumn,18.85,8.1,0,1,Light,Moderate (30-45 km/h),North
1653,2012-11-05,17.0,25.1,0.2,5.2,10.0,NNE,52,ESE,NE,9,20,70,61,1018.7,1014.9,1,4,21.5,24.3,No,No,No,2012-11-06,True,1.0,0,0,2012,4,11,Nov,2012-11,Autumn,21.05,8.1,0,0,Light,Strong (45-60 km/h),North
1654,2012-11-06,19.6,25.4,0.0,9.0,8.9,NE,57,E,NE,15,30,65,61,1015.8,1012.7,6,4,24.0,23.9,No,No,No,2012-11-07,True,1.0,0,0,2012,4,11,Nov,2012-11,Autumn,22.5,5.8,0,0,None,Strong (45-60 km/h),North
1655,2012-11-07,19.8,24.2,0.0,8.6,0.0,NE,35,NE,ENE,2,19,78,68,1013.8,1010.3,8,8,21.7,22.4,No,No,No,2012-11-08,True,1.0,0,0,2012,4,11,Nov,2012-11,Autumn,22.0,4.4,0,0,None,Moderate (30-45 km/h),North
1656,2012-11-08,19.9,27.3,0.0,3.8,8.4,ESE,35,ENE,E,4,20,58,64,1011.9,1011.7,6,7,24.1,23.4,No,Yes,Yes,2012-11-09,True,1.0,0,0,2012,4,11,Nov,2012-11,Autumn,23.6,7.4,0,0,None,Moderate (30-45 km/h),East
1657,2012-11-09,18.5,27.1,9.2,4.2,9.8,S,50,W,ENE,9,17,77,86,1014.0,1012.6,5,5,22.2,20.9,Yes,Yes,Yes,2012-11-10,True,1.0,0,0,2012,4,11,Nov,2012-11,Autumn,22.8,8.6,0,1,Moderate,Strong (45-60 km/h),South
1658,2012-11-10,16.6,20.9,11.4,7.4,7.0,SSE,50,SSE,SSE,28,26,56,54,1022.7,1023.1,6,6,19.6,18.5,Yes,No,No,2012-11-11,True,1.0,0,0,2012,4,11,Nov,2012-11,Autumn,18.75,4.3,0,1,Heavy,Strong (45-60 km/h),South
1659,2012-11-11,13.1,21.4,0.2,9.6,12.7,ESE,31,ESE,ESE,13,19,42,45,1028.6,1026.6,1,2,19.4,20.8,No,No,No,2012-11-12,True,1.0,0,0,2012,4,11,Nov,2012-11,Autumn,17.25,8.3,0,0,Light,Moderate (30-45 km/h),East
1660,2012-11-12,13.0,23.7,0.0,6.0,11.3,NE,54,W,NE,13,31,55,51,1025.0,1019.7,4,7,19.4,22.0,No,No,No,2012-11-13,True,1.0,0,0,2012,4,11,Nov,2012-11,Autumn,18.35,10.7,0,0,None,Strong (45-60 km/h),North
1661,2012-11-13,16.9,23.9,0.0,9.8,9.9,S,57,S,SSE,19,28,60,51,1020.3,1019.0,1,3,19.6,21.0,No,No,No,2012-11-14,True,1.0,0,0,2012,4,11,Nov,2012-11,Autumn,20.4,7.0,0,0,None,Strong (45-60 km/h),South
1662,2012-11-14,15.9,20.7,0.0,8.0,0.3,E,31,E,E,15,20,80,71,1019.5,1017.4,8,8,16.9,18.4,No,No,No,2012-11-15,True,1.0,0,0,2012,4,11,Nov,2012-11,Autumn,18.3,4.8,0,0,None,Moderate (30-45 km/h),East
1663,2012-11-15,16.2,24.7,0.2,4.2,7.2,ENE,35,NE,ENE,19,17,72,62,1014.7,1010.7,8,7,20.5,23.6,No,No,No,2012-11-16,True,1.0,0,0,2012,4,11,Nov,2012-11,Autumn,20.45,8.5,0,0,Light,Moderate (30-45 km/h),East
1664,2012-11-16,17.2,18.0,0.4,5.0,0.0,SSW,41,SSW,SSE,11,9,86,81,1012.7,1011.0,8,8,17.2,17.5,No,Yes,Yes,2012-11-17,True,1.0,0,0,2012,4,11,Nov,2012-11,Autumn,17.6,0.8,0,0,Light,Moderate (30-45 km/h),South
1665,2012-11-17,15.1,21.3,10.4,2.4,7.0,SE,33,ESE,E,13,15,57,50,1016.7,1015.1,8,4,17.4,19.8,Yes,No,No,2012-11-18,True,1.0,0,0,2012,4,11,Nov,2012-11,Autumn,18.2,6.2,0,1,Heavy,Moderate (30-45 km/h),East
1666,2012-11-18,15.3,23.1,0.0,6.0,12.2,S,70,W,NE,6,35,65,57,1012.9,1007.7,5,3,19.2,22.2,No,No,No,2012-11-19,True,1.0,0,0,2012,4,11,Nov,2012-11,Autumn,19.2,7.8,0,0,None,Gale (>60 km/h),South
1667,2012-11-19,12.8,21.1,0.0,8.4,6.9,S,50,W,SSW,17,26,44,45,1014.2,1015.6,2,3,18.1,19.9,No,Yes,Yes,2012-11-20,True,1.0,0,0,2012,4,11,Nov,2012-11,Autumn,16.95,8.3,0,0,None,Strong (45-60 km/h),South
1668,2012-11-20,15.8,23.2,1.6,7.0,7.6,SSE,44,SSE,SE,28,22,61,50,1022.2,1021.6,7,3,18.9,21.8,Yes,No,No,2012-11-21,True,1.0,0,0,2012,4,11,Nov,2012-11,Autumn,19.5,7.4,0,1,Light,Moderate (30-45 km/h),South
1669,2012-11-21,13.4,24.5,0.4,5.2,10.6,NNE,50,W,NE,9,24,60,59,1018.1,1012.2,7,6,19.8,22.3,No,No,No,2012-11-22,True,1.0,0,0,2012,4,11,Nov,2012-11,Autumn,18.95,11.1,0,0,Light,Strong (45-60 km/h),North
1670,2012-11-22,17.1,20.7,0.0,9.0,0.3,SSW,72,SSE,SE,22,22,66,59,1017.1,1017.0,7,7,18.8,19.4,No,No,No,2012-11-23,True,1.0,0,0,2012,4,11,Nov,2012-11,Autumn,18.9,3.6,0,0,None,Gale (>60 km/h),South
1671,2012-11-23,15.7,22.0,0.0,5.4,5.2,SSE,30,E,ESE,13,17,59,55,1020.3,1018.5,7,7,18.7,20.5,No,No,No,2012-11-24,True,1.0,0,0,2012,4,11,Nov,2012-11,Autumn,18.85,6.3,0,0,None,Moderate (30-45 km/h),South
1672,2012-11-24,16.4,25.4,0.0,5.2,10.8,ENE,39,ESE,E,9,28,67,63,1018.8,1014.8,5,1,21.0,23.8,No,No,No,2012-11-25,True,1.0,0,0,2012,4,11,Nov,2012-11,Autumn,20.9,9.0,0,0,None,Moderate (30-45 km/h),East
1673,2012-11-25,18.5,31.0,0.0,7.8,12.7,ENE,26,W,E,7,15,60,56,1013.9,1012.6,1,2,25.3,27.2,No,No,No,2012-11-26,True,1.0,0,0,2012,4,11,Nov,2012-11,Autumn,24.75,12.5,0,0,None,Light (<30 km/h),East
1674,2012-11-26,20.7,27.2,0.0,9.4,2.9,WSW,41,S,ESE,7,20,74,69,1015.9,1012.3,8,7,22.5,24.1,No,Yes,Yes,2012-11-27,True,1.0,0,0,2012,4,11,Nov,2012-11,Autumn,23.95,6.5,0,0,None,Moderate (30-45 km/h),West
1675,2012-11-27,19.8,24.1,3.6,4.4,1.0,NE,44,ESE,SE,6,13,80,74,1014.1,1014.7,7,7,22.4,22.4,Yes,Yes,Yes,2012-11-28,True,1.0,0,0,2012,4,11,Nov,2012-11,Autumn,21.95,4.3,0,1,Moderate,Moderate (30-45 km/h),North
1676,2012-11-28,18.4,24.5,10.2,3.2,0.0,E,26,SE,ESE,9,13,84,74,1018.4,1016.5,7,7,20.5,21.9,Yes,Yes,Yes,2012-11-29,True,1.0,0,0,2012,4,11,Nov,2012-11,Autumn,21.45,6.1,0,1,Heavy,Light (<30 km/h),East
1677,2012-11-29,19.9,27.0,1.2,2.4,8.3,NE,43,ESE,NE,6,20,71,63,1016.5,1013.6,6,2,23.6,26.2,Yes,No,No,2012-11-30,True,1.0,0,0,2012,4,11,Nov,2012-11,Autumn,23.45,7.1,0,1,Light,Moderate (30-45 km/h),North
1678,2012-11-30,21.3,29.5,0.0,7.0,6.7,E,44,W,ENE,15,24,73,62,1013.6,1010.4,6,6,25.9,28.0,No,No,No,2013-01-01,False,1.0,0,0,2012,4,11,Nov,2012-11,Autumn,25.4,8.2,0,0,None,Moderate (30-45 km/h),East
1679,2013-01-01,20.2,26.2,0.0,11.0,10.9,E,30,ESE,E,9,19,70,68,1012.0,1008.6,6,3,23.2,24.1,No,No,No,2013-01-02,True,32.0,1,0,2013,1,1,Jan,2013-01,Winter,23.2,6.0,0,0,None,Moderate (30-45 km/h),East
1680,2013-01-02,20.3,22.9,0.0,7.4,0.9,S,52,SE,SE,17,24,70,61,1013.8,1015.1,7,7,21.8,21.1,No,No,No,2013-01-03,True,1.0,0,0,2013,1,1,Jan,2013-01,Winter,21.6,2.6,0,0,None,Strong (45-60 km/h),South
1681,2013-01-03,18.4,24.8,0.0,5.6,12.4,E,30,ESE,E,7,19,54,54,1018.8,1016.6,4,1,21.8,23.5,No,No,No,2013-01-04,True,1.0,0,0,2013,1,1,Jan,2013-01,Winter,21.6,6.4,0,0,None,Moderate (30-45 km/h),East
1682,2013-01-04,18.3,26.6,0.0,9.0,13.1,NNE,52,NE,ENE,17,26,59,60,1016.7,1014.1,1,0,24.4,24.8,No,No,No,2013-01-05,True,1.0,0,0,2013,1,1,Jan,2013-01,Winter,22.45,8.3,0,0,None,Strong (45-60 km/h),North
1683,2013-01-05,20.9,28.3,0.0,9.6,12.7,NE,52,NE,ENE,9,17,56,56,1016.1,1014.3,0,1,25.2,27.2,No,No,No,2013-01-06,True,1.0,0,0,2013,1,1,Jan,2013-01,Winter,24.6,7.4,0,0,None,Strong (45-60 km/h),North
1684,2013-01-06,21.6,28.0,0.0,11.6,13.1,E,33,ENE,E,13,20,65,56,1021.0,1019.7,3,1,25.6,27.0,No,No,No,2013-01-07,True,1.0,0,0,2013,1,1,Jan,2013-01,Winter,24.8,6.4,0,0,None,Moderate (30-45 km/h),East
1685,2013-01-07,21.4,27.5,0.0,8.0,9.0,NNE,46,S,E,9,20,74,65,1022.5,1018.4,8,1,23.2,25.9,No,No,No,2013-01-08,True,1.0,0,0,2013,1,1,Jan,2013-01,Winter,24.45,6.1,0,0,None,Strong (45-60 km/h),North
1686,2013-01-08,20.9,42.3,0.0,9.8,8.7,NNW,69,SSE,NW,4,28,52,14,1005.8,999.1,6,6,27.3,39.8,No,No,No,2013-01-09,True,1.0,0,1,2013,1,1,Jan,2013-01,Winter,31.6,21.4,1,0,None,Gale (>60 km/h),North
1687,2013-01-09,21.1,25.0,0.0,18.4,6.1,SSE,50,S,SSE,24,28,64,44,999.3,1002.1,6,6,22.5,21.7,No,No,No,2013-01-10,True,1.0,0,0,2013,1,1,Jan,2013-01,Winter,23.05,3.9,0,0,None,Strong (45-60 km/h),South
1688,2013-01-10,20.2,25.4,0.0,8.4,1.4,ENE,37,ENE,ENE,17,24,63,54,1009.7,1009.6,7,7,22.3,24.3,No,No,No,2013-01-11,True,1.0,0,0,2013,1,1,Jan,2013-01,Winter,22.8,5.2,0,0,None,Moderate (30-45 km/h),East
1689,2013-01-11,21.2,29.6,0.0,6.2,10.0,NE,43,NE,ENE,4,15,62,59,1010.1,1005.5,3,5,25.0,27.3,No,No,No,2013-01-12,True,1.0,0,0,2013,1,1,Jan,2013-01,Winter,25.4,8.4,0,0,None,Moderate (30-45 km/h),North
1690,2013-01-12,23.5,31.2,0.0,9.6,1.5,SSE,56,W,S,13,26,53,50,1005.8,1006.7,6,7,29.4,28.1,No,No,No,2013-01-13,True,1.0,0,0,2013,1,1,Jan,2013-01,Winter,27.35,7.7,0,0,None,Strong (45-60 km/h),South
1691,2013-01-13,20.7,23.8,0.0,6.2,0.0,SSW,56,ESE,SSE,13,19,71,77,1011.5,1008.5,8,7,22.4,22.2,No,Yes,Yes,2013-01-14,True,1.0,0,0,2013,1,1,Jan,2013-01,Winter,22.25,3.1,0,0,None,Strong (45-60 km/h),South
1692,2013-01-14,17.1,23.7,8.6,2.0,9.4,S,59,S,SSE,17,28,69,49,1015.2,1017.5,7,2,18.8,22.2,Yes,No,No,2013-01-15,True,1.0,0,0,2013,1,1,Jan,2013-01,Winter,20.4,6.6,0,1,Moderate,Strong (45-60 km/h),South
1693,2013-01-15,16.8,24.9,0.2,9.8,10.8,NE,41,NW,E,6,17,62,53,1019.4,1016.7,3,3,20.5,23.1,No,No,No,2013-01-16,True,1.0,0,0,2013,1,1,Jan,2013-01,Winter,20.85,8.1,0,0,Light,Moderate (30-45 km/h),North
1694,2013-01-16,19.1,27.2,0.0,6.6,11.4,E,31,WNW,E,7,24,64,65,1014.6,1011.8,3,4,23.2,24.9,No,No,No,2013-01-17,True,1.0,0,0,2013,1,1,Jan,2013-01,Winter,23.15,8.1,0,0,None,Moderate (30-45 km/h),East
1695,2013-01-17,21.4,29.0,0.0,8.2,12.1,ENE,41,NW,E,2,26,75,67,1012.5,1007.9,5,1,24.3,26.5,No,No,No,2013-01-18,True,1.0,0,0,2013,1,1,Jan,2013-01,Winter,25.2,7.6,0,0,None,Moderate (30-45 km/h),East
1696,2013-01-18,21.7,45.8,0.0,9.0,8.4,S,78,E,E,13,15,62,14,1002.9,997.9,0,3,28.9,44.7,No,No,No,2013-01-19,True,1.0,0,1,2013,1,1,Jan,2013-01,Winter,33.75,24.1,1,0,None,Gale (>60 km/h),South
1697,2013-01-19,21.5,24.8,0.0,12.6,2.3,SSE,50,S,SSE,19,20,65,59,1013.2,1013.8,6,8,22.7,22.4,No,No,No,2013-01-20,True,1.0,0,0,2013,1,1,Jan,2013-01,Winter,23.15,3.3,0,0,None,Strong (45-60 km/h),South
1698,2013-01-20,20.2,24.3,0.2,5.0,0.0,SSE,28,SE,ESE,13,15,67,59,1017.3,1016.1,7,8,22.3,23.6,No,No,No,2013-01-21,True,1.0,0,0,2013,1,1,Jan,2013-01,Winter,22.25,4.1,0,0,Light,Light (<30 km/h),South
1699,2013-01-21,20.7,26.6,0.2,4.2,5.3,ENE,37,ESE,NE,2,17,71,52,1015.8,1013.4,7,7,24.2,25.5,No,No,No,2013-01-22,True,1.0,0,0,2013,1,1,Jan,2013-01,Winter,23.65,5.9,0,0,Light,Moderate (30-45 km/h),East
1700,2013-01-22,20.9,29.6,0.0,7.4,7.3,S,52,NNE,NE,17,17,63,63,1010.4,1007.4,2,7,26.5,26.5,No,No,No,2013-01-23,True,1.0,0,0,2013,1,1,Jan,2013-01,Winter,25.25,8.7,0,0,None,Strong (45-60 km/h),South
1701,2013-01-23,20.7,25.7,0.0,6.2,2.3,S,56,SSW,S,20,26,74,61,1015.3,1015.3,7,7,21.8,24.4,No,No,No,2013-01-24,True,1.0,0,0,2013,1,1,Jan,2013-01,Winter,23.2,5.0,0,0,None,Strong (45-60 km/h),South
1702,2013-01-24,20.4,29.8,0.0,7.2,10.5,SSW,33,SSW,ESE,20,20,70,52,1017.5,1015.3,7,2,22.7,29.3,No,No,No,2013-01-25,True,1.0,0,0,2013,1,1,Jan,2013-01,Winter,25.1,9.4,0,0,None,Moderate (30-45 km/h),South
1703,2013-01-25,21.6,29.2,0.0,4.6,12.8,ENE,44,N,E,11,26,69,64,1012.9,1010.5,2,1,25.8,27.6,No,No,No,2013-01-26,True,1.0,0,0,2013,1,1,Jan,2013-01,Winter,25.4,7.6,0,0,None,Moderate (30-45 km/h),East
1704,2013-01-26,23.7,28.2,0.0,11.4,8.3,NE,57,ENE,NE,17,30,73,70,1012.5,1011.1,7,6,26.5,27.0,No,Yes,Yes,2013-01-27,True,1.0,0,0,2013,1,1,Jan,2013-01,Winter,25.95,4.5,0,0,None,Strong (45-60 km/h),North
1705,2013-01-27,20.1,22.7,16.8,8.2,0.0,W,50,E,NNE,6,9,90,90,1009.2,1009.0,8,8,20.5,20.9,Yes,Yes,Yes,2013-01-28,True,1.0,0,0,2013,1,1,Jan,2013-01,Winter,21.4,2.6,0,1,Heavy,Strong (45-60 km/h),West
1706,2013-01-28,20.5,23.0,15.8,2.2,0.0,NE,69,NE,ENE,7,24,88,92,1009.2,1008.1,8,8,22.7,21.6,Yes,Yes,Yes,2013-01-29,True,1.0,0,0,2013,1,1,Jan,2013-01,Winter,21.75,2.5,0,1,Heavy,Gale (>60 km/h),North
1707,2013-01-29,19.3,26.2,95.2,4.8,4.5,E,70,WNW,SSE,11,24,93,71,1001.7,1004.9,8,6,21.5,24.0,Yes,No,No,2013-01-30,True,1.0,0,1,2013,1,1,Jan,2013-01,Winter,22.75,6.9,0,1,Extreme,Gale (>60 km/h),East
1708,2013-01-30,19.8,26.0,0.8,5.6,8.5,ESE,28,SE,ESE,11,20,70,58,1014.7,1014.0,5,2,22.2,24.9,No,No,No,2013-01-31,True,1.0,0,0,2013,1,1,Jan,2013-01,Winter,22.9,6.2,0,0,Light,Light (<30 km/h),East
1709,2013-01-31,21.0,27.8,0.0,5.6,12.2,NE,54,N,NE,19,24,66,64,1013.2,1008.4,3,1,25.9,27.2,No,Yes,Yes,2013-03-01,False,1.0,0,0,2013,1,1,Jan,2013-01,Winter,24.4,6.8,0,0,None,Strong (45-60 km/h),North
1710,2013-03-01,16.5,20.1,31.8,6.8,0.0,SSE,63,SE,SSE,26,26,86,85,1014.4,1016.2,8,8,19.5,18.7,Yes,Yes,Yes,2013-03-02,True,29.0,1,0,2013,1,3,Mar,2013-03,Spring,18.3,3.6,0,1,Heavy,Gale (>60 km/h),South
1711,2013-03-02,17.9,23.1,15.2,6.2,0.1,SSE,57,SE,SSE,30,31,73,78,1021.0,1020.8,7,8,19.0,20.1,Yes,Yes,Yes,2013-03-03,True,1.0,0,0,2013,1,3,Mar,2013-03,Spring,20.5,5.2,0,1,Heavy,Strong (45-60 km/h),South
1712,2013-03-03,17.7,25.5,7.4,4.8,6.8,SE,56,SE,ESE,30,30,63,56,1021.6,1020.4,7,6,23.1,24.8,Yes,Yes,Yes,2013-03-04,True,1.0,0,0,2013,1,3,Mar,2013-03,Spring,21.6,7.8,0,1,Moderate,Strong (45-60 km/h),East
1713,2013-03-04,19.5,26.1,4.4,6.6,9.6,ESE,39,E,ESE,22,22,53,49,1021.9,1020.9,3,3,23.7,25.1,Yes,No,No,2013-03-05,True,1.0,0,0,2013,1,3,Mar,2013-03,Spring,22.8,6.6,0,1,Moderate,Moderate (30-45 km/h),East
1714,2013-03-05,20.5,26.8,0.2,6.0,9.1,ENE,35,E,ENE,20,28,70,48,1021.7,1020.0,6,3,23.1,25.8,No,No,No,2013-03-06,True,1.0,0,0,2013,1,3,Mar,2013-03,Spring,23.65,6.3,0,0,Light,Moderate (30-45 km/h),East
1715,2013-03-06,20.2,27.3,0.0,7.4,7.6,ENE,39,NNW,ENE,6,24,78,55,1020.9,1018.4,7,3,21.6,25.6,No,No,No,2013-03-07,True,1.0,0,0,2013,1,3,Mar,2013-03,Spring,23.75,7.1,0,0,None,Moderate (30-45 km/h),East
1716,2013-03-07,18.6,27.1,0.0,7.4,11.4,NE,39,WNW,NE,11,24,67,52,1019.9,1017.4,1,1,22.8,26.3,No,No,No,2013-03-08,True,1.0,0,0,2013,1,3,Mar,2013-03,Spring,22.85,8.5,0,0,None,Moderate (30-45 km/h),North
1717,2013-03-08,20.3,26.8,0.0,7.8,6.1,E,31,W,E,9,20,67,57,1022.1,1020.5,4,4,22.4,26.2,No,No,No,2013-03-09,True,1.0,0,0,2013,1,3,Mar,2013-03,Spring,23.55,6.5,0,0,None,Moderate (30-45 km/h),East
1718,2013-03-09,21.2,27.2,0.6,6.8,6.6,ENE,39,W,ENE,13,24,75,53,1021.3,1019.0,5,3,22.5,26.0,No,No,No,2013-03-10,True,1.0,0,0,2013,1,3,Mar,2013-03,Spring,24.2,6.0,0,0,Light,Moderate (30-45 km/h),East
1719,2013-03-10,19.6,28.0,0.0,7.4,9.8,ENE,35,W,ENE,7,20,67,49,1020.1,1017.5,5,5,22.3,25.5,No,No,No,2013-03-11,True,1.0,0,0,2013,1,3,Mar,2013-03,Spring,23.8,8.4,0,0,None,Moderate (30-45 km/h),East
1720,2013-03-11,20.7,27.4,0.0,7.8,9.3,ENE,35,W,E,9,26,72,64,1020.7,1019.6,5,5,23.2,25.4,No,No,No,2013-03-12,True,1.0,0,0,2013,1,3,Mar,2013-03,Spring,24.05,6.7,0,0,None,Moderate (30-45 km/h),East
1721,2013-03-12,20.4,26.4,0.0,6.4,7.9,E,30,W,E,13,19,78,58,1021.0,1018.4,7,2,21.9,25.7,No,No,No,2013-03-13,True,1.0,0,0,2013,1,3,Mar,2013-03,Spring,23.4,6.0,0,0,None,Moderate (30-45 km/h),East
1722,2013-03-13,18.3,28.3,0.0,5.4,11.1,NE,46,W,NE,7,26,72,52,1014.5,1010.9,1,1,21.5,26.3,No,No,No,2013-03-14,True,1.0,0,0,2013,1,3,Mar,2013-03,Spring,23.3,10.0,0,0,None,Strong (45-60 km/h),North
1723,2013-03-14,20.8,24.3,0.0,7.8,1.3,SSW,43,SSE,SSW,7,11,72,68,1012.0,1011.2,6,7,23.1,24.0,No,No,No,2013-03-15,True,1.0,0,0,2013,1,3,Mar,2013-03,Spring,22.55,3.5,0,0,None,Moderate (30-45 km/h),South
1724,2013-03-15,19.7,25.0,1.0,2.6,2.0,SSW,43,SSW,SSW,24,26,78,70,1016.1,1015.7,7,7,20.8,22.5,No,No,No,2013-03-16,True,1.0,0,0,2013,1,3,Mar,2013-03,Spring,22.35,5.3,0,1,Light,Moderate (30-45 km/h),South
1725,2013-03-16,20.1,28.7,0.2,4.2,10.7,E,31,N,E,11,20,70,65,1013.6,1008.9,1,3,23.3,25.8,No,No,No,2013-03-17,True,1.0,0,0,2013,1,3,Mar,2013-03,Spring,24.4,8.6,0,0,Light,Moderate (30-45 km/h),East
1726,2013-03-17,18.7,24.0,0.0,6.8,10.8,SSW,65,SSW,SSW,24,31,48,35,1013.0,1015.0,2,1,19.2,23.2,No,No,No,2013-03-18,True,1.0,0,0,2013,1,3,Mar,2013-03,Spring,21.35,5.3,0,0,None,Gale (>60 km/h),South
1727,2013-03-18,13.9,23.8,0.0,8.6,10.2,SSW,41,W,ESE,20,24,55,44,1021.1,1020.2,2,2,16.8,22.3,No,No,No,2013-03-19,True,1.0,0,0,2013,1,3,Mar,2013-03,Spring,18.85,9.9,0,0,None,Moderate (30-45 km/h),South
1728,2013-03-19,14.3,24.7,0.0,6.4,10.7,ESE,28,W,ESE,17,19,66,48,1024.2,1022.8,2,3,16.3,23.0,No,No,No,2013-03-20,True,1.0,0,0,2013,1,3,Mar,2013-03,Spring,19.5,10.4,0,0,None,Light (<30 km/h),East
1729,2013-03-20,16.1,24.8,0.0,5.4,9.9,NE,37,WNW,E,13,20,71,53,1025.4,1022.3,3,3,19.3,24.5,No,No,No,2013-03-21,True,1.0,0,0,2013,1,3,Mar,2013-03,Spring,20.45,8.7,0,0,None,Moderate (30-45 km/h),North
1730,2013-03-21,18.5,26.3,0.0,6.6,8.0,NNE,54,NNE,NE,7,26,60,50,1019.4,1014.3,2,7,21.1,25.0,No,No,No,2013-03-22,True,1.0,0,0,2013,1,3,Mar,2013-03,Spring,22.4,7.8,0,0,None,Strong (45-60 km/h),North
1731,2013-03-22,21.1,31.8,0.0,6.8,4.4,NW,59,NNW,NNW,20,20,56,41,1013.5,1011.0,6,7,26.1,31.5,No,No,No,2013-03-23,True,1.0,0,0,2013,1,3,Mar,2013-03,Spring,26.45,10.7,0,0,None,Strong (45-60 km/h),North
1732,2013-03-23,21.6,27.0,1.0,8.4,8.5,ESE,30,ESE,E,4,24,73,73,1016.5,1013.7,4,5,24.2,24.0,No,No,No,2013-03-24,True,1.0,0,0,2013,1,3,Mar,2013-03,Spring,24.3,5.4,0,1,Light,Moderate (30-45 km/h),East
1733,2013-03-24,20.6,28.4,0.8,4.8,10.5,E,28,WNW,E,9,17,71,65,1015.9,1011.5,1,1,22.6,26.4,No,No,No,2013-03-25,True,1.0,0,0,2013,1,3,Mar,2013-03,Spring,24.5,7.8,0,0,Light,Light (<30 km/h),East
1734,2013-03-25,17.9,30.0,0.0,7.0,11.0,S,30,WNW,S,19,13,57,49,1018.3,1017.5,1,2,21.8,29.5,No,No,No,2013-03-26,True,1.0,0,0,2013,1,3,Mar,2013-03,Spring,23.95,12.1,0,0,None,Moderate (30-45 km/h),South
1735,2013-03-26,20.6,26.9,0.0,4.4,4.3,ENE,39,WNW,ENE,9,24,83,73,1019.4,1016.3,7,7,21.7,25.5,No,No,No,2013-03-27,True,1.0,0,0,2013,1,3,Mar,2013-03,Spring,23.75,6.3,0,0,None,Moderate (30-45 km/h),East
1736,2013-03-27,20.8,27.7,0.0,5.4,10.8,NNE,48,W,ENE,0,22,75,64,1019.0,1015.7,1,1,23.4,26.7,No,No,No,2013-03-28,True,1.0,0,0,2013,1,3,Mar,2013-03,Spring,24.25,6.9,0,0,None,Strong (45-60 km/h),North
1737,2013-03-28,21.5,33.5,0.0,7.0,7.3,W,37,E,E,2,11,71,34,1016.8,1012.1,1,7,23.4,30.9,No,Yes,Yes,2013-03-29,True,1.0,0,0,2013,1,3,Mar,2013-03,Spring,27.5,12.0,0,0,None,Moderate (30-45 km/h),West
1738,2013-03-29,16.7,22.3,3.0,8.0,8.3,SSE,44,SW,SSE,22,20,48,48,1018.5,1017.7,1,7,19.2,20.9,Yes,No,No,2013-03-30,True,1.0,0,0,2013,1,3,Mar,2013-03,Spring,19.5,5.6,0,1,Moderate,Moderate (30-45 km/h),South
1739,2013-03-30,14.8,23.6,0.0,5.2,10.6,NE,35,W,ENE,13,24,62,53,1017.6,1012.8,1,6,18.7,22.6,No,No,No,2013-03-31,True,1.0,0,0,2013,1,3,Mar,2013-03,Spring,19.2,8.8,0,0,None,Moderate (30-45 km/h),North
1740,2013-03-31,17.9,25.4,0.0,5.0,7.3,SSE,44,WSW,S,13,28,78,38,1011.4,1010.8,7,6,18.3,24.4,No,Yes,Yes,2013-04-01,True,1.0,0,0,2013,1,3,Mar,2013-03,Spring,21.65,7.5,0,0,None,Moderate (30-45 km/h),South
1741,2013-04-01,17.4,24.3,2.8,6.6,5.8,W,26,WSW,E,13,17,83,56,1017.9,1015.5,6,3,18.6,23.5,Yes,No,No,2013-04-02,True,1.0,0,0,2013,2,4,Apr,2013-04,Spring,20.85,6.9,0,1,Moderate,Light (<30 km/h),West
1742,2013-04-02,16.3,26.2,0.0,3.8,10.9,SW,39,W,ESE,19,19,67,41,1016.0,1013.8,0,2,19.0,25.4,No,Yes,Yes,2013-04-03,True,1.0,0,0,2013,2,4,Apr,2013-04,Spring,21.25,9.9,0,0,None,Moderate (30-45 km/h),South
1743,2013-04-03,17.0,18.6,27.4,6.6,0.0,S,48,S,S,22,20,88,79,1020.9,1021.7,7,8,17.0,18.0,Yes,Yes,Yes,2013-04-04,True,1.0,0,0,2013,2,4,Apr,2013-04,Spring,17.8,1.6,0,1,Heavy,Strong (45-60 km/h),South
1744,2013-04-04,15.7,20.9,61.4,5.0,0.4,SSW,31,SE,SE,17,9,93,89,1028.2,1027.8,8,8,16.6,17.7,Yes,Yes,Yes,2013-04-05,True,1.0,0,1,2013,2,4,Apr,2013-04,Spring,18.3,5.2,0,1,Extreme,Moderate (30-45 km/h),South
1745,2013-04-05,15.6,23.6,18.4,0.8,4.3,W,24,WNW,ENE,9,7,83,55,1030.4,1028.4,7,6,17.5,22.9,Yes,Yes,Yes,2013-04-06,True,1.0,0,0,2013,2,4,Apr,2013-04,Spring,19.6,8.0,0,1,Heavy,Light (<30 km/h),West
1746,2013-04-06,15.6,20.6,2.4,3.6,1.6,NE,31,W,SE,11,6,93,75,1028.0,1025.2,5,7,17.0,18.8,Yes,Yes,Yes,2013-04-07,True,1.0,0,0,2013,2,4,Apr,2013-04,Spring,18.1,5.0,0,1,Light,Moderate (30-45 km/h),North
1747,2013-04-07,14.2,22.7,3.8,2.4,7.0,W,22,W,E,9,15,73,62,1024.5,1021.6,3,3,19.0,22.2,Yes,Yes,Yes,2013-04-08,True,1.0,0,0,2013,2,4,Apr,2013-04,Spring,18.45,8.5,0,1,Moderate,Light (<30 km/h),West
1748,2013-04-08,14.6,24.2,2.0,3.4,8.3,ESE,26,W,ESE,15,17,72,61,1025.3,1023.9,1,6,18.4,22.5,Yes,Yes,Yes,2013-04-09,True,1.0,0,0,2013,2,4,Apr,2013-04,Spring,19.4,9.6,0,1,Light,Light (<30 km/h),East
1749,2013-04-09,15.6,22.0,5.2,2.4,3.6,WNW,24,WNW,ESE,15,6,90,73,1026.7,1024.3,6,3,16.7,20.7,Yes,Yes,Yes,2013-04-10,True,1.0,0,0,2013,2,4,Apr,2013-04,Spring,18.8,6.4,0,1,Moderate,Light (<30 km/h),West
1750,2013-04-10,14.4,24.1,2.0,2.2,10.4,ENE,30,WNW,ENE,13,20,72,57,1024.8,1021.3,1,2,18.9,23.0,Yes,No,No,2013-04-11,True,1.0,0,0,2013,2,4,Apr,2013-04,Spring,19.25,9.7,0,1,Light,Moderate (30-45 km/h),East
1751,2013-04-11,15.2,25.3,0.0,4.6,10.8,NE,26,WNW,ENE,13,17,71,43,1023.5,1021.6,1,1,19.0,24.7,No,No,No,2013-04-12,True,1.0,0,0,2013,2,4,Apr,2013-04,Spring,20.25,10.1,0,0,None,Light (<30 km/h),North
1752,2013-04-12,15.6,26.0,0.0,4.4,10.3,ENE,31,WNW,ENE,13,19,73,47,1025.9,1022.8,1,1,19.7,24.2,No,No,No,2013-04-13,True,1.0,0,0,2013,2,4,Apr,2013-04,Spring,20.8,10.4,0,0,None,Moderate (30-45 km/h),East
1753,2013-04-13,15.7,25.4,0.0,4.8,10.7,NE,35,W,NE,17,22,71,55,1021.5,1016.4,1,1,19.6,23.7,No,No,No,2013-04-14,True,1.0,0,0,2013,2,4,Apr,2013-04,Spring,20.55,9.7,0,0,None,Moderate (30-45 km/h),North
1754,2013-04-14,16.1,27.7,0.0,5.4,10.6,W,24,W,ENE,17,13,72,54,1013.9,1010.9,2,2,19.0,25.2,No,No,No,2013-04-15,True,1.0,0,0,2013,2,4,Apr,2013-04,Spring,21.9,11.6,0,0,None,Light (<30 km/h),West
1755,2013-04-15,17.4,27.9,0.0,5.8,5.7,S,37,W,E,9,11,75,49,1010.1,1007.4,7,4,19.0,26.2,No,Yes,Yes,2013-04-16,True,1.0,0,0,2013,2,4,Apr,2013-04,Spring,22.65,10.5,0,0,None,Moderate (30-45 km/h),South
1756,2013-04-16,16.9,22.0,7.0,3.2,4.4,SSW,41,W,S,17,20,88,69,1015.0,1013.5,8,6,17.2,21.4,Yes,No,No,2013-04-17,True,1.0,0,0,2013,2,4,Apr,2013-04,Spring,19.45,5.1,0,1,Moderate,Moderate (30-45 km/h),South
1757,2013-04-17,14.2,23.6,0.0,4.0,7.7,SSE,30,WNW,SSE,13,17,75,65,1016.7,1014.0,1,7,17.7,21.9,No,No,No,2013-04-18,True,1.0,0,0,2013,2,4,Apr,2013-04,Spring,18.9,9.4,0,0,None,Moderate (30-45 km/h),South
1758,2013-04-18,15.4,24.5,0.2,2.6,9.1,S,41,WNW,SSE,15,26,76,69,1014.7,1012.5,1,6,18.5,21.4,No,No,No,2013-04-19,True,1.0,0,0,2013,2,4,Apr,2013-04,Spring,19.95,9.1,0,0,Light,Moderate (30-45 km/h),South
1759,2013-04-19,13.3,20.2,0.4,4.6,10.5,SW,65,WSW,SSW,20,35,50,39,1014.7,1012.8,2,4,15.3,20.0,No,Yes,Yes,2013-04-20,True,1.0,0,0,2013,2,4,Apr,2013-04,Spring,16.75,6.9,0,0,Light,Gale (>60 km/h),South
1760,2013-04-20,12.2,19.0,33.6,4.8,1.2,SE,65,S,SSE,17,30,92,68,1013.7,1014.1,8,7,14.6,17.5,Yes,Yes,Yes,2013-04-21,True,1.0,0,0,2013,2,4,Apr,2013-04,Spring,15.6,6.8,0,1,Heavy,Gale (>60 km/h),East
1761,2013-04-21,10.9,22.2,32.8,2.8,9.7,W,33,W,ESE,15,15,71,56,1016.1,1012.4,1,1,14.4,20.0,Yes,No,No,2013-04-22,True,1.0,0,0,2013,2,4,Apr,2013-04,Spring,16.55,11.3,0,1,Heavy,Moderate (30-45 km/h),West
1762,2013-04-22,13.9,24.7,0.2,2.6,8.1,WSW,41,WNW,W,13,11,85,39,1011.0,1006.9,6,2,14.6,24.2,No,No,No,2013-04-23,True,1.0,0,0,2013,2,4,Apr,2013-04,Spring,19.3,10.8,0,0,Light,Moderate (30-45 km/h),West
1763,2013-04-23,12.7,25.3,0.2,3.6,10.4,WSW,43,W,ESE,15,15,57,43,1012.7,1011.7,1,2,16.9,23.4,No,No,No,2013-04-24,True,1.0,0,0,2013,2,4,Apr,2013-04,Spring,19.0,12.6,0,0,Light,Moderate (30-45 km/h),West
1764,2013-04-24,12.3,23.8,0.0,3.6,10.8,W,35,W,ESE,20,13,62,27,1018.9,1015.9,1,1,15.5,23.4,No,No,No,2013-04-25,True,1.0,0,0,2013,2,4,Apr,2013-04,Spring,18.05,11.5,0,0,None,Moderate (30-45 km/h),West
1765,2013-04-25,12.5,23.2,0.0,4.8,10.1,W,33,W,ESE,20,17,52,45,1021.8,1019.5,2,1,15.1,20.3,No,No,No,2013-04-26,True,1.0,0,0,2013,2,4,Apr,2013-04,Spring,17.85,10.7,0,0,None,Moderate (30-45 km/h),West
1766,2013-04-26,14.0,27.2,0.0,3.4,10.7,W,41,W,SW,17,13,56,30,1022.6,1019.1,1,0,17.3,25.9,No,No,No,2013-04-27,True,1.0,0,0,2013,2,4,Apr,2013-04,Spring,20.6,13.2,0,0,None,Moderate (30-45 km/h),West
1767,2013-04-27,14.0,26.3,0.0,4.4,9.5,ENE,26,W,ENE,17,19,65,51,1022.0,1017.7,1,1,17.2,22.6,No,No,No,2013-04-28,True,1.0,0,0,2013,2,4,Apr,2013-04,Spring,20.15,12.3,0,0,None,Light (<30 km/h),East
1768,2013-04-28,14.4,28.7,0.0,4.6,10.1,WNW,28,W,WNW,7,15,59,29,1019.0,1016.0,1,1,18.6,28.1,No,No,No,2013-04-29,True,1.0,0,0,2013,2,4,Apr,2013-04,Spring,21.55,14.3,0,0,None,Light (<30 km/h),West
1769,2013-04-29,15.9,26.5,0.0,6.2,9.3,WNW,26,WNW,ESE,13,13,59,73,1022.4,1020.9,1,3,18.5,22.6,No,No,No,2013-04-30,True,1.0,0,0,2013,2,4,Apr,2013-04,Spring,21.2,10.6,0,0,None,Light (<30 km/h),West
1770,2013-04-30,18.4,22.7,0.0,2.8,4.0,SSW,35,SSW,SSE,15,19,80,71,1025.6,1022.4,7,7,19.7,20.5,No,No,No,2013-05-01,True,1.0,0,0,2013,2,4,Apr,2013-04,Spring,20.55,4.3,0,0,None,Moderate (30-45 km/h),South
1771,2013-05-01,16.9,25.0,0.0,1.2,7.4,S,37,WNW,SE,15,17,86,61,1018.7,1014.3,7,5,18.1,24.2,No,No,No,2013-05-02,True,1.0,0,0,2013,2,5,May,2013-05,Spring,20.95,8.1,0,0,None,Moderate (30-45 km/h),South
1772,2013-05-02,14.4,20.3,0.0,5.6,7.4,S,46,W,S,13,20,53,51,1025.3,1025.2,1,4,15.1,18.7,No,No,No,2013-05-03,True,1.0,0,0,2013,2,5,May,2013-05,Spring,17.35,5.9,0,0,None,Strong (45-60 km/h),South
1773,2013-05-03,11.1,22.9,0.0,3.0,10.2,N,31,WNW,ENE,19,19,72,51,1026.7,1020.5,1,7,14.0,20.9,No,No,No,2013-05-04,True,1.0,0,0,2013,2,5,May,2013-05,Spring,17.0,11.8,0,0,None,Moderate (30-45 km/h),North
1774,2013-05-04,14.0,26.4,0.0,4.4,6.2,SSE,56,W,SSE,19,37,50,56,1017.9,1018.5,7,3,17.4,20.2,No,No,No,2013-05-05,True,1.0,0,0,2013,2,5,May,2013-05,Spring,20.2,12.4,0,0,None,Strong (45-60 km/h),South
1775,2013-05-05,12.7,20.1,0.0,6.4,9.1,SSE,37,W,S,15,7,56,38,1025.1,1022.1,6,1,14.5,19.7,No,No,No,2013-05-06,True,1.0,0,0,2013,2,5,May,2013-05,Spring,16.4,7.4,0,0,None,Moderate (30-45 km/h),South
1776,2013-05-06,10.8,20.1,0.0,3.4,8.2,SSW,35,W,S,13,17,68,60,1026.6,1024.5,3,7,14.3,19.2,No,No,No,2013-05-07,True,1.0,0,0,2013,2,5,May,2013-05,Spring,15.45,9.3,0,0,None,Moderate (30-45 km/h),South
1777,2013-05-07,11.7,21.5,0.0,3.0,8.8,ESE,31,W,SSE,13,19,76,55,1028.7,1027.1,2,6,15.2,19.9,No,No,No,2013-05-08,True,1.0,0,0,2013,2,5,May,2013-05,Spring,16.6,9.8,0,0,None,Moderate (30-45 km/h),East
1778,2013-05-08,12.4,21.6,0.0,3.4,5.3,WNW,22,W,E,13,9,80,51,1031.1,1028.1,7,4,15.2,21.2,No,No,No,2013-05-09,True,1.0,0,0,2013,2,5,May,2013-05,Spring,17.0,9.2,0,0,None,Light (<30 km/h),West
1779,2013-05-09,12.1,23.2,0.0,1.8,10.2,W,24,W,ENE,17,13,79,54,1030.7,1027.4,1,1,14.7,22.0,No,No,No,2013-05-10,True,1.0,0,0,2013,2,5,May,2013-05,Spring,17.65,11.1,0,0,None,Light (<30 km/h),West
1780,2013-05-10,12.5,23.5,0.0,3.6,10.0,W,26,W,SE,20,13,77,53,1030.8,1028.4,1,1,14.3,22.9,No,No,No,2013-05-11,True,1.0,0,0,2013,2,5,May,2013-05,Spring,18.0,11.0,0,0,None,Light (<30 km/h),West
1781,2013-05-11,13.0,22.1,0.0,2.0,4.3,ENE,31,W,ENE,22,22,77,69,1030.2,1027.5,5,6,15.2,20.8,No,No,No,2013-05-12,True,1.0,0,0,2013,2,5,May,2013-05,Spring,17.55,9.1,0,0,None,Moderate (30-45 km/h),East
1782,2013-05-12,14.0,22.1,0.0,3.6,7.0,ENE,28,W,ENE,13,13,93,59,1027.2,1022.7,8,2,14.3,21.4,No,No,No,2013-05-13,True,1.0,0,0,2013,2,5,May,2013-05,Spring,18.05,8.1,0,0,None,Light (<30 km/h),East
1783,2013-05-13,13.7,22.8,0.0,2.0,1.8,NNW,28,W,NNE,9,11,88,53,1018.9,1014.2,7,8,14.4,21.9,No,No,No,2013-05-14,True,1.0,0,0,2013,2,5,May,2013-05,Spring,18.25,9.1,0,0,None,Light (<30 km/h),North
1784,2013-05-14,14.2,21.3,0.0,2.4,6.9,W,41,W,SE,20,13,60,31,1013.8,1011.1,7,6,14.2,20.0,No,No,No,2013-05-15,True,1.0,0,0,2013,2,5,May,2013-05,Spring,17.75,7.1,0,0,None,Moderate (30-45 km/h),West
1785,2013-05-15,9.2,20.6,0.2,2.8,9.8,W,46,W,WNW,15,28,59,34,1013.2,1009.6,1,3,13.6,20.1,No,No,No,2013-05-16,True,1.0,0,0,2013,2,5,May,2013-05,Spring,14.9,11.4,0,0,Light,Strong (45-60 km/h),West
1786,2013-05-16,13.6,20.6,0.0,5.4,8.3,W,50,NNW,W,22,31,55,36,1010.3,1007.3,2,3,16.9,19.4,No,No,No,2013-05-17,True,1.0,0,0,2013,2,5,May,2013-05,Spring,17.1,7.0,0,0,None,Strong (45-60 km/h),West
1787,2013-05-17,12.2,19.6,0.0,4.6,10.1,WSW,57,WSW,WSW,24,28,50,33,1011.9,1010.4,1,1,14.7,18.6,No,No,No,2013-05-18,True,1.0,0,0,2013,2,5,May,2013-05,Spring,15.9,7.4,0,0,None,Strong (45-60 km/h),West
1788,2013-05-18,11.1,20.6,0.0,3.8,10.1,WSW,41,W,W,17,22,53,31,1014.7,1011.8,1,1,13.2,19.1,No,No,No,2013-05-19,True,1.0,0,0,2013,2,5,May,2013-05,Spring,15.85,9.5,0,0,None,Moderate (30-45 km/h),West
1789,2013-05-19,9.8,20.2,0.0,3.6,9.1,W,39,W,W,20,20,54,30,1016.8,1014.1,2,1,12.1,19.0,No,No,No,2013-05-20,True,1.0,0,0,2013,2,5,May,2013-05,Spring,15.0,10.4,0,0,None,Moderate (30-45 km/h),West
1790,2013-05-20,10.1,20.7,0.0,4.0,8.5,W,44,W,WSW,19,22,61,37,1018.7,1014.7,4,3,11.3,19.6,No,No,No,2013-05-21,True,1.0,0,0,2013,2,5,May,2013-05,Spring,15.4,10.6,0,0,None,Moderate (30-45 km/h),West
1791,2013-05-21,10.1,22.5,0.0,4.0,9.1,W,54,W,SW,22,20,55,32,1015.3,1012.3,3,7,15.4,21.8,No,No,No,2013-05-22,True,1.0,0,0,2013,2,5,May,2013-05,Spring,16.3,12.4,0,0,None,Strong (45-60 km/h),West
1792,2013-05-22,9.4,16.0,0.0,2.2,1.3,WNW,31,WNW,SSW,17,20,71,79,1015.0,1010.1,6,8,11.2,14.5,No,Yes,Yes,2013-05-23,True,1.0,0,0,2013,2,5,May,2013-05,Spring,12.7,6.6,0,0,None,Moderate (30-45 km/h),West
1793,2013-05-23,10.6,17.4,27.2,5.2,0.7,SSE,48,WSW,SE,11,22,93,71,1013.7,1012.7,7,6,13.4,16.4,Yes,Yes,Yes,2013-05-24,True,1.0,0,0,2013,2,5,May,2013-05,Spring,14.0,6.8,0,1,Heavy,Strong (45-60 km/h),South
1794,2013-05-24,12.7,20.6,30.6,2.4,5.8,SE,48,W,SSE,28,24,89,47,1019.1,1017.9,7,7,13.0,20.1,Yes,Yes,Yes,2013-05-25,True,1.0,0,0,2013,2,5,May,2013-05,Spring,16.65,7.9,0,1,Heavy,Strong (45-60 km/h),East
1795,2013-05-25,10.6,21.3,20.0,3.8,9.4,W,41,W,SSE,22,15,83,50,1023.7,1022.1,1,1,12.2,20.8,Yes,No,No,2013-05-26,True,1.0,0,0,2013,2,5,May,2013-05,Spring,15.95,10.7,0,1,Heavy,Moderate (30-45 km/h),West
1796,2013-05-26,9.5,21.3,0.0,1.8,10.1,W,30,W,NE,20,4,70,45,1025.7,1023.0,1,1,11.3,20.2,No,Yes,Yes,2013-05-27,True,1.0,0,0,2013,2,5,May,2013-05,Spring,15.4,11.8,0,0,None,Moderate (30-45 km/h),West
1797,2013-05-27,10.6,20.2,3.4,3.2,7.1,SSW,41,W,SSE,22,24,84,58,1029.4,1028.2,5,5,11.6,19.4,Yes,Yes,Yes,2013-05-28,True,1.0,0,0,2013,2,5,May,2013-05,Spring,15.4,9.6,0,1,Moderate,Moderate (30-45 km/h),South
1798,2013-05-28,11.6,19.3,28.6,1.2,3.2,ENE,30,WNW,E,11,15,94,75,1032.8,1030.2,8,8,12.9,17.8,Yes,No,No,2013-05-29,True,1.0,0,0,2013,2,5,May,2013-05,Spring,15.45,7.7,0,1,Heavy,Moderate (30-45 km/h),East
1799,2013-05-29,11.3,21.1,0.2,2.0,4.9,W,20,W,ENE,15,15,94,60,1031.4,1027.8,8,3,12.3,20.6,No,No,No,2013-05-30,True,1.0,0,0,2013,2,5,May,2013-05,Spring,16.2,9.8,0,0,Light,Light (<30 km/h),West
1800,2013-05-30,11.7,21.4,0.0,2.6,5.7,E,24,WNW,ENE,15,7,90,67,1029.3,1025.9,4,5,12.8,20.0,No,No,No,2013-05-31,True,1.0,0,0,2013,2,5,May,2013-05,Spring,16.55,9.7,0,0,None,Light (<30 km/h),East
1801,2013-05-31,11.8,24.9,0.0,1.6,9.1,W,41,W,NNE,9,13,84,40,1028.0,1023.8,1,5,13.9,24.1,No,No,No,2013-06-01,True,1.0,0,0,2013,2,5,May,2013-05,Spring,18.35,13.1,0,0,None,Moderate (30-45 km/h),West
1802,2013-06-01,13.9,21.2,0.0,4.0,3.0,NW,52,N,N,11,17,62,61,1019.4,1014.1,6,7,18.7,19.9,No,Yes,Yes,2013-06-02,True,1.0,0,0,2013,2,6,Jun,2013-06,Summer,17.55,7.3,0,0,None,Strong (45-60 km/h),North
1803,2013-06-02,14.4,15.8,14.8,3.0,1.8,S,81,W,SW,20,24,92,68,1006.1,1009.8,8,7,14.7,14.0,Yes,Yes,Yes,2013-06-03,True,1.0,0,1,2013,2,6,Jun,2013-06,Summer,15.1,1.4,0,1,Heavy,Gale (>60 km/h),South
1804,2013-06-03,9.9,19.5,34.4,4.6,9.7,W,41,W,SSE,24,13,57,44,1020.5,1018.9,1,1,11.7,19.1,Yes,No,No,2013-06-04,True,1.0,0,0,2013,2,6,Jun,2013-06,Summer,14.7,9.6,0,1,Heavy,Moderate (30-45 km/h),West
1805,2013-06-04,10.3,21.1,0.0,3.6,9.3,W,41,W,S,24,9,66,53,1026.3,1023.8,3,1,12.2,20.7,No,No,No,2013-06-05,True,1.0,0,0,2013,2,6,Jun,2013-06,Summer,15.7,10.8,0,0,None,Moderate (30-45 km/h),West
1806,2013-06-05,10.5,19.3,0.0,3.4,2.3,W,26,WNW,ENE,7,13,87,70,1025.8,1021.6,8,7,11.7,18.3,No,No,No,2013-06-06,True,1.0,0,0,2013,2,6,Jun,2013-06,Summer,14.9,8.8,0,0,None,Light (<30 km/h),West
1807,2013-06-06,11.7,20.1,0.0,1.6,2.3,NNW,26,W,NNE,15,6,61,59,1022.8,1020.0,7,8,14.9,19.2,No,No,No,2013-06-07,True,1.0,0,0,2013,2,6,Jun,2013-06,Summer,15.9,8.4,0,0,None,Light (<30 km/h),North
1808,2013-06-07,14.9,22.2,0.0,2.0,1.8,SSE,41,NNW,SSW,20,15,70,55,1019.8,1018.5,8,6,18.5,21.6,No,No,No,2013-06-08,True,1.0,0,0,2013,2,6,Jun,2013-06,Summer,18.55,7.3,0,0,None,Moderate (30-45 km/h),South
1809,2013-06-08,13.5,19.2,0.0,3.0,1.5,SSE,43,W,SE,19,11,73,53,1030.7,1028.6,7,7,14.2,17.5,No,No,No,2013-06-09,True,1.0,0,0,2013,2,6,Jun,2013-06,Summer,16.35,5.7,0,0,None,Moderate (30-45 km/h),South
1810,2013-06-09,11.0,18.9,0.0,7.0,6.9,ENE,26,W,ENE,13,15,80,63,1028.6,1024.3,4,7,12.6,18.4,No,No,No,2013-06-10,True,1.0,0,0,2013,2,6,Jun,2013-06,Summer,14.95,7.9,0,0,None,Light (<30 km/h),East
1811,2013-06-10,10.5,21.5,0.0,1.4,3.9,NNW,28,W,WNW,13,17,90,67,1021.6,1018.7,2,8,11.1,18.5,No,No,No,2013-06-11,True,1.0,0,0,2013,2,6,Jun,2013-06,Summer,16.0,11.0,0,0,None,Light (<30 km/h),North
1812,2013-06-11,10.5,19.6,0.8,0.2,8.5,W,30,W,WNW,17,9,94,54,1021.0,1017.6,3,6,11.3,18.4,No,No,No,2013-06-12,True,1.0,0,0,2013,2,6,Jun,2013-06,Summer,15.05,9.1,0,0,Light,Moderate (30-45 km/h),West
1813,2013-06-12,10.4,16.0,0.0,2.0,1.0,W,41,WNW,W,13,19,85,90,1015.1,1009.7,7,6,11.6,15.8,No,Yes,Yes,2013-06-13,True,1.0,0,0,2013,2,6,Jun,2013-06,Summer,13.2,5.6,0,0,None,Moderate (30-45 km/h),West
1814,2013-06-13,10.6,20.9,8.4,0.6,8.6,NW,48,WNW,WNW,15,20,89,45,1007.0,1004.3,3,3,13.4,20.1,Yes,No,No,2013-06-14,True,1.0,0,0,2013,2,6,Jun,2013-06,Summer,15.75,10.3,0,1,Moderate,Strong (45-60 km/h),North
1815,2013-06-14,11.7,20.1,0.0,3.6,7.0,W,46,NNW,WSW,17,22,64,46,1005.2,1002.9,2,6,14.0,18.5,No,No,No,2013-06-15,True,1.0,0,0,2013,2,6,Jun,2013-06,Summer,15.9,8.4,0,0,None,Strong (45-60 km/h),West
1816,2013-06-15,13.0,17.6,0.0,4.0,5.0,WSW,43,WSW,SSW,24,11,58,46,1009.9,1009.9,4,7,13.8,17.3,No,No,No,2013-06-16,True,1.0,0,0,2013,2,6,Jun,2013-06,Summer,15.3,4.6,0,0,None,Moderate (30-45 km/h),West
1817,2013-06-16,9.7,19.1,0.0,3.2,9.5,W,41,W,S,24,15,59,50,1014.4,1011.6,2,4,11.8,16.6,No,No,No,2013-06-17,True,1.0,0,0,2013,2,6,Jun,2013-06,Summer,14.4,9.4,0,0,None,Moderate (30-45 km/h),West
1818,2013-06-17,8.5,17.7,0.0,3.8,3.8,S,44,W,SW,26,17,65,56,1009.5,1008.3,6,6,11.0,15.7,No,No,No,2013-06-18,True,1.0,0,0,2013,2,6,Jun,2013-06,Summer,13.1,9.2,0,0,None,Moderate (30-45 km/h),South
1819,2013-06-18,8.0,19.2,0.0,1.6,8.0,S,43,W,S,26,17,76,52,1013.5,1012.2,1,2,9.6,16.1,No,Yes,Yes,2013-06-19,True,1.0,0,0,2013,2,6,Jun,2013-06,Summer,13.6,11.2,0,0,None,Moderate (30-45 km/h),South
1820,2013-06-19,8.7,16.1,15.6,3.2,0.0,S,52,W,SSW,24,26,80,65,1021.7,1021.3,6,7,10.5,14.3,Yes,Yes,Yes,2013-06-20,True,1.0,0,0,2013,2,6,Jun,2013-06,Summer,12.4,7.4,0,1,Heavy,Strong (45-60 km/h),South
1821,2013-06-20,8.7,16.6,1.4,2.8,7.2,SSW,39,W,SSW,26,20,71,57,1024.2,1021.0,3,6,9.9,15.6,Yes,No,No,2013-06-21,True,1.0,0,0,2013,2,6,Jun,2013-06,Summer,12.65,7.9,0,1,Light,Moderate (30-45 km/h),South
1822,2013-06-21,8.0,17.3,0.0,2.0,8.1,W,31,W,SSW,19,15,79,58,1021.6,1019.1,5,2,9.6,16.1,No,Yes,Yes,2013-06-22,True,1.0,0,0,2013,2,6,Jun,2013-06,Summer,12.65,9.3,0,0,None,Moderate (30-45 km/h),West
1823,2013-06-22,7.7,13.5,1.2,2.4,0.0,SE,39,W,SSW,26,17,87,83,1024.9,1024.2,7,7,7.9,11.9,Yes,Yes,Yes,2013-06-23,True,1.0,0,0,2013,2,6,Jun,2013-06,Summer,10.6,5.8,0,1,Light,Moderate (30-45 km/h),East
1824,2013-06-23,7.6,13.9,56.2,0.4,0.2,SSE,41,WNW,SSW,7,19,93,90,1028.5,1026.7,7,7,11.0,11.9,Yes,Yes,Yes,2013-06-24,True,1.0,0,1,2013,2,6,Jun,2013-06,Summer,10.75,6.3,0,1,Extreme,Moderate (30-45 km/h),South
1825,2013-06-24,9.6,13.8,53.4,0.2,0.1,W,39,W,WNW,17,11,91,77,1021.7,1017.9,7,7,10.2,13.1,Yes,Yes,Yes,2013-06-25,True,1.0,0,1,2013,2,6,Jun,2013-06,Summer,11.7,4.2,0,1,Extreme,Moderate (30-45 km/h),West
1826,2013-06-25,10.0,16.7,5.0,2.4,0.2,SSE,41,W,W,17,9,93,90,1016.3,1014.8,8,6,10.6,13.8,Yes,Yes,Yes,2013-06-26,True,1.0,0,0,2013,2,6,Jun,2013-06,Summer,13.35,6.7,0,1,Moderate,Moderate (30-45 km/h),South
1827,2013-06-26,10.5,19.8,15.6,1.4,4.3,SSE,52,SE,SE,31,20,84,63,1019.8,1020.0,7,7,16.7,19.2,Yes,No,No,2013-06-27,True,1.0,0,0,2013,2,6,Jun,2013-06,Summer,15.15,9.3,0,1,Heavy,Strong (45-60 km/h),South
1828,2013-06-27,12.8,18.8,0.8,3.4,2.4,WNW,26,W,ESE,15,19,93,64,1022.9,1020.7,7,7,13.4,17.6,No,Yes,Yes,2013-06-28,True,1.0,0,0,2013,2,6,Jun,2013-06,Summer,15.8,6.0,0,0,Light,Light (<30 km/h),West
1829,2013-06-28,12.9,16.1,16.8,2.8,0.0,ESE,41,W,ENE,9,15,93,83,1023.7,1022.5,7,7,13.3,16.0,Yes,Yes,Yes,2013-06-29,True,1.0,0,0,2013,2,6,Jun,2013-06,Summer,14.5,3.2,0,1,Heavy,Moderate (30-45 km/h),East
1830,2013-06-29,12.7,14.2,41.0,3.2,0.0,E,28,SSE,SSE,9,9,90,87,1024.8,1023.0,8,8,13.6,13.2,Yes,Yes,Yes,2013-06-30,True,1.0,0,0,2013,2,6,Jun,2013-06,Summer,13.45,1.5,0,1,Heavy,Light (<30 km/h),East
1831,2013-06-30,11.3,17.1,51.0,2.0,2.2,SE,37,W,SSW,11,9,94,82,1025.7,1023.5,7,5,12.4,16.6,Yes,Yes,Yes,2013-07-01,True,1.0,0,1,2013,2,6,Jun,2013-06,Summer,14.2,5.8,0,1,Extreme,Moderate (30-45 km/h),East
1832,2013-07-01,8.8,20.1,9.8,0.8,9.8,W,26,W,E,20,7,89,56,1024.4,1021.9,1,1,10.3,18.5,Yes,No,No,2013-07-02,True,1.0,0,0,2013,3,7,Jul,2013-07,Summer,14.45,11.3,0,1,Moderate,Light (<30 km/h),West
1833,2013-07-02,8.8,19.9,0.0,2.2,9.8,W,33,W,WNW,20,4,77,46,1024.9,1021.0,1,2,10.2,18.9,No,No,No,2013-07-03,True,1.0,0,0,2013,3,7,Jul,2013-07,Summer,14.35,11.1,0,0,None,Moderate (30-45 km/h),West
1834,2013-07-03,8.1,19.8,0.0,2.2,9.5,W,26,WNW,NNE,19,13,82,53,1024.4,1020.8,1,0,9.5,19.2,No,No,No,2013-07-04,True,1.0,0,0,2013,3,7,Jul,2013-07,Summer,13.95,11.7,0,0,None,Light (<30 km/h),West
1835,2013-07-04,8.5,23.4,0.0,2.6,9.8,NW,43,NNW,NNW,17,22,57,38,1016.3,1011.5,0,1,14.7,22.6,No,No,No,2013-07-05,True,1.0,0,0,2013,3,7,Jul,2013-07,Summer,15.95,14.9,0,0,None,Moderate (30-45 km/h),North
1836,2013-07-05,14.7,19.5,0.0,4.0,9.7,W,65,NW,W,20,33,54,30,1010.9,1010.8,1,1,16.0,18.5,No,No,No,2013-07-06,True,1.0,0,0,2013,3,7,Jul,2013-07,Summer,17.1,4.8,0,0,None,Gale (>60 km/h),West
1837,2013-07-06,7.8,17.4,0.0,4.2,9.8,WSW,37,WNW,WNW,13,19,57,31,1020.1,1018.1,0,0,10.2,17.1,No,No,No,2013-07-07,True,1.0,0,0,2013,3,7,Jul,2013-07,Summer,12.6,9.6,0,0,None,Moderate (30-45 km/h),West
1838,2013-07-07,7.4,19.1,0.0,4.0,9.5,W,35,W,WSW,19,11,62,35,1026.9,1025.6,1,1,10.0,17.7,No,No,No,2013-07-08,True,1.0,0,0,2013,3,7,Jul,2013-07,Summer,13.25,11.7,0,0,None,Moderate (30-45 km/h),West
1839,2013-07-08,7.4,19.2,0.0,2.2,9.1,W,33,W,SSE,19,17,68,36,1031.7,1029.9,0,3,9.3,17.7,No,Yes,Yes,2013-07-09,True,1.0,0,0,2013,3,7,Jul,2013-07,Summer,13.3,11.8,0,0,None,Moderate (30-45 km/h),West
1840,2013-07-09,8.7,13.6,1.6,3.0,1.0,W,30,W,SSW,19,17,83,84,1035.0,1033.6,5,7,9.3,11.8,Yes,Yes,Yes,2013-07-10,True,1.0,0,0,2013,3,7,Jul,2013-07,Summer,11.15,4.9,0,1,Light,Moderate (30-45 km/h),West
1841,2013-07-10,8.9,15.9,8.0,1.2,2.7,W,24,W,SSE,17,13,84,71,1033.5,1031.6,7,6,10.3,14.8,Yes,No,No,2013-07-11,True,1.0,0,0,2013,3,7,Jul,2013-07,Summer,12.4,7.0,0,1,Moderate,Light (<30 km/h),West
1842,2013-07-11,8.2,18.4,0.0,1.2,8.2,W,30,W,E,20,9,91,62,1035.3,1032.2,2,5,9.1,17.0,No,No,No,2013-07-12,True,1.0,0,0,2013,3,7,Jul,2013-07,Summer,13.3,10.2,0,0,None,Moderate (30-45 km/h),West
1843,2013-07-12,8.3,20.2,0.2,1.2,8.4,W,30,W,WNW,17,6,92,46,1031.1,1027.1,1,1,9.6,19.2,No,No,No,2013-07-13,True,1.0,0,0,2013,3,7,Jul,2013-07,Summer,14.25,11.9,0,0,Light,Moderate (30-45 km/h),West
1844,2013-07-13,8.3,17.4,0.0,3.0,5.0,WNW,26,W,E,15,2,85,61,1029.2,1027.3,7,6,10.9,17.3,No,No,No,2013-07-14,True,1.0,0,0,2013,3,7,Jul,2013-07,Summer,12.85,9.1,0,0,None,Light (<30 km/h),West
1845,2013-07-14,8.9,18.4,0.0,1.0,8.5,W,24,W,NE,11,15,88,60,1028.4,1025.4,4,8,10.7,17.5,No,No,No,2013-07-15,True,1.0,0,0,2013,3,7,Jul,2013-07,Summer,13.65,9.5,0,0,None,Light (<30 km/h),West
1846,2013-07-15,10.7,22.0,0.2,3.6,1.7,NNW,33,NW,NNW,4,13,78,58,1024.6,1021.9,7,7,15.4,19.4,No,Yes,Yes,2013-07-16,True,1.0,0,0,2013,3,7,Jul,2013-07,Summer,16.35,11.3,0,0,Light,Moderate (30-45 km/h),North
1847,2013-07-16,14.4,21.6,1.4,0.2,3.4,NW,26,W,NE,9,13,88,67,1024.7,1022.1,7,4,15.1,19.6,Yes,Yes,Yes,2013-07-17,True,1.0,0,0,2013,3,7,Jul,2013-07,Summer,18.0,7.2,0,1,Light,Light (<30 km/h),North
1848,2013-07-17,13.0,24.3,4.8,1.8,8.7,NE,22,W,E,9,9,85,48,1023.8,1020.6,4,3,14.5,23.0,Yes,No,No,2013-07-18,True,1.0,0,0,2013,3,7,Jul,2013-07,Summer,18.65,11.3,0,1,Moderate,Light (<30 km/h),North
1849,2013-07-18,13.3,22.6,0.0,2.4,3.9,NNE,30,W,NE,7,13,85,72,1022.9,1019.4,7,7,15.1,19.4,No,No,No,2013-07-19,True,1.0,0,0,2013,3,7,Jul,2013-07,Summer,17.95,9.3,0,0,None,Moderate (30-45 km/h),North
1850,2013-07-19,15.0,20.4,0.0,3.2,1.6,NNW,57,NE,N,15,17,66,73,1015.7,1011.7,4,7,18.1,17.5,No,No,No,2013-07-20,True,1.0,0,0,2013,3,7,Jul,2013-07,Summer,17.7,5.4,0,0,None,Strong (45-60 km/h),North
1851,2013-07-20,14.5,20.4,0.8,2.4,8.9,NNW,48,N,NW,17,26,65,38,1009.3,1005.4,2,2,16.5,19.8,No,No,No,2013-07-21,True,1.0,0,0,2013,3,7,Jul,2013-07,Summer,17.45,5.9,0,0,Light,Strong (45-60 km/h),North
1852,2013-07-21,8.5,16.3,0.2,6.4,10.1,NW,54,NW,WNW,24,31,49,29,1016.0,1013.2,1,1,11.0,16.0,No,No,No,2013-07-22,True,1.0,0,0,2013,3,7,Jul,2013-07,Summer,12.4,7.8,0,0,Light,Strong (45-60 km/h),North
1853,2013-07-22,8.7,17.2,0.0,3.8,9.9,WNW,54,WNW,W,17,26,54,28,1019.4,1016.3,2,2,12.2,16.6,No,No,No,2013-07-23,True,1.0,0,0,2013,3,7,Jul,2013-07,Summer,12.95,8.5,0,0,None,Strong (45-60 km/h),West
1854,2013-07-23,7.1,17.7,0.0,3.2,8.0,WSW,44,W,WSW,17,19,60,42,1019.9,1018.5,1,7,11.0,15.9,No,No,No,2013-07-24,True,1.0,0,0,2013,3,7,Jul,2013-07,Summer,12.4,10.6,0,0,None,Moderate (30-45 km/h),West
1855,2013-07-24,10.1,17.0,0.0,4.0,4.8,SSW,48,WSW,SSW,17,20,61,46,1026.6,1026.4,1,6,12.3,16.6,No,No,No,2013-07-25,True,1.0,0,0,2013,3,7,Jul,2013-07,Summer,13.55,6.9,0,0,None,Strong (45-60 km/h),South
1856,2013-07-25,7.4,19.6,0.0,3.0,8.6,WNW,33,W,E,20,9,72,38,1029.8,1026.6,1,3,8.8,17.9,No,No,No,2013-07-26,True,1.0,0,0,2013,3,7,Jul,2013-07,Summer,13.5,12.2,0,0,None,Moderate (30-45 km/h),West
1857,2013-07-26,7.9,20.3,0.0,3.4,9.3,WNW,22,WNW,WNW,15,7,75,32,1025.9,1023.3,5,1,9.2,19.5,No,No,No,2013-07-27,True,1.0,0,0,2013,3,7,Jul,2013-07,Summer,14.1,12.4,0,0,None,Light (<30 km/h),West
1858,2013-07-27,7.4,18.7,0.0,1.8,9.9,W,28,W,E,22,15,62,56,1031.0,1028.2,1,1,9.4,17.8,No,No,No,2013-07-28,True,1.0,0,0,2013,3,7,Jul,2013-07,Summer,13.05,11.3,0,0,None,Light (<30 km/h),West
1859,2013-07-28,8.3,18.8,0.0,3.6,6.8,NNE,26,WNW,E,7,17,84,64,1029.8,1025.8,6,6,9.7,18.1,No,No,No,2013-07-29,True,1.0,0,0,2013,3,7,Jul,2013-07,Summer,13.55,10.5,0,0,None,Light (<30 km/h),North
1860,2013-07-29,9.7,24.0,0.0,2.6,10.2,NNW,37,N,N,22,11,53,35,1025.2,1020.8,6,1,17.6,23.3,No,No,No,2013-07-30,True,1.0,0,0,2013,3,7,Jul,2013-07,Summer,16.85,14.3,0,0,None,Moderate (30-45 km/h),North
1861,2013-07-30,11.1,21.5,0.0,3.4,3.4,SSW,48,W,ENE,13,6,73,49,1019.9,1017.8,6,5,12.8,19.7,No,Yes,Yes,2013-07-31,True,1.0,0,0,2013,3,7,Jul,2013-07,Summer,16.3,10.4,0,0,None,Strong (45-60 km/h),South
1862,2013-07-31,12.6,18.4,5.6,2.6,8.1,S,43,SSW,S,20,22,82,61,1023.9,1022.7,7,4,13.9,17.0,Yes,No,No,2013-08-01,True,1.0,0,0,2013,3,7,Jul,2013-07,Summer,15.5,5.8,0,1,Moderate,Moderate (30-45 km/h),South
1863,2013-08-01,8.1,19.6,0.0,3.4,10.1,W,30,WNW,ESE,24,15,71,54,1023.3,1020.1,2,3,11.0,17.5,No,No,No,2013-08-02,True,1.0,0,0,2013,3,8,Aug,2013-08,Summer,13.85,11.5,0,0,None,Moderate (30-45 km/h),West
1864,2013-08-02,9.1,20.3,0.0,2.2,6.8,W,31,W,W,15,19,83,31,1018.0,1012.7,7,3,10.9,19.7,No,No,No,2013-08-03,True,1.0,0,0,2013,3,8,Aug,2013-08,Summer,14.7,11.2,0,0,None,Moderate (30-45 km/h),West
1865,2013-08-03,10.4,19.6,0.0,3.6,10.0,NW,37,W,W,7,4,51,29,1016.0,1012.1,4,1,13.5,19.2,No,No,No,2013-08-04,True,1.0,0,0,2013,3,8,Aug,2013-08,Summer,15.0,9.2,0,0,None,Moderate (30-45 km/h),North
1866,2013-08-04,10.9,19.9,0.0,4.2,8.5,WSW,44,NW,WSW,9,24,54,29,1013.6,1012.2,6,5,14.0,18.0,No,No,No,2013-08-05,True,1.0,0,0,2013,3,8,Aug,2013-08,Summer,15.4,9.0,0,0,None,Moderate (30-45 km/h),West
1867,2013-08-05,9.5,21.0,0.0,3.8,10.0,WNW,50,WNW,WNW,11,15,52,34,1017.6,1013.6,1,2,13.1,20.4,No,No,No,2013-08-06,True,1.0,0,0,2013,3,8,Aug,2013-08,Summer,15.25,11.5,0,0,None,Strong (45-60 km/h),West
1868,2013-08-06,11.9,23.9,0.0,5.6,8.7,NNW,52,NW,WNW,20,17,48,30,1011.9,1008.0,5,5,16.4,22.1,No,No,No,2013-08-07,True,1.0,0,0,2013,3,8,Aug,2013-08,Summer,17.9,12.0,0,0,None,Strong (45-60 km/h),North
1869,2013-08-07,10.8,17.9,0.8,4.8,8.3,WSW,35,W,ESE,17,15,57,49,1013.6,1009.3,2,7,13.0,16.0,No,Yes,Yes,2013-08-08,True,1.0,0,0,2013,3,8,Aug,2013-08,Summer,14.35,7.1,0,0,Light,Moderate (30-45 km/h),West
1870,2013-08-08,9.3,13.1,9.6,3.8,1.3,SSW,57,W,SSW,24,24,85,74,1008.3,1009.8,7,7,9.3,12.6,Yes,Yes,Yes,2013-08-09,True,1.0,0,0,2013,3,8,Aug,2013-08,Summer,11.2,3.8,0,1,Moderate,Strong (45-60 km/h),South
1871,2013-08-09,7.0,17.4,4.2,0.6,6.7,W,35,W,NW,20,9,60,43,1018.9,1014.0,4,7,11.2,17.1,Yes,No,No,2013-08-10,True,1.0,0,0,2013,3,8,Aug,2013-08,Summer,12.2,10.4,0,1,Moderate,Moderate (30-45 km/h),West
1872,2013-08-10,10.5,23.5,0.0,4.0,10.6,W,31,W,NW,11,11,46,33,1016.0,1013.4,0,1,13.4,23.5,No,No,No,2013-08-11,True,1.0,0,0,2013,3,8,Aug,2013-08,Summer,17.0,13.0,0,0,None,Moderate (30-45 km/h),West
1873,2013-08-11,9.0,21.8,0.0,3.8,10.4,WSW,31,WNW,E,13,11,61,38,1018.2,1013.5,1,1,12.7,19.2,No,No,No,2013-08-12,True,1.0,0,0,2013,3,8,Aug,2013-08,Summer,15.4,12.8,0,0,None,Moderate (30-45 km/h),West
1874,2013-08-12,12.0,24.4,0.2,3.8,5.4,W,94,N,W,9,48,40,40,1005.8,1004.2,3,7,19.6,18.9,No,No,No,2013-08-13,True,1.0,0,1,2013,3,8,Aug,2013-08,Summer,18.2,12.4,0,0,Light,Gale (>60 km/h),West
1875,2013-08-13,9.6,22.8,0.0,5.8,10.8,W,35,NNW,WNW,13,9,35,25,1013.7,1012.2,1,1,14.5,22.2,No,No,No,2013-08-14,True,1.0,0,0,2013,3,8,Aug,2013-08,Summer,16.2,13.2,0,0,None,Moderate (30-45 km/h),West
1876,2013-08-14,12.5,24.1,0.0,4.2,10.7,NNW,39,NNW,WNW,24,17,39,22,1013.6,1007.7,2,1,15.9,23.9,No,No,No,2013-08-15,True,1.0,0,0,2013,3,8,Aug,2013-08,Summer,18.3,11.6,0,0,None,Moderate (30-45 km/h),North
1877,2013-08-15,10.5,18.7,0.0,8.0,10.7,W,57,WSW,S,24,19,42,29,1019.0,1019.8,1,1,12.3,17.7,No,No,No,2013-08-16,True,1.0,0,0,2013,3,8,Aug,2013-08,Summer,14.6,8.2,0,0,None,Strong (45-60 km/h),West
1878,2013-08-16,7.3,20.6,0.0,3.6,10.7,NE,41,WNW,ENE,17,26,61,36,1023.7,1016.9,0,0,10.8,19.1,No,No,No,2013-08-17,True,1.0,0,0,2013,3,8,Aug,2013-08,Summer,13.95,13.3,0,0,None,Moderate (30-45 km/h),North
1879,2013-08-17,10.7,24.4,0.0,6.2,10.5,WNW,57,NNE,W,20,26,41,34,1010.1,1006.7,1,4,17.6,22.6,No,No,No,2013-08-18,True,1.0,0,0,2013,3,8,Aug,2013-08,Summer,17.55,13.7,0,0,None,Strong (45-60 km/h),West
1880,2013-08-18,11.3,23.3,0.0,6.6,10.7,WNW,39,NW,NNW,15,20,38,28,1016.9,1011.9,0,1,16.2,22.8,No,No,No,2013-08-19,True,1.0,0,0,2013,3,8,Aug,2013-08,Summer,17.3,12.0,0,0,None,Moderate (30-45 km/h),West
1881,2013-08-19,13.6,20.9,0.0,7.8,9.9,W,59,N,WNW,7,39,33,25,1009.7,1007.0,2,5,17.0,19.8,No,No,No,2013-08-20,True,1.0,0,0,2013,3,8,Aug,2013-08,Summer,17.25,7.3,0,0,None,Strong (45-60 km/h),West
1882,2013-08-20,8.4,16.6,0.0,6.2,10.8,WSW,56,WSW,WSW,26,22,43,26,1013.7,1011.9,1,1,10.7,15.4,No,No,No,2013-08-21,True,1.0,0,0,2013,3,8,Aug,2013-08,Summer,12.5,8.2,0,0,None,Strong (45-60 km/h),West
1883,2013-08-21,7.6,18.1,0.0,3.0,10.3,W,50,W,W,20,20,50,30,1016.3,1013.4,2,3,11.3,17.5,No,No,No,2013-08-22,True,1.0,0,0,2013,3,8,Aug,2013-08,Summer,12.85,10.5,0,0,None,Strong (45-60 km/h),West
1884,2013-08-22,7.6,18.1,0.0,5.6,6.7,W,50,N,WNW,19,24,48,32,1013.8,1010.2,7,7,12.5,17.7,No,No,No,2013-08-23,True,1.0,0,0,2013,3,8,Aug,2013-08,Summer,12.85,10.5,0,0,None,Strong (45-60 km/h),West
1885,2013-08-23,11.8,18.6,0.0,4.0,2.5,WNW,56,NW,WNW,20,28,50,42,1010.2,1008.5,7,7,14.8,17.4,No,No,No,2013-08-24,True,1.0,0,0,2013,3,8,Aug,2013-08,Summer,15.2,6.8,0,0,None,Strong (45-60 km/h),West
1886,2013-08-24,12.2,22.7,0.0,4.0,10.8,W,35,WSW,ESE,26,19,52,42,1020.1,1020.0,2,4,15.9,21.8,No,No,No,2013-08-25,True,1.0,0,0,2013,3,8,Aug,2013-08,Summer,17.45,10.5,0,0,None,Moderate (30-45 km/h),West
1887,2013-08-25,9.9,23.6,0.0,4.2,10.7,SW,35,WNW,E,17,17,72,53,1024.0,1020.4,1,1,12.7,19.6,No,No,No,2013-08-26,True,1.0,0,0,2013,3,8,Aug,2013-08,Summer,16.75,13.7,0,0,None,Moderate (30-45 km/h),South
1888,2013-08-26,10.3,22.0,0.0,3.6,9.6,W,33,WNW,WNW,20,11,54,30,1024.6,1020.4,3,6,14.2,21.6,No,No,No,2013-08-27,True,1.0,0,0,2013,3,8,Aug,2013-08,Summer,16.15,11.7,0,0,None,Moderate (30-45 km/h),West
1889,2013-08-27,11.5,21.9,0.0,2.2,9.4,W,24,W,ESE,15,15,58,60,1022.0,1018.6,4,2,15.4,19.9,No,No,No,2013-08-28,True,1.0,0,0,2013,3,8,Aug,2013-08,Summer,16.7,10.4,0,0,None,Light (<30 km/h),West
1890,2013-08-28,11.8,23.3,0.0,3.0,10.8,SSE,39,W,SSE,20,24,72,38,1021.5,1020.2,1,2,14.9,22.1,No,No,No,2013-08-29,True,1.0,0,0,2013,3,8,Aug,2013-08,Summer,17.55,11.5,0,0,None,Moderate (30-45 km/h),South
1891,2013-08-29,11.4,21.8,0.0,3.8,6.7,NNE,56,WNW,NE,17,17,69,59,1024.4,1019.4,6,7,15.3,20.0,No,No,No,2013-08-30,True,1.0,0,0,2013,3,8,Aug,2013-08,Summer,16.6,10.4,0,0,None,Strong (45-60 km/h),North
1892,2013-08-30,15.2,24.7,0.0,5.2,10.2,N,39,N,ENE,22,6,46,53,1015.1,1011.4,1,1,21.7,23.5,No,No,No,2013-08-31,True,1.0,0,0,2013,3,8,Aug,2013-08,Summer,19.95,9.5,0,0,None,Moderate (30-45 km/h),North
1893,2013-08-31,14.9,24.5,0.0,5.8,8.2,W,30,WNW,SE,22,11,60,34,1021.5,1020.0,7,4,15.9,23.6,No,No,No,2013-09-01,True,1.0,0,0,2013,3,8,Aug,2013-08,Summer,19.7,9.6,0,0,None,Moderate (30-45 km/h),West
1894,2013-09-01,11.4,22.2,0.0,4.8,10.1,ENE,26,WNW,E,17,20,57,62,1028.5,1026.6,1,1,15.8,20.6,No,No,No,2013-09-02,True,1.0,0,0,2013,3,9,Sep,2013-09,Autumn,16.8,10.8,0,0,None,Light (<30 km/h),East
1895,2013-09-02,12.2,22.0,0.0,4.0,11.0,NE,28,W,NE,19,17,71,41,1031.2,1029.1,6,2,15.9,21.4,No,No,No,2013-09-03,True,1.0,0,0,2013,3,9,Sep,2013-09,Autumn,17.1,9.8,0,0,None,Light (<30 km/h),North
1896,2013-09-03,12.0,21.9,0.0,4.2,10.4,ENE,31,WNW,ENE,11,20,66,56,1034.0,1031.3,1,1,16.4,21.2,No,No,No,2013-09-04,True,1.0,0,0,2013,3,9,Sep,2013-09,Autumn,16.95,9.9,0,0,None,Moderate (30-45 km/h),East
1897,2013-09-04,12.2,21.1,0.0,3.8,10.1,NE,41,W,NE,13,20,75,52,1033.6,1028.7,1,1,15.7,20.7,No,No,No,2013-09-05,True,1.0,0,0,2013,3,9,Sep,2013-09,Autumn,16.65,8.9,0,0,None,Moderate (30-45 km/h),North
1898,2013-09-05,12.2,28.8,0.0,5.8,10.1,W,28,W,WNW,13,11,62,29,1027.3,1023.0,1,5,17.7,28.5,No,No,No,2013-09-06,True,1.0,0,0,2013,3,9,Sep,2013-09,Autumn,20.5,16.6,0,0,None,Light (<30 km/h),West
1899,2013-09-06,16.0,23.3,0.0,5.0,8.5,WNW,24,SSW,E,13,15,74,70,1026.9,1023.1,7,7,20.5,21.2,No,No,No,2013-09-07,True,1.0,0,0,2013,3,9,Sep,2013-09,Autumn,19.65,7.3,0,0,None,Light (<30 km/h),West
1900,2013-09-07,15.4,31.1,0.0,3.2,9.1,SSE,39,W,ENE,13,15,74,23,1022.4,1018.1,5,4,19.2,29.9,No,No,No,2013-09-08,True,1.0,0,0,2013,3,9,Sep,2013-09,Autumn,23.25,15.7,0,0,None,Moderate (30-45 km/h),South
1901,2013-09-08,17.0,21.2,0.0,4.6,1.7,SSE,41,SSE,ESE,13,13,78,73,1026.2,1023.0,7,7,17.5,18.7,No,No,No,2013-09-09,True,1.0,0,0,2013,3,9,Sep,2013-09,Autumn,19.1,4.2,0,0,None,Moderate (30-45 km/h),South
1902,2013-09-09,15.3,26.1,0.0,2.2,5.1,NNW,33,N,NE,9,11,70,69,1021.0,1014.0,2,7,21.1,22.5,No,No,No,2013-09-10,True,1.0,0,0,2013,3,9,Sep,2013-09,Autumn,20.7,10.8,0,0,None,Moderate (30-45 km/h),North
1903,2013-09-10,20.1,31.6,0.0,7.4,9.7,NNW,74,NW,WNW,33,31,24,14,1005.5,1000.4,2,4,25.9,30.6,No,No,No,2013-09-11,True,1.0,0,0,2013,3,9,Sep,2013-09,Autumn,25.85,11.5,0,0,None,Gale (>60 km/h),North
1904,2013-09-11,14.7,25.0,0.0,11.6,6.8,WNW,43,W,WSW,28,15,38,22,1011.7,1008.7,5,3,16.9,24.5,No,No,No,2013-09-12,True,1.0,0,0,2013,3,9,Sep,2013-09,Autumn,19.85,10.3,0,0,None,Moderate (30-45 km/h),West
1905,2013-09-12,12.1,23.6,0.0,6.4,10.2,S,74,W,SW,15,6,41,27,1015.2,1010.1,1,4,17.5,22.4,No,No,No,2013-09-13,True,1.0,0,0,2013,3,9,Sep,2013-09,Autumn,17.85,11.5,0,0,None,Gale (>60 km/h),South
1906,2013-09-13,10.0,18.5,0.0,5.6,6.1,SSW,41,SW,ENE,20,24,67,56,1021.9,1018.1,7,7,14.9,16.9,No,Yes,Yes,2013-09-14,True,1.0,0,0,2013,3,9,Sep,2013-09,Autumn,14.25,8.5,0,0,None,Moderate (30-45 km/h),South
1907,2013-09-14,14.1,22.9,2.2,3.4,8.4,ENE,54,W,S,17,24,75,59,1011.2,1009.1,5,3,17.0,20.2,Yes,No,No,2013-09-15,True,1.0,0,0,2013,3,9,Sep,2013-09,Autumn,18.5,8.8,0,1,Light,Strong (45-60 km/h),East
1908,2013-09-15,12.8,18.8,0.0,4.0,6.2,WSW,33,S,ENE,6,17,74,66,1018.4,1016.3,7,5,16.4,17.9,No,Yes,Yes,2013-09-16,True,1.0,0,0,2013,3,9,Sep,2013-09,Autumn,15.8,6.0,0,0,None,Moderate (30-45 km/h),West
1909,2013-09-16,14.6,17.7,1.2,2.2,0.0,ENE,80,S,ENE,6,35,75,91,1016.0,1010.0,8,8,16.5,16.5,Yes,Yes,Yes,2013-09-17,True,1.0,0,1,2013,3,9,Sep,2013-09,Autumn,16.15,3.1,0,1,Light,Gale (>60 km/h),East
1910,2013-09-17,15.2,23.9,32.2,4.8,5.7,WNW,57,N,NNW,22,28,73,42,1000.8,998.3,6,5,17.7,23.2,Yes,No,No,2013-09-18,True,1.0,0,0,2013,3,9,Sep,2013-09,Autumn,19.55,8.7,0,1,Heavy,Strong (45-60 km/h),West
1911,2013-09-18,15.2,25.3,0.0,6.8,10.7,W,48,NW,W,20,28,53,28,1002.0,1000.0,6,1,20.7,24.7,No,No,No,2013-09-19,True,1.0,0,0,2013,3,9,Sep,2013-09,Autumn,20.25,10.1,0,0,None,Strong (45-60 km/h),West
1912,2013-09-19,14.2,23.4,0.2,7.6,11.2,WNW,63,W,WNW,9,46,31,21,1005.7,1002.9,0,1,19.9,22.9,No,No,No,2013-09-20,True,1.0,0,0,2013,3,9,Sep,2013-09,Autumn,18.8,9.2,0,0,Light,Gale (>60 km/h),West
1913,2013-09-20,11.4,21.6,0.0,6.2,10.3,WSW,69,NNW,SW,13,24,34,30,1007.9,1006.2,2,6,18.6,18.9,No,No,No,2013-09-21,True,1.0,0,0,2013,3,9,Sep,2013-09,Autumn,16.5,10.2,0,0,None,Gale (>60 km/h),West
1914,2013-09-21,11.3,22.0,0.0,7.0,11.0,W,37,W,ESE,22,19,49,42,1014.8,1012.2,1,2,16.8,20.1,No,No,No,2013-09-22,True,1.0,0,0,2013,3,9,Sep,2013-09,Autumn,16.65,10.7,0,0,None,Moderate (30-45 km/h),West
1915,2013-09-22,11.0,25.2,0.0,4.6,10.5,E,28,WNW,ENE,11,20,57,51,1014.9,1011.6,1,2,16.9,21.6,No,No,No,2013-09-23,True,1.0,0,0,2013,3,9,Sep,2013-09,Autumn,18.1,14.2,0,0,None,Light (<30 km/h),East
1916,2013-09-23,12.9,24.4,0.0,5.4,10.9,ENE,24,W,E,7,13,55,54,1012.0,1007.3,1,1,19.1,22.8,No,No,No,2013-09-24,True,1.0,0,0,2013,3,9,Sep,2013-09,Autumn,18.65,11.5,0,0,None,Light (<30 km/h),East
1917,2013-09-24,17.5,28.4,0.0,7.4,5.3,WSW,39,E,ENE,2,9,32,32,1004.1,1000.4,7,5,22.4,26.9,No,No,No,2013-09-25,True,1.0,0,0,2013,3,9,Sep,2013-09,Autumn,22.95,10.9,0,0,None,Moderate (30-45 km/h),West
1918,2013-09-25,15.6,28.8,0.0,6.4,10.7,NNE,43,W,NE,9,20,40,32,1009.8,1006.0,0,1,23.4,27.3,No,No,No,2013-09-26,True,1.0,0,0,2013,3,9,Sep,2013-09,Autumn,22.2,13.2,0,0,None,Moderate (30-45 km/h),North
1919,2013-09-26,16.2,31.8,0.0,8.4,11.4,W,41,NW,WNW,17,35,30,20,1002.9,1005.8,0,0,26.9,26.3,No,No,No,2013-09-27,True,1.0,0,0,2013,3,9,Sep,2013-09,Autumn,24.0,15.6,0,0,None,Moderate (30-45 km/h),West
1920,2013-09-27,12.7,22.6,0.0,12.2,11.4,W,46,W,E,19,19,29,39,1019.9,1016.6,0,0,18.1,19.9,No,No,No,2013-09-28,True,1.0,0,0,2013,3,9,Sep,2013-09,Autumn,17.65,9.9,0,0,None,Strong (45-60 km/h),West
1921,2013-09-28,11.7,29.3,0.0,8.0,11.5,W,76,W,W,13,39,47,13,1011.1,1005.2,1,1,18.9,27.9,No,No,No,2013-09-29,True,1.0,0,0,2013,3,9,Sep,2013-09,Autumn,20.5,17.6,0,0,None,Gale (>60 km/h),West
1922,2013-09-29,14.4,22.8,0.0,9.8,10.8,W,41,W,E,13,22,34,35,1017.4,1014.8,1,1,19.4,20.8,No,No,No,2013-09-30,True,1.0,0,0,2013,3,9,Sep,2013-09,Autumn,18.6,8.4,0,0,None,Moderate (30-45 km/h),West
1923,2013-09-30,12.4,27.4,0.0,6.4,10.6,NNE,35,W,NE,6,17,46,35,1016.6,1010.7,6,3,20.3,26.2,No,No,No,2013-10-01,True,1.0,0,0,2013,3,9,Sep,2013-09,Autumn,19.9,15.0,0,0,None,Moderate (30-45 km/h),North
1924,2013-10-01,20.2,32.2,0.0,8.6,3.0,NW,85,NNW,WNW,35,41,33,32,1003.8,1005.0,7,7,24.7,26.4,No,No,No,2013-10-02,True,1.0,0,1,2013,4,10,Oct,2013-10,Autumn,26.2,12.0,0,0,None,Gale (>60 km/h),North
1925,2013-10-02,13.0,26.6,0.0,9.8,11.2,NNW,48,NNW,ENE,17,15,31,26,1015.6,1007.6,1,7,20.8,26.0,No,No,No,2013-10-03,True,1.0,0,0,2013,4,10,Oct,2013-10,Autumn,19.8,13.6,0,0,None,Strong (45-60 km/h),North
1926,2013-10-03,15.2,18.9,0.0,10.0,3.7,WSW,65,WSW,S,30,24,41,41,1010.9,1014.3,2,4,17.7,17.2,No,Yes,Yes,2013-10-04,True,1.0,0,0,2013,4,10,Oct,2013-10,Autumn,17.05,3.7,0,0,None,Gale (>60 km/h),West
1927,2013-10-04,9.7,20.4,5.0,3.8,10.6,WSW,39,WNW,ESE,15,15,45,37,1022.4,1019.1,2,1,16.1,19.3,Yes,No,No,2013-10-05,True,1.0,0,0,2013,4,10,Oct,2013-10,Autumn,15.05,10.7,0,1,Moderate,Moderate (30-45 km/h),West
1928,2013-10-05,11.3,25.0,0.0,5.2,9.2,E,28,W,E,15,13,56,41,1016.5,1010.4,4,6,17.8,23.4,No,No,No,2013-10-06,True,1.0,0,0,2013,4,10,Oct,2013-10,Autumn,18.15,13.7,0,0,None,Light (<30 km/h),East
1929,2013-10-06,14.1,29.8,0.0,5.6,11.2,SSW,33,WNW,E,9,17,41,24,1010.5,1005.0,2,3,20.1,28.9,No,No,No,2013-10-07,True,1.0,0,0,2013,4,10,Oct,2013-10,Autumn,21.95,15.7,0,0,None,Moderate (30-45 km/h),South
1930,2013-10-07,15.8,21.9,0.0,9.8,10.4,SE,52,SSW,SSE,26,33,60,44,1011.2,1010.8,2,2,18.3,20.3,No,No,No,2013-10-08,True,1.0,0,0,2013,4,10,Oct,2013-10,Autumn,18.85,6.1,0,0,None,Strong (45-60 km/h),East
1931,2013-10-08,14.3,21.9,0.0,5.8,11.2,SSE,44,WNW,SSE,9,22,58,49,1014.0,1015.8,1,5,17.7,19.8,No,No,No,2013-10-09,True,1.0,0,0,2013,4,10,Oct,2013-10,Autumn,18.1,7.6,0,0,None,Moderate (30-45 km/h),South
1932,2013-10-09,12.3,27.3,0.0,5.0,11.9,ENE,30,W,NE,13,15,59,36,1019.0,1013.1,0,0,17.6,25.7,No,No,No,2013-10-10,True,1.0,0,0,2013,4,10,Oct,2013-10,Autumn,19.8,15.0,0,0,None,Moderate (30-45 km/h),East
1933,2013-10-10,17.6,37.3,0.0,10.0,10.0,S,74,NW,WNW,15,22,22,10,1009.7,1003.1,7,1,27.3,37.1,No,No,No,2013-10-11,True,1.0,0,0,2013,4,10,Oct,2013-10,Autumn,27.45,19.7,1,0,None,Gale (>60 km/h),South
1934,2013-10-11,17.9,22.1,0.0,13.2,10.0,SSE,61,SSE,ENE,24,19,64,49,1013.1,1012.7,5,1,18.4,20.5,No,No,No,2013-10-12,True,1.0,0,0,2013,4,10,Oct,2013-10,Autumn,20.0,4.2,0,0,None,Gale (>60 km/h),South
1935,2013-10-12,14.3,24.7,0.0,5.8,11.2,ENE,31,WNW,ENE,13,24,63,62,1016.0,1009.5,0,0,18.5,23.3,No,No,No,2013-10-13,True,1.0,0,0,2013,4,10,Oct,2013-10,Autumn,19.5,10.4,0,0,None,Moderate (30-45 km/h),East
1936,2013-10-13,17.5,35.0,0.0,6.6,10.8,WNW,80,WNW,WNW,11,46,45,10,1002.2,996.3,2,1,24.7,34.2,No,Yes,Yes,2013-10-14,True,1.0,0,1,2013,4,10,Oct,2013-10,Autumn,26.25,17.5,1,0,None,Gale (>60 km/h),West
1937,2013-10-14,13.1,20.7,5.0,15.2,6.7,WSW,44,SSW,ESE,28,24,44,34,1014.5,1014.4,5,2,14.8,19.3,Yes,No,No,2013-10-15,True,1.0,0,0,2013,4,10,Oct,2013-10,Autumn,16.9,7.6,0,1,Moderate,Moderate (30-45 km/h),West
1938,2013-10-15,10.7,24.3,0.0,5.8,12.1,E,33,WNW,NE,15,20,40,32,1022.6,1018.7,1,0,15.4,21.5,No,No,No,2013-10-16,True,1.0,0,0,2013,4,10,Oct,2013-10,Autumn,17.5,13.6,0,0,None,Moderate (30-45 km/h),East
1939,2013-10-16,12.7,28.3,0.0,6.4,11.7,NE,48,NNE,ENE,9,35,33,32,1018.9,1012.4,1,1,21.1,25.1,No,No,No,2013-10-17,True,1.0,0,0,2013,4,10,Oct,2013-10,Autumn,20.5,15.6,0,0,None,Strong (45-60 km/h),North
1940,2013-10-17,19.6,33.6,0.0,11.2,5.2,NW,80,N,WNW,31,43,23,10,1005.9,1003.3,7,7,27.5,31.5,No,No,No,2013-10-18,True,1.0,0,1,2013,4,10,Oct,2013-10,Autumn,26.6,14.0,0,0,None,Gale (>60 km/h),North
1941,2013-10-18,13.7,22.1,0.0,13.4,11.2,SW,41,W,E,15,22,30,43,1025.8,1025.1,2,2,17.9,19.7,No,No,No,2013-10-19,True,1.0,0,0,2013,4,10,Oct,2013-10,Autumn,17.9,8.4,0,0,None,Moderate (30-45 km/h),South
1942,2013-10-19,12.6,22.4,0.0,6.8,12.1,ENE,37,WNW,E,13,28,57,43,1028.1,1024.4,0,0,17.6,21.3,No,No,No,2013-10-20,True,1.0,0,0,2013,4,10,Oct,2013-10,Autumn,17.5,9.8,0,0,None,Moderate (30-45 km/h),East
1943,2013-10-20,15.5,24.4,0.0,7.2,10.9,NNE,48,W,ENE,4,19,65,59,1021.5,1016.5,0,5,20.7,23.4,No,No,No,2013-10-21,True,1.0,0,0,2013,4,10,Oct,2013-10,Autumn,19.95,8.9,0,0,None,Strong (45-60 km/h),North
1944,2013-10-21,16.6,28.9,0.0,6.2,10.3,NNE,37,W,ESE,11,15,56,48,1016.3,1011.9,0,6,21.4,26.7,No,No,No,2013-10-22,True,1.0,0,0,2013,4,10,Oct,2013-10,Autumn,22.75,12.3,0,0,None,Moderate (30-45 km/h),North
1945,2013-10-22,19.5,27.0,0.0,9.4,0.6,SW,50,SSW,ESE,20,7,72,65,1016.2,1011.7,7,8,21.4,24.2,No,Yes,Yes,2013-10-23,True,1.0,0,0,2013,4,10,Oct,2013-10,Autumn,23.25,7.5,0,0,None,Strong (45-60 km/h),South
1946,2013-10-23,20.1,33.6,3.6,2.8,11.9,NW,63,NNW,W,28,31,47,16,1004.8,1002.3,3,1,27.0,32.9,Yes,No,No,2013-10-24,True,1.0,0,0,2013,4,10,Oct,2013-10,Autumn,26.85,13.5,0,1,Moderate,Gale (>60 km/h),North
1947,2013-10-24,16.4,25.9,0.0,12.4,12.5,W,70,WSW,WSW,20,31,41,18,1011.7,1012.9,1,1,20.2,23.7,No,No,No,2013-10-25,True,1.0,0,0,2013,4,10,Oct,2013-10,Autumn,21.15,9.5,0,0,None,Gale (>60 km/h),West
1948,2013-10-25,12.2,23.4,0.0,10.8,10.4,E,35,WSW,E,20,26,28,31,1023.2,1019.2,1,0,16.0,20.7,No,No,No,2013-10-26,True,1.0,0,0,2013,4,10,Oct,2013-10,Autumn,17.8,11.2,0,0,None,Moderate (30-45 km/h),East
1949,2013-10-26,14.0,23.9,0.0,8.8,11.6,WSW,44,WSW,ESE,28,26,34,42,1020.9,1019.1,7,1,17.2,21.6,No,No,No,2013-10-27,True,1.0,0,0,2013,4,10,Oct,2013-10,Autumn,18.95,9.9,0,0,None,Moderate (30-45 km/h),West
1950,2013-10-27,14.6,22.3,0.0,6.0,9.1,ESE,37,NW,E,17,20,51,55,1022.5,1020.4,3,7,20.5,20.5,No,Yes,Yes,2013-10-28,True,1.0,0,0,2013,4,10,Oct,2013-10,Autumn,18.45,7.7,0,0,None,Moderate (30-45 km/h),East
1951,2013-10-28,15.6,22.3,28.2,3.2,5.7,ENE,61,ENE,E,15,19,81,61,1019.5,1014.3,7,2,19.5,22.2,Yes,No,No,2013-10-29,True,1.0,0,0,2013,4,10,Oct,2013-10,Autumn,18.95,6.7,0,1,Heavy,Gale (>60 km/h),East
1952,2013-10-29,16.4,26.3,0.0,4.8,5.0,S,93,W,E,15,0,78,68,1006.6,1008.7,7,7,19.5,18.9,No,No,No,2013-10-30,True,1.0,0,1,2013,4,10,Oct,2013-10,Autumn,21.35,9.9,0,0,None,Gale (>60 km/h),South
1953,2013-10-30,13.2,22.2,0.4,7.4,12.0,W,41,W,E,0,0,57,49,1019.6,1018.0,6,2,16.7,21.7,No,No,No,2013-10-31,True,1.0,0,0,2013,4,10,Oct,2013-10,Autumn,17.7,9.0,0,0,Light,Moderate (30-45 km/h),West
1954,2013-10-31,15.4,22.2,0.0,5.4,9.8,W,41,W,E,0,0,62,56,1022.0,1019.3,5,1,18.2,21.1,No,No,No,2013-11-01,True,1.0,0,0,2013,4,10,Oct,2013-10,Autumn,18.8,6.8,0,0,None,Moderate (30-45 km/h),West
1955,2013-11-01,17.3,21.7,0.0,8.0,7.7,W,41,W,E,0,0,63,61,1023.8,1020.2,7,7,19.0,21.0,No,No,No,2013-11-02,True,1.0,0,0,2013,4,11,Nov,2013-11,Autumn,19.5,4.4,0,0,None,Moderate (30-45 km/h),West
1956,2013-11-02,15.9,26.1,0.0,5.6,7.1,W,41,W,E,0,0,71,63,1018.2,1012.5,7,7,19.3,23.5,No,No,No,2013-11-03,True,1.0,0,0,2013,4,11,Nov,2013-11,Autumn,21.0,10.2,0,0,None,Moderate (30-45 km/h),West
1957,2013-11-03,18.7,34.2,0.0,7.6,7.4,W,41,W,E,0,0,49,11,1010.3,1006.1,7,6,23.8,32.8,No,No,No,2013-11-04,True,1.0,0,0,2013,4,11,Nov,2013-11,Autumn,26.45,15.5,0,0,None,Moderate (30-45 km/h),West
1958,2013-11-04,14.8,20.5,0.0,11.2,11.7,W,41,W,E,0,0,34,38,1022.5,1024.0,1,1,17.0,19.0,No,No,No,2013-11-05,True,1.0,0,0,2013,4,11,Nov,2013-11,Autumn,17.65,5.7,0,0,None,Moderate (30-45 km/h),West
1959,2013-11-05,15.0,21.4,0.0,9.8,4.3,ESE,33,W,ESE,0,20,58,47,1028.0,1026.5,7,5,16.6,19.1,No,No,No,2013-11-06,True,1.0,0,0,2013,4,11,Nov,2013-11,Autumn,18.2,6.4,0,0,None,Moderate (30-45 km/h),East
1960,2013-11-06,11.8,21.4,0.0,4.6,12.2,ENE,43,W,E,11,30,58,51,1024.3,1019.2,1,1,17.4,20.7,No,No,No,2013-11-07,True,1.0,0,0,2013,4,11,Nov,2013-11,Autumn,16.6,9.6,0,0,None,Moderate (30-45 km/h),East
1961,2013-11-07,15.0,26.2,0.0,8.0,11.9,NNE,48,W,ENE,11,22,59,51,1017.1,1012.2,0,1,20.6,24.7,No,No,No,2013-11-08,True,1.0,0,0,2013,4,11,Nov,2013-11,Autumn,20.6,11.2,0,0,None,Strong (45-60 km/h),North
1962,2013-11-08,17.9,28.1,0.0,9.4,8.3,W,63,W,NNE,4,28,43,44,1011.0,1006.4,3,6,24.5,27.6,No,No,No,2013-11-09,True,1.0,0,0,2013,4,11,Nov,2013-11,Autumn,23.0,10.2,0,0,None,Gale (>60 km/h),West
1963,2013-11-09,22.3,33.3,0.0,10.4,9.5,SSE,48,WNW,SE,9,20,46,37,1006.4,1006.6,4,3,24.8,28.4,No,Yes,Yes,2013-11-10,True,1.0,0,0,2013,4,11,Nov,2013-11,Autumn,27.8,11.0,0,0,None,Strong (45-60 km/h),South
1964,2013-11-10,15.7,18.9,11.6,9.6,0.7,SE,50,SSW,SE,15,22,87,62,1017.5,1017.2,8,7,15.8,18.7,Yes,Yes,Yes,2013-11-11,True,1.0,0,0,2013,4,11,Nov,2013-11,Autumn,17.3,3.2,0,1,Heavy,Strong (45-60 km/h),East
1965,2013-11-11,15.1,18.4,39.6,9.4,0.0,SE,54,SSE,SSE,31,28,91,91,1018.1,1016.4,8,7,16.0,17.3,Yes,Yes,Yes,2013-11-12,True,1.0,0,0,2013,4,11,Nov,2013-11,Autumn,16.75,3.3,0,1,Heavy,Strong (45-60 km/h),East
1966,2013-11-12,15.6,22.8,20.2,1.8,4.9,ENE,28,N,E,4,6,92,66,1013.2,1011.8,8,7,17.4,21.9,Yes,Yes,Yes,2013-11-13,True,1.0,0,0,2013,4,11,Nov,2013-11,Autumn,19.2,7.2,0,1,Heavy,Light (<30 km/h),East
1967,2013-11-13,15.1,27.6,7.4,3.2,13.0,ENE,37,W,E,20,24,59,59,1014.4,1011.2,1,3,20.7,23.2,Yes,No,No,2013-11-14,True,1.0,0,0,2013,4,11,Nov,2013-11,Autumn,21.35,12.5,0,1,Moderate,Moderate (30-45 km/h),East
1968,2013-11-14,16.9,27.0,0.0,9.6,13.2,ENE,33,WNW,E,15,20,32,45,1014.1,1011.3,0,1,22.5,23.7,No,No,No,2013-11-15,True,1.0,0,0,2013,4,11,Nov,2013-11,Autumn,21.95,10.1,0,0,None,Moderate (30-45 km/h),East
1969,2013-11-15,15.9,23.3,0.0,7.8,8.0,ESE,69,NNW,SE,2,26,68,62,1015.8,1014.6,3,6,20.7,22.6,No,Yes,Yes,2013-11-16,True,1.0,0,0,2013,4,11,Nov,2013-11,Autumn,19.6,7.4,0,0,None,Gale (>60 km/h),East
1970,2013-11-16,15.7,21.7,23.0,4.8,5.6,SSE,50,SSE,SSE,19,33,74,75,1016.0,1014.5,7,7,18.0,18.8,Yes,Yes,Yes,2013-11-17,True,1.0,0,0,2013,4,11,Nov,2013-11,Autumn,18.7,6.0,0,1,Heavy,Strong (45-60 km/h),South
1971,2013-11-17,14.8,18.0,40.8,5.6,0.0,SSE,50,SSW,SSE,22,17,83,83,1015.5,1014.5,7,8,16.4,16.8,Yes,Yes,Yes,2013-11-18,True,1.0,0,0,2013,4,11,Nov,2013-11,Autumn,16.4,3.2,0,1,Heavy,Strong (45-60 km/h),South
1972,2013-11-18,15.2,20.0,11.2,4.0,0.0,S,59,S,SSE,30,24,80,91,1013.3,1010.5,8,8,17.9,18.4,Yes,Yes,Yes,2013-11-19,True,1.0,0,0,2013,4,11,Nov,2013-11,Autumn,17.6,4.8,0,1,Heavy,Strong (45-60 km/h),South
1973,2013-11-19,16.4,25.4,17.6,2.0,10.3,S,39,SSW,SSE,17,17,79,55,1011.4,1010.3,6,2,20.0,24.5,Yes,No,No,2013-11-20,True,1.0,0,0,2013,4,11,Nov,2013-11,Autumn,20.9,9.0,0,1,Heavy,Moderate (30-45 km/h),South
1974,2013-11-20,16.6,24.9,0.2,6.8,12.0,E,33,W,E,11,22,71,66,1012.4,1010.7,4,1,20.8,24.2,No,No,No,2013-11-21,True,1.0,0,0,2013,4,11,Nov,2013-11,Autumn,20.75,8.3,0,0,Light,Moderate (30-45 km/h),East
1975,2013-11-21,20.1,24.6,0.0,6.2,9.8,ENE,52,NNE,NE,15,24,64,64,1012.8,1010.4,6,5,23.6,23.5,No,Yes,Yes,2013-11-22,True,1.0,0,0,2013,4,11,Nov,2013-11,Autumn,22.35,4.5,0,0,None,Strong (45-60 km/h),East
1976,2013-11-22,19.9,24.3,3.0,9.8,2.9,NE,69,NE,NNE,28,39,79,67,1009.1,1006.6,7,7,21.1,22.6,Yes,Yes,Yes,2013-11-23,True,1.0,0,0,2013,4,11,Nov,2013-11,Autumn,22.1,4.4,0,1,Moderate,Gale (>60 km/h),North
1977,2013-11-23,18.1,25.0,7.4,4.0,9.3,NE,31,WNW,NE,9,7,78,60,1005.8,1003.2,3,5,21.7,22.6,Yes,Yes,Yes,2013-11-24,True,1.0,0,0,2013,4,11,Nov,2013-11,Autumn,21.55,6.9,0,1,Moderate,Moderate (30-45 km/h),North
1978,2013-11-24,16.8,23.8,3.6,5.0,13.0,SE,41,SSE,SE,7,20,58,51,1006.3,1005.2,1,2,20.8,22.7,Yes,No,No,2013-11-25,True,1.0,0,0,2013,4,11,Nov,2013-11,Autumn,20.3,7.0,0,1,Moderate,Moderate (30-45 km/h),East
1979,2013-11-25,16.4,23.3,0.0,8.2,10.3,SSW,61,SW,S,6,35,57,69,1008.1,1009.1,3,7,20.8,20.0,No,Yes,Yes,2013-11-26,True,1.0,0,0,2013,4,11,Nov,2013-11,Autumn,19.85,6.9,0,0,None,Gale (>60 km/h),South
1980,2013-11-26,14.7,22.9,4.2,7.4,7.7,SSE,41,WSW,SSE,13,22,61,46,1016.7,1016.4,7,1,17.0,22.2,Yes,No,No,2013-11-27,True,1.0,0,0,2013,4,11,Nov,2013-11,Autumn,18.8,8.2,0,1,Moderate,Moderate (30-45 km/h),South
1981,2013-11-27,13.7,23.9,0.0,5.6,12.6,E,30,WNW,E,13,20,52,48,1018.3,1014.8,1,1,19.5,22.5,No,No,No,2013-11-28,True,1.0,0,0,2013,4,11,Nov,2013-11,Autumn,18.8,10.2,0,0,None,Moderate (30-45 km/h),East
1982,2013-11-28,16.6,26.5,0.0,8.0,11.2,NNE,46,NNE,NE,9,19,56,60,1011.7,1005.0,6,7,23.3,25.6,No,No,No,2013-11-29,True,1.0,0,0,2013,4,11,Nov,2013-11,Autumn,21.55,9.9,0,0,None,Strong (45-60 km/h),North
1983,2013-11-29,19.5,20.9,0.2,10.6,0.0,S,59,SSE,S,13,19,72,83,1005.8,1008.8,8,7,20.9,17.1,No,Yes,Yes,2013-11-30,True,1.0,0,0,2013,4,11,Nov,2013-11,Autumn,20.2,1.4,0,0,Light,Strong (45-60 km/h),South
1984,2013-11-30,14.9,22.9,2.8,3.4,7.3,SW,44,S,SE,22,20,59,49,1018.8,1019.5,7,2,18.5,21.9,Yes,No,No,2013-12-01,True,1.0,0,0,2013,4,11,Nov,2013-11,Autumn,18.9,8.0,0,1,Moderate,Moderate (30-45 km/h),South
1985,2013-12-01,14.0,22.7,0.0,7.0,7.5,ESE,35,WNW,E,6,17,64,49,1025.1,1024.3,5,4,19.0,21.8,No,No,No,2013-12-02,True,1.0,0,0,2013,4,12,Dec,2013-12,Winter,18.35,8.7,0,0,None,Moderate (30-45 km/h),East
1986,2013-12-02,15.2,24.1,0.0,5.0,12.1,ENE,37,E,ENE,11,22,52,44,1022.5,1019.6,4,5,21.3,23.3,No,No,No,2013-12-03,True,1.0,0,0,2013,4,12,Dec,2013-12,Winter,19.65,8.9,0,0,None,Moderate (30-45 km/h),East
1987,2013-12-03,15.2,24.6,0.0,8.0,13.3,ENE,48,N,NE,11,30,51,52,1017.6,1013.5,2,1,22.8,23.4,No,No,No,2013-12-04,True,1.0,0,0,2013,4,12,Dec,2013-12,Winter,19.9,9.4,0,0,None,Strong (45-60 km/h),East
1988,2013-12-04,17.8,27.8,0.0,8.8,7.9,NNE,54,ENE,E,13,15,61,63,1006.3,1000.5,5,7,23.5,24.9,No,Yes,Yes,2013-12-05,True,1.0,0,0,2013,4,12,Dec,2013-12,Winter,22.8,10.0,0,0,None,Strong (45-60 km/h),North
1989,2013-12-05,19.0,26.3,4.0,8.0,8.4,W,78,SSW,W,4,48,80,32,996.7,996.9,7,6,21.5,22.3,Yes,No,No,2013-12-06,True,1.0,0,0,2013,4,12,Dec,2013-12,Winter,22.65,7.3,0,1,Moderate,Gale (>60 km/h),West
1990,2013-12-06,12.7,22.9,0.0,10.0,13.6,WSW,59,W,ESE,26,24,37,39,1011.7,1013.3,1,1,17.1,22.0,No,No,No,2013-12-07,True,1.0,0,0,2013,4,12,Dec,2013-12,Winter,17.8,10.2,0,0,None,Strong (45-60 km/h),West
1991,2013-12-07,13.6,25.0,0.0,7.6,12.6,NNE,30,W,E,13,22,47,45,1020.4,1018.3,3,6,20.0,23.9,No,No,No,2013-12-08,True,1.0,0,0,2013,4,12,Dec,2013-12,Winter,19.3,11.4,0,0,None,Moderate (30-45 km/h),North
1992,2013-12-08,16.2,25.6,0.0,7.2,11.4,NE,46,E,NE,9,26,58,45,1019.0,1013.5,3,2,22.6,25.3,No,No,No,2013-12-09,True,1.0,0,0,2013,4,12,Dec,2013-12,Winter,20.9,9.4,0,0,None,Strong (45-60 km/h),North
1993,2013-12-09,19.3,29.8,0.0,10.0,4.1,N,56,ESE,NE,6,6,52,46,1009.1,1004.0,7,7,25.4,29.2,No,No,No,2013-12-10,True,1.0,0,0,2013,4,12,Dec,2013-12,Winter,24.55,10.5,0,0,None,Strong (45-60 km/h),North
1994,2013-12-10,23.0,33.0,0.0,8.0,12.0,W,54,WNW,ESE,24,13,34,33,1002.5,1002.6,1,1,28.6,30.4,No,No,No,2013-12-11,True,1.0,0,0,2013,4,12,Dec,2013-12,Winter,28.0,10.0,0,0,None,Strong (45-60 km/h),West
1995,2013-12-11,18.1,28.0,0.0,11.2,13.2,ENE,31,WSW,E,13,24,31,40,1009.7,1005.0,1,3,23.7,24.9,No,No,No,2013-12-12,True,1.0,0,0,2013,4,12,Dec,2013-12,Winter,23.05,9.9,0,0,None,Moderate (30-45 km/h),East
1996,2013-12-12,19.9,24.8,0.0,10.4,9.7,NE,46,E,ENE,15,28,69,59,1011.9,1009.8,6,2,20.6,24.0,No,No,No,2013-12-13,True,1.0,0,0,2013,4,12,Dec,2013-12,Winter,22.35,4.9,0,0,None,Strong (45-60 km/h),North
1997,2013-12-13,18.9,26.3,0.0,6.8,13.0,ENE,46,ESE,ENE,9,30,63,63,1012.5,1009.8,1,1,24.3,25.1,No,No,No,2013-12-14,True,1.0,0,0,2013,4,12,Dec,2013-12,Winter,22.6,7.4,0,0,None,Strong (45-60 km/h),East
1998,2013-12-14,20.6,26.7,0.0,8.8,9.8,SSE,50,S,SSE,30,31,65,56,1014.8,1015.0,3,5,23.7,23.6,No,Yes,Yes,2013-12-15,True,1.0,0,0,2013,4,12,Dec,2013-12,Winter,23.65,6.1,0,0,None,Strong (45-60 km/h),South
1999,2013-12-15,19.1,24.6,1.2,7.8,2.0,ESE,30,NE,E,2,19,81,59,1018.6,1016.9,7,5,20.1,23.8,Yes,Yes,Yes,2013-12-16,True,1.0,0,0,2013,4,12,Dec,2013-12,Winter,21.85,5.5,0,1,Light,Moderate (30-45 km/h),East
2000,2013-12-16,18.7,24.8,2.2,7.0,6.4,ENE,35,NE,ENE,9,24,83,60,1020.6,1019.2,7,3,20.1,23.9,Yes,No,No,2013-12-17,True,1.0,0,0,2013,4,12,Dec,2013-12,Winter,21.75,6.1,0,1,Light,Moderate (30-45 km/h),East
2001,2013-12-17,18.7,26.0,0.2,3.6,11.9,NE,44,NNE,ENE,9,30,60,52,1021.8,1019.5,6,1,22.5,24.7,No,No,No,2013-12-18,True,1.0,0,0,2013,4,12,Dec,2013-12,Winter,22.35,7.3,0,0,Light,Moderate (30-45 km/h),North
2002,2013-12-18,20.6,26.0,0.0,10.0,12.9,ENE,33,ENE,ENE,15,26,57,54,1024.2,1022.9,3,1,24.5,24.5,No,No,No,2013-12-19,True,1.0,0,0,2013,4,12,Dec,2013-12,Winter,23.3,5.4,0,0,None,Moderate (30-45 km/h),East
2003,2013-12-19,18.9,26.4,0.0,9.0,12.9,NNE,56,NE,NE,17,28,60,59,1022.5,1018.8,2,1,23.1,25.1,No,No,No,2013-12-20,True,1.0,0,0,2013,4,12,Dec,2013-12,Winter,22.65,7.5,0,0,None,Strong (45-60 km/h),North
2004,2013-12-20,20.3,33.5,0.0,10.0,10.1,ENE,43,E,E,6,9,59,40,1016.3,1011.6,2,3,26.2,31.4,No,No,No,2013-12-21,True,1.0,0,0,2013,4,12,Dec,2013-12,Winter,26.9,13.2,0,0,None,Moderate (30-45 km/h),East
2005,2013-12-21,21.5,27.8,0.0,11.6,9.9,SSE,57,SSW,SSE,28,37,59,57,1016.8,1015.4,6,1,25.1,26.5,No,No,No,2013-12-22,True,1.0,0,0,2013,4,12,Dec,2013-12,Winter,24.65,6.3,0,0,None,Strong (45-60 km/h),South
2006,2013-12-22,21.7,28.7,0.0,8.0,6.9,NNE,52,NE,E,9,9,67,66,1012.6,1008.3,7,7,25.5,26.8,No,No,No,2013-12-23,True,1.0,0,0,2013,4,12,Dec,2013-12,Winter,25.2,7.0,0,0,None,Strong (45-60 km/h),North
2007,2013-12-23,22.4,36.0,0.0,7.6,4.0,S,57,ESE,ESE,11,9,61,34,1007.2,1004.3,7,7,27.5,31.5,No,No,No,2013-12-24,True,1.0,0,0,2013,4,12,Dec,2013-12,Winter,29.2,13.6,1,0,None,Strong (45-60 km/h),South
2008,2013-12-24,19.2,22.9,0.0,6.6,0.0,SSE,41,SSE,SSE,24,17,58,56,1018.3,1018.5,7,7,21.8,22.1,No,No,No,2013-12-25,True,1.0,0,0,2013,4,12,Dec,2013-12,Winter,21.05,3.7,0,0,None,Moderate (30-45 km/h),South
2009,2013-12-25,18.7,21.5,0.6,3.6,0.0,ENE,35,W,NE,6,13,85,88,1019.3,1016.4,8,8,18.9,20.1,No,Yes,Yes,2013-12-26,True,1.0,0,0,2013,4,12,Dec,2013-12,Winter,20.1,2.8,0,0,Light,Moderate (30-45 km/h),East
2010,2013-12-26,18.7,26.6,21.0,1.2,9.5,SW,43,SSW,ESE,13,24,82,51,1012.3,1010.5,7,1,21.5,25.2,Yes,Yes,Yes,2013-12-27,True,1.0,0,0,2013,4,12,Dec,2013-12,Winter,22.65,7.9,0,1,Heavy,Moderate (30-45 km/h),South
2011,2013-12-27,17.9,24.8,1.8,6.2,10.5,ENE,31,W,ENE,9,22,78,64,1012.5,1010.7,5,5,21.0,24.3,Yes,No,No,2013-12-28,True,1.0,0,0,2013,4,12,Dec,2013-12,Winter,21.35,6.9,0,1,Light,Moderate (30-45 km/h),East
2012,2013-12-28,19.4,25.5,0.0,5.6,12.4,NNE,54,ENE,NE,19,28,62,63,1012.3,1007.6,4,1,23.6,24.9,No,No,No,2013-12-29,True,1.0,0,0,2013,4,12,Dec,2013-12,Winter,22.45,6.1,0,0,None,Strong (45-60 km/h),North
2013,2013-12-29,20.0,24.6,0.0,10.2,11.7,SSE,78,SSE,SSE,39,28,65,47,1009.5,1012.9,2,1,21.4,23.5,No,No,No,2013-12-30,True,1.0,0,0,2013,4,12,Dec,2013-12,Winter,22.3,4.6,0,0,None,Gale (>60 km/h),South
2014,2013-12-30,18.8,24.2,0.0,11.4,10.2,ENE,43,E,ENE,9,24,47,49,1015.3,1011.7,5,1,22.1,23.4,No,No,No,2013-12-31,True,1.0,0,0,2013,4,12,Dec,2013-12,Winter,21.5,5.4,0,0,None,Moderate (30-45 km/h),East
2015,2013-12-31,17.5,26.2,0.0,6.4,10.6,ESE,37,W,ESE,9,24,60,55,1013.2,1011.0,2,1,22.5,25.9,No,No,No,2014-01-01,True,1.0,0,0,2013,4,12,Dec,2013-12,Winter,21.85,8.7,0,0,None,Moderate (30-45 km/h),East
2016,2014-01-01,20.5,27.1,0.0,7.4,5.9,W,41,NNE,NE,13,24,58,62,1014.6,1011.3,5,8,24.4,24.9,No,No,No,2014-01-02,True,1.0,0,0,2014,1,1,Jan,2014-01,Winter,23.8,6.6,0,0,None,Moderate (30-45 km/h),West
2017,2014-01-02,22.3,36.5,0.0,8.0,3.5,WSW,52,ESE,WSW,6,33,50,22,1003.6,1002.0,7,7,27.1,34.5,No,No,No,2014-01-03,True,1.0,0,0,2014,1,1,Jan,2014-01,Winter,29.4,14.2,1,0,None,Strong (45-60 km/h),West
2018,2014-01-03,21.0,26.2,0.2,5.6,5.6,ENE,37,ENE,ENE,13,26,62,52,1005.3,1000.0,7,6,22.2,24.8,No,No,No,2014-01-04,True,1.0,0,0,2014,1,1,Jan,2014-01,Winter,23.6,5.2,0,0,Light,Moderate (30-45 km/h),East
2019,2014-01-04,20.1,27.5,0.0,7.4,11.2,S,57,SSW,E,17,22,60,54,1003.4,1002.3,1,1,22.9,24.6,No,No,No,2014-01-05,True,1.0,0,0,2014,1,1,Jan,2014-01,Winter,23.8,7.4,0,0,None,Strong (45-60 km/h),South
2020,2014-01-05,20.8,26.0,0.0,8.2,12.2,NNE,59,NNE,NE,9,22,63,70,1010.5,1005.7,6,2,24.2,24.9,No,No,No,2014-01-06,True,1.0,0,0,2014,1,1,Jan,2014-01,Winter,23.4,5.2,0,0,None,Strong (45-60 km/h),North
2021,2014-01-06,19.6,32.0,0.0,9.4,12.8,W,43,WSW,SE,17,26,30,26,1008.9,1007.3,1,1,25.3,28.9,No,No,No,2014-01-07,True,1.0,0,0,2014,1,1,Jan,2014-01,Winter,25.8,12.4,0,0,None,Moderate (30-45 km/h),West
2022,2014-01-07,18.3,21.6,0.0,11.4,1.7,SSE,44,SSE,SE,26,13,55,63,1018.3,1019.4,5,7,20.9,19.5,No,Yes,Yes,2014-01-08,True,1.0,0,0,2014,1,1,Jan,2014-01,Winter,19.95,3.3,0,0,None,Moderate (30-45 km/h),South
2023,2014-01-08,16.2,22.3,5.8,7.6,0.4,SE,35,SE,SE,11,15,68,60,1023.7,1022.4,7,7,18.3,20.5,Yes,No,No,2014-01-09,True,1.0,0,0,2014,1,1,Jan,2014-01,Winter,19.25,6.1,0,1,Moderate,Moderate (30-45 km/h),East
2024,2014-01-09,18.1,23.2,0.0,3.8,2.0,E,33,ENE,ENE,17,20,49,53,1024.3,1023.1,7,7,21.1,22.4,No,No,No,2014-01-10,True,1.0,0,0,2014,1,1,Jan,2014-01,Winter,20.65,5.1,0,0,None,Moderate (30-45 km/h),East
2025,2014-01-10,19.0,25.7,0.4,6.6,9.3,ENE,41,ESE,ENE,4,26,66,59,1022.2,1019.6,6,3,22.3,23.8,No,No,No,2014-01-11,True,1.0,0,0,2014,1,1,Jan,2014-01,Winter,22.35,6.7,0,0,Light,Moderate (30-45 km/h),East
2026,2014-01-11,19.1,29.1,0.0,7.2,10.9,ENE,35,W,NE,6,17,65,49,1018.9,1014.6,1,2,23.5,27.4,No,No,No,2014-01-12,True,1.0,0,0,2014,1,1,Jan,2014-01,Winter,24.1,10.0,0,0,None,Moderate (30-45 km/h),East
2027,2014-01-12,21.1,28.8,0.0,10.4,10.3,ESE,39,ENE,ESE,9,19,71,61,1017.7,1017.0,2,3,24.8,26.1,No,No,No,2014-01-13,True,1.0,0,0,2014,1,1,Jan,2014-01,Winter,24.95,7.7,0,0,None,Moderate (30-45 km/h),East
2028,2014-01-13,19.7,26.8,0.0,7.6,11.5,ESE,33,SW,ESE,7,17,66,53,1021.9,1020.2,6,2,21.9,24.7,No,No,No,2014-01-14,True,1.0,0,0,2014,1,1,Jan,2014-01,Winter,23.25,7.1,0,0,None,Moderate (30-45 km/h),East
2029,2014-01-14,18.3,27.5,0.0,7.2,12.0,ENE,44,W,E,7,30,59,53,1022.3,1019.7,4,0,22.8,26.2,No,No,No,2014-01-15,True,1.0,0,0,2014,1,1,Jan,2014-01,Winter,22.9,9.2,0,0,None,Moderate (30-45 km/h),East
2030,2014-01-15,21.2,28.8,0.0,10.0,12.8,NE,56,ESE,NE,2,22,62,53,1021.7,1018.2,0,1,25.6,28.2,No,No,No,2014-01-16,True,1.0,0,0,2014,1,1,Jan,2014-01,Winter,25.0,7.6,0,0,None,Strong (45-60 km/h),North
2031,2014-01-16,21.1,28.1,0.0,10.8,13.1,ENE,41,ENE,ENE,9,28,64,58,1019.2,1016.6,0,0,25.3,27.3,No,No,No,2014-01-17,True,1.0,0,0,2014,1,1,Jan,2014-01,Winter,24.6,7.0,0,0,None,Moderate (30-45 km/h),East
2032,2014-01-17,21.3,27.7,0.0,10.4,12.8,NE,52,NNE,NE,6,26,67,57,1016.7,1014.0,2,0,24.2,27.2,No,No,No,2014-01-18,True,1.0,0,0,2014,1,1,Jan,2014-01,Winter,24.5,6.4,0,0,None,Strong (45-60 km/h),North
2033,2014-01-18,19.3,28.7,0.0,10.6,13.1,NE,52,ENE,ENE,7,22,65,51,1012.6,1009.4,0,0,25.1,28.3,No,No,No,2014-01-19,True,1.0,0,0,2014,1,1,Jan,2014-01,Winter,24.0,9.4,0,0,None,Strong (45-60 km/h),North
2034,2014-01-19,21.2,29.4,0.0,10.8,6.1,SSE,37,SE,SE,6,20,65,60,1010.0,1008.9,7,6,24.9,26.4,No,No,No,2014-01-20,True,1.0,0,0,2014,1,1,Jan,2014-01,Winter,25.3,8.2,0,0,None,Moderate (30-45 km/h),South
2035,2014-01-20,21.7,25.9,0.0,4.2,2.8,S,37,SSE,ESE,11,24,71,65,1009.2,1008.0,6,7,24.1,25.1,No,Yes,Yes,2014-01-21,True,1.0,0,0,2014,1,1,Jan,2014-01,Winter,23.8,4.2,0,0,None,Moderate (30-45 km/h),South
2036,2014-01-21,19.8,25.0,5.0,5.0,0.6,E,33,E,E,20,15,79,68,1010.2,1008.0,7,7,21.6,23.9,Yes,Yes,Yes,2014-01-22,True,1.0,0,0,2014,1,1,Jan,2014-01,Winter,22.4,5.2,0,1,Moderate,Moderate (30-45 km/h),East
2037,2014-01-22,19.8,22.8,3.0,2.8,0.0,SSE,43,SE,SSE,15,24,74,60,1017.7,1019.9,7,7,21.8,22.3,Yes,No,No,2014-01-23,True,1.0,0,0,2014,1,1,Jan,2014-01,Winter,21.3,3.0,0,1,Moderate,Moderate (30-45 km/h),South
2038,2014-01-23,20.2,24.7,0.2,4.4,4.6,E,31,E,E,20,20,60,54,1023.2,1021.0,5,7,22.4,23.5,No,No,No,2014-01-24,True,1.0,0,0,2014,1,1,Jan,2014-01,Winter,22.45,4.5,0,0,Light,Moderate (30-45 km/h),East
2039,2014-01-24,19.7,26.3,0.0,7.4,1.5,NNE,52,NNE,NE,20,28,69,61,1014.0,1008.0,8,8,23.9,26.0,No,Yes,Yes,2014-01-25,True,1.0,0,0,2014,1,1,Jan,2014-01,Winter,23.0,6.6,0,0,None,Strong (45-60 km/h),North
2040,2014-01-25,19.3,25.3,2.4,5.6,8.0,SE,56,S,SSE,20,37,63,45,1012.0,1014.8,4,4,22.5,23.3,Yes,No,No,2014-01-26,True,1.0,0,0,2014,1,1,Jan,2014-01,Winter,22.3,6.0,0,1,Light,Strong (45-60 km/h),East
2041,2014-01-26,17.2,22.3,0.2,8.6,2.3,SSE,31,SSW,E,7,19,77,48,1023.8,1024.1,7,7,18.1,21.1,No,No,No,2014-01-27,True,1.0,0,0,2014,1,1,Jan,2014-01,Winter,19.75,5.1,0,0,Light,Moderate (30-45 km/h),South
2042,2014-01-27,16.0,25.5,0.2,3.6,12.7,NE,44,W,ENE,13,26,56,52,1024.4,1022.3,3,3,20.6,24.7,No,No,No,2014-01-28,True,1.0,0,0,2014,1,1,Jan,2014-01,Winter,20.75,9.5,0,0,Light,Moderate (30-45 km/h),North
2043,2014-01-28,19.6,26.5,0.0,9.4,13.0,NE,57,NNE,NE,17,28,45,56,1021.5,1018.4,1,1,24.7,25.5,No,No,No,2014-01-29,True,1.0,0,0,2014,1,1,Jan,2014-01,Winter,23.05,6.9,0,0,None,Strong (45-60 km/h),North
2044,2014-01-29,20.3,29.1,0.0,12.0,13.0,NE,44,NNE,NE,6,20,54,45,1017.0,1014.0,0,1,24.5,29.0,No,No,No,2014-01-30,True,1.0,0,0,2014,1,1,Jan,2014-01,Winter,24.7,8.8,0,0,None,Moderate (30-45 km/h),North
2045,2014-01-30,21.7,27.9,0.0,9.6,13.0,NE,52,E,NE,13,30,56,44,1019.9,1016.8,3,0,25.2,27.6,No,No,No,2014-01-31,True,1.0,0,0,2014,1,1,Jan,2014-01,Winter,24.8,6.2,0,0,None,Strong (45-60 km/h),North
2046,2014-01-31,20.3,28.3,0.0,12.6,13.0,NE,44,NE,NE,17,26,51,45,1014.9,1012.0,1,1,24.7,27.2,No,No,No,2014-02-01,True,1.0,0,0,2014,1,1,Jan,2014-01,Winter,24.3,8.0,0,0,None,Moderate (30-45 km/h),North
2047,2014-02-01,21.7,28.7,0.0,11.0,10.6,SSE,37,SSW,ESE,17,17,72,59,1015.2,1012.6,6,3,23.6,26.6,No,No,No,2014-02-02,True,1.0,0,0,2014,1,2,Feb,2014-02,Winter,25.2,7.0,0,0,None,Moderate (30-45 km/h),South
2048,2014-02-02,22.3,27.4,0.0,7.2,12.7,NE,43,NE,NE,22,26,67,55,1015.6,1014.3,3,1,24.6,26.4,No,No,No,2014-02-03,True,1.0,0,0,2014,1,2,Feb,2014-02,Winter,24.85,5.1,0,0,None,Moderate (30-45 km/h),North
2049,2014-02-03,21.3,27.1,0.0,12.0,11.6,NE,56,NNE,NE,26,33,55,51,1015.7,1012.0,1,0,24.9,25.9,No,No,No,2014-02-04,True,1.0,0,0,2014,1,2,Feb,2014-02,Winter,24.2,5.8,0,0,None,Strong (45-60 km/h),North
2050,2014-02-04,20.7,25.2,0.0,12.0,1.2,SSE,61,ESE,S,17,31,62,83,1017.1,1019.4,7,8,25.1,19.5,No,Yes,Yes,2014-02-05,True,1.0,0,0,2014,1,2,Feb,2014-02,Winter,22.95,4.5,0,0,None,Gale (>60 km/h),South
2051,2014-02-05,17.5,24.5,3.2,5.2,3.1,SSE,41,SSE,SSE,26,26,59,46,1023.9,1022.3,6,7,20.6,22.7,Yes,Yes,Yes,2014-02-06,True,1.0,0,0,2014,1,2,Feb,2014-02,Winter,21.0,7.0,0,1,Moderate,Moderate (30-45 km/h),South
2052,2014-02-06,17.1,23.3,1.2,7.2,3.2,E,26,WSW,ESE,11,17,67,48,1020.3,1017.7,8,7,19.2,23.2,Yes,No,No,2014-02-07,True,1.0,0,0,2014,1,2,Feb,2014-02,Winter,20.2,6.2,0,1,Light,Light (<30 km/h),East
2053,2014-02-07,15.5,25.4,0.2,4.2,12.3,ENE,41,W,ENE,11,30,63,52,1017.7,1015.2,1,1,19.6,25.0,No,No,No,2014-02-08,True,1.0,0,0,2014,1,2,Feb,2014-02,Winter,20.45,9.9,0,0,Light,Moderate (30-45 km/h),East
2054,2014-02-08,19.4,27.3,0.0,9.2,12.1,NE,44,SE,NE,2,26,59,53,1018.1,1016.3,0,0,24.3,25.9,No,No,No,2014-02-09,True,1.0,0,0,2014,1,2,Feb,2014-02,Winter,23.35,7.9,0,0,None,Moderate (30-45 km/h),North
2055,2014-02-09,20.6,27.6,0.0,9.6,12.9,NE,48,ENE,NE,9,22,63,52,1018.9,1015.4,2,0,24.6,27.1,No,No,No,2014-02-10,True,1.0,0,0,2014,1,2,Feb,2014-02,Winter,24.1,7.0,0,0,None,Strong (45-60 km/h),North
2056,2014-02-10,20.6,27.2,0.0,10.4,0.2,SSE,59,SSW,S,20,17,83,54,1019.5,1017.5,8,6,20.8,25.5,No,No,No,2014-02-11,True,1.0,0,0,2014,1,2,Feb,2014-02,Winter,23.9,6.6,0,0,None,Strong (45-60 km/h),South
2057,2014-02-11,20.1,27.7,0.0,7.2,4.0,SSE,31,S,SE,4,13,72,60,1017.6,1014.6,8,2,22.4,25.9,No,No,No,2014-02-12,True,1.0,0,0,2014,1,2,Feb,2014-02,Winter,23.9,7.6,0,0,None,Moderate (30-45 km/h),South
2058,2014-02-12,22.1,26.3,0.2,6.0,4.3,ESE,33,ESE,ESE,19,22,78,68,1016.5,1015.6,7,7,23.5,25.8,No,Yes,Yes,2014-02-13,True,1.0,0,0,2014,1,2,Feb,2014-02,Winter,24.2,4.2,0,0,Light,Moderate (30-45 km/h),East
2059,2014-02-13,21.5,27.0,3.4,4.6,7.5,ENE,39,NE,E,11,28,66,64,1015.1,1011.3,4,8,25.1,25.6,Yes,No,No,2014-02-14,True,1.0,0,0,2014,1,2,Feb,2014-02,Winter,24.25,5.5,0,1,Moderate,Moderate (30-45 km/h),East
2060,2014-02-14,20.8,23.5,1.0,8.8,0.0,ENE,28,NNE,ENE,6,17,81,79,1008.1,1006.4,8,8,21.6,22.8,No,No,No,2014-02-15,True,1.0,0,0,2014,1,2,Feb,2014-02,Winter,22.15,2.7,0,1,Light,Light (<30 km/h),East
2061,2014-02-15,20.9,24.9,1.0,2.2,0.0,NE,26,E,ENE,2,17,88,82,1003.7,999.5,8,8,21.5,23.1,No,Yes,Yes,2014-02-16,True,1.0,0,0,2014,1,2,Feb,2014-02,Winter,22.9,4.0,0,1,Light,Light (<30 km/h),North
2062,2014-02-16,21.4,25.0,6.0,2.4,0.0,SSE,54,S,SSE,6,24,78,83,999.5,1001.6,8,8,24.7,21.5,Yes,Yes,Yes,2014-02-17,True,1.0,0,0,2014,1,2,Feb,2014-02,Winter,23.2,3.6,0,1,Moderate,Strong (45-60 km/h),South
2063,2014-02-17,18.4,26.4,21.8,7.0,8.3,SSW,31,SSW,ESE,13,20,90,56,1013.5,1013.3,7,4,19.0,23.7,Yes,No,No,2014-02-18,True,1.0,0,0,2014,1,2,Feb,2014-02,Winter,22.4,8.0,0,1,Heavy,Moderate (30-45 km/h),South
2064,2014-02-18,18.9,24.7,0.0,2.4,2.7,E,26,NW,E,4,13,77,68,1013.0,1009.9,7,7,20.6,23.9,No,No,No,2014-02-19,True,1.0,0,0,2014,1,2,Feb,2014-02,Winter,21.8,5.8,0,0,None,Light (<30 km/h),East
2065,2014-02-19,20.5,29.1,0.0,2.2,1.8,NNE,35,N,W,11,13,81,82,1004.8,1002.1,7,8,23.8,23.5,No,Yes,Yes,2014-02-20,True,1.0,0,0,2014,1,2,Feb,2014-02,Winter,24.8,8.6,0,0,None,Moderate (30-45 km/h),North
2066,2014-02-20,20.4,29.1,13.2,4.2,11.2,WSW,33,SW,ESE,7,17,52,40,1007.8,1007.9,5,2,22.2,25.6,Yes,No,No,2014-02-21,True,1.0,0,0,2014,1,2,Feb,2014-02,Winter,24.75,8.7,0,1,Heavy,Moderate (30-45 km/h),West
2067,2014-02-21,18.0,27.0,0.0,11.4,11.9,ESE,41,W,SE,20,28,33,44,1016.0,1015.8,1,1,21.1,24.4,No,No,No,2014-02-22,True,1.0,0,0,2014,1,2,Feb,2014-02,Winter,22.5,9.0,0,0,None,Moderate (30-45 km/h),East
2068,2014-02-22,19.5,24.7,0.0,5.8,9.2,ESE,33,SE,ESE,9,24,63,56,1020.3,1019.2,7,4,22.0,23.1,No,No,No,2014-02-23,True,1.0,0,0,2014,1,2,Feb,2014-02,Winter,22.1,5.2,0,0,None,Moderate (30-45 km/h),East
2069,2014-02-23,19.6,26.5,0.0,8.0,10.7,SE,37,SSE,SE,24,20,50,51,1023.4,1021.8,1,2,23.0,24.2,No,No,No,2014-02-24,True,1.0,0,0,2014,1,2,Feb,2014-02,Winter,23.05,6.9,0,0,None,Moderate (30-45 km/h),East
2070,2014-02-24,19.1,26.4,0.2,6.4,11.0,ENE,33,WNW,E,9,19,68,59,1020.7,1018.2,2,1,21.7,24.9,No,No,No,2014-02-25,True,1.0,0,0,2014,1,2,Feb,2014-02,Winter,22.75,7.3,0,0,Light,Moderate (30-45 km/h),East
2071,2014-02-25,19.5,26.7,0.0,7.4,11.8,NE,50,NNW,NE,6,30,72,54,1017.9,1013.6,3,1,23.2,26.1,No,No,No,2014-02-26,True,1.0,0,0,2014,1,2,Feb,2014-02,Winter,23.1,7.2,0,0,None,Strong (45-60 km/h),North
2072,2014-02-26,19.7,32.4,0.0,9.8,6.2,SSE,43,ESE,ENE,7,17,59,44,1011.8,1010.1,6,7,25.1,30.3,No,Yes,Yes,2014-02-27,True,1.0,0,0,2014,1,2,Feb,2014-02,Winter,26.05,12.7,0,0,None,Moderate (30-45 km/h),South
2073,2014-02-27,20.3,22.0,4.4,5.2,0.2,S,44,S,SSE,24,26,82,78,1017.3,1019.2,7,7,21.7,21.2,Yes,Yes,Yes,2014-02-28,True,1.0,0,0,2014,1,2,Feb,2014-02,Winter,21.15,1.7,0,1,Moderate,Moderate (30-45 km/h),South
2074,2014-02-28,19.3,21.6,2.4,3.2,0.0,SE,44,SSE,SSE,20,20,86,68,1022.7,1022.5,8,7,19.7,21.0,Yes,Yes,Yes,2014-03-01,True,1.0,0,0,2014,1,2,Feb,2014-02,Winter,20.45,2.3,0,1,Light,Moderate (30-45 km/h),East
2075,2014-03-01,18.2,22.7,10.4,1.6,0.0,NNE,26,WNW,ENE,2,11,90,75,1020.5,1019.1,7,8,19.6,22.0,Yes,Yes,Yes,2014-03-02,True,1.0,0,0,2014,1,3,Mar,2014-03,Spring,20.45,4.5,0,1,Heavy,Light (<30 km/h),North
2076,2014-03-02,17.9,22.8,6.6,2.4,1.2,ESE,41,SSW,S,11,17,85,86,1020.3,1020.6,7,8,19.3,19.8,Yes,Yes,Yes,2014-03-03,True,1.0,0,0,2014,1,3,Mar,2014-03,Spring,20.35,4.9,0,1,Moderate,Moderate (30-45 km/h),East
2077,2014-03-03,18.8,26.3,4.6,3.8,3.8,ESE,37,WNW,SE,11,11,70,75,1024.8,1024.5,3,7,21.7,22.2,Yes,Yes,Yes,2014-03-04,True,1.0,0,0,2014,1,3,Mar,2014-03,Spring,22.55,7.5,0,1,Moderate,Moderate (30-45 km/h),East
2078,2014-03-04,19.0,25.4,1.4,2.6,3.3,ENE,22,WNW,E,7,11,83,58,1026.1,1023.7,7,7,20.9,24.7,Yes,No,No,2014-03-05,True,1.0,0,0,2014,1,3,Mar,2014-03,Spring,22.2,6.4,0,1,Light,Light (<30 km/h),East
2079,2014-03-05,18.1,27.5,0.2,4.0,7.7,S,50,WNW,NE,4,15,69,62,1018.6,1014.0,1,3,21.9,26.6,No,Yes,Yes,2014-03-06,True,1.0,0,0,2014,1,3,Mar,2014-03,Spring,22.8,9.4,0,0,Light,Strong (45-60 km/h),South
2080,2014-03-06,21.0,26.8,1.6,7.0,5.8,SSW,46,SSW,S,20,22,75,58,1018.6,1018.3,7,7,22.3,25.8,Yes,No,No,2014-03-07,True,1.0,0,0,2014,1,3,Mar,2014-03,Spring,23.9,5.8,0,1,Light,Strong (45-60 km/h),South
2081,2014-03-07,19.3,26.9,0.2,5.2,7.5,NNE,31,WNW,E,13,20,69,64,1020.3,1018.7,4,5,23.0,25.7,No,No,No,2014-03-08,True,1.0,0,0,2014,1,3,Mar,2014-03,Spring,23.1,7.6,0,0,Light,Moderate (30-45 km/h),North
2082,2014-03-08,21.6,27.2,0.0,5.6,8.9,ESE,39,NNE,ESE,13,22,63,64,1022.6,1021.5,7,2,23.8,24.7,No,No,No,2014-03-09,True,1.0,0,0,2014,1,3,Mar,2014-03,Spring,24.4,5.6,0,0,None,Moderate (30-45 km/h),East
2083,2014-03-09,19.6,27.1,0.0,6.4,11.1,E,31,W,E,6,20,68,53,1023.6,1020.9,4,3,22.8,25.7,No,No,No,2014-03-10,True,1.0,0,0,2014,1,3,Mar,2014-03,Spring,23.35,7.5,0,0,None,Moderate (30-45 km/h),East
2084,2014-03-10,21.9,27.5,0.2,6.8,11.0,ENE,37,NNE,E,11,26,60,55,1023.4,1021.5,3,2,25.6,26.4,No,No,No,2014-03-11,True,1.0,0,0,2014,1,3,Mar,2014-03,Spring,24.7,5.6,0,0,Light,Moderate (30-45 km/h),East
2085,2014-03-11,19.6,27.8,0.0,8.6,10.8,NE,35,W,NE,9,20,67,46,1023.6,1021.3,1,1,22.8,26.3,No,No,No,2014-03-12,True,1.0,0,0,2014,1,3,Mar,2014-03,Spring,23.7,8.2,0,0,None,Moderate (30-45 km/h),North
2086,2014-03-12,19.2,29.2,0.0,8.2,6.2,SE,37,WNW,E,7,11,69,52,1018.1,1015.4,6,7,22.1,27.6,No,Yes,Yes,2014-03-13,True,1.0,0,0,2014,1,3,Mar,2014-03,Spring,24.2,10.0,0,0,None,Moderate (30-45 km/h),East
2087,2014-03-13,18.5,27.0,27.8,7.0,6.2,S,44,SW,SE,15,15,81,56,1020.4,1018.2,6,3,19.6,26.0,Yes,No,No,2014-03-14,True,1.0,0,0,2014,1,3,Mar,2014-03,Spring,22.75,8.5,0,1,Heavy,Moderate (30-45 km/h),South
2088,2014-03-14,19.3,26.3,0.2,4.0,7.9,NNE,43,NNW,ENE,7,30,70,55,1018.4,1014.7,6,1,22.7,25.2,No,No,No,2014-03-15,True,1.0,0,0,2014,1,3,Mar,2014-03,Spring,22.8,7.0,0,0,Light,Moderate (30-45 km/h),North
2089,2014-03-15,19.5,26.6,0.0,7.8,5.8,WSW,91,NNW,NE,7,17,64,62,1013.0,1008.4,4,7,22.5,25.8,No,Yes,Yes,2014-03-16,True,1.0,0,1,2014,1,3,Mar,2014-03,Spring,23.05,7.1,0,0,None,Gale (>60 km/h),West
2090,2014-03-16,19.2,29.3,5.4,5.8,5.8,W,57,WNW,WNW,9,13,57,74,1005.5,1004.7,2,7,24.2,22.5,Yes,Yes,Yes,2014-03-17,True,1.0,0,0,2014,1,3,Mar,2014-03,Spring,24.25,10.1,0,1,Moderate,Strong (45-60 km/h),West
2091,2014-03-17,15.1,28.0,5.0,6.2,11.2,NNE,35,W,ENE,15,26,47,25,1016.9,1015.0,1,1,19.4,27.5,Yes,No,No,2014-03-18,True,1.0,0,0,2014,1,3,Mar,2014-03,Spring,21.55,12.9,0,1,Moderate,Moderate (30-45 km/h),North
2092,2014-03-18,16.1,29.7,0.2,7.2,10.4,NE,31,W,NE,19,19,58,33,1021.0,1018.7,1,5,19.9,28.7,No,No,No,2014-03-19,True,1.0,0,0,2014,1,3,Mar,2014-03,Spring,22.9,13.6,0,0,Light,Moderate (30-45 km/h),North
2093,2014-03-19,19.6,27.9,0.0,6.6,10.1,S,48,SSW,SSE,13,26,66,57,1023.9,1023.6,1,6,23.9,27.8,No,No,No,2014-03-20,True,1.0,0,0,2014,1,3,Mar,2014-03,Spring,23.75,8.3,0,0,None,Strong (45-60 km/h),South
2094,2014-03-20,21.7,27.0,0.0,6.2,9.2,E,33,W,E,0,22,58,54,1026.9,1024.2,3,3,25.5,26.4,No,No,No,2014-03-21,True,1.0,0,0,2014,1,3,Mar,2014-03,Spring,24.35,5.3,0,0,None,Moderate (30-45 km/h),East
2095,2014-03-21,20.4,26.8,1.0,6.0,5.2,NE,39,NNE,ENE,6,19,75,58,1022.5,1018.9,7,4,21.7,25.2,No,No,No,2014-03-22,True,1.0,0,0,2014,1,3,Mar,2014-03,Spring,23.6,6.4,0,1,Light,Moderate (30-45 km/h),North
2096,2014-03-22,18.7,26.7,0.0,6.0,9.5,SSW,37,ESE,ENE,6,20,68,60,1017.8,1014.5,3,2,23.6,25.7,No,No,No,2014-03-23,True,1.0,0,0,2014,1,3,Mar,2014-03,Spring,22.7,8.0,0,0,None,Moderate (30-45 km/h),South
2097,2014-03-23,20.3,27.0,0.0,5.2,7.2,NNW,41,SE,ENE,6,19,70,63,1017.6,1013.2,3,7,23.0,25.7,No,No,No,2014-03-24,True,1.0,0,0,2014,1,3,Mar,2014-03,Spring,23.65,6.7,0,0,None,Moderate (30-45 km/h),North
2098,2014-03-24,20.1,23.2,0.4,6.2,0.0,W,54,SSW,W,24,31,79,89,1016.4,1015.3,8,8,20.3,17.5,No,Yes,Yes,2014-03-25,True,1.0,0,0,2014,1,3,Mar,2014-03,Spring,21.65,3.1,0,0,Light,Strong (45-60 km/h),West
2099,2014-03-25,17.1,25.2,6.8,4.2,6.5,ESE,35,W,ESE,11,9,82,67,1020.0,1019.6,1,7,19.8,24.7,Yes,No,No,2014-03-26,True,1.0,0,0,2014,1,3,Mar,2014-03,Spring,21.15,8.1,0,1,Moderate,Moderate (30-45 km/h),East
2100,2014-03-26,19.7,24.9,0.6,2.8,0.0,NE,37,WNW,E,11,9,89,72,1022.5,1021.2,7,7,21.2,24.4,No,Yes,Yes,2014-03-27,True,1.0,0,0,2014,1,3,Mar,2014-03,Spring,22.3,5.2,0,0,Light,Moderate (30-45 km/h),North
2101,2014-03-27,20.6,22.2,18.0,2.8,0.0,N,35,NNE,N,2,7,89,77,1022.3,1020.0,8,8,21.2,20.3,Yes,Yes,Yes,2014-03-28,True,1.0,0,0,2014,1,3,Mar,2014-03,Spring,21.4,1.6,0,1,Heavy,Moderate (30-45 km/h),North
2102,2014-03-28,18.0,24.7,7.4,1.0,0.0,WSW,26,WNW,WSW,13,11,84,66,1017.0,1013.3,7,8,18.7,24.3,Yes,No,No,2014-03-29,True,1.0,0,0,2014,1,3,Mar,2014-03,Spring,21.35,6.7,0,1,Moderate,Light (<30 km/h),West
2103,2014-03-29,18.7,25.7,0.8,3.6,5.6,SSE,41,W,SSE,15,24,80,59,1015.3,1015.0,6,7,20.6,24.4,No,No,No,2014-03-30,True,1.0,0,0,2014,1,3,Mar,2014-03,Spring,22.2,7.0,0,0,Light,Moderate (30-45 km/h),South
2104,2014-03-30,19.4,27.0,0.2,3.6,10.1,SE,35,WNW,ESE,11,22,69,55,1020.1,1019.2,3,3,22.4,27.0,No,Yes,Yes,2014-03-31,True,1.0,0,0,2014,1,3,Mar,2014-03,Spring,23.2,7.6,0,0,Light,Moderate (30-45 km/h),East
2105,2014-03-31,17.5,25.0,3.6,5.0,10.2,W,26,WNW,ESE,15,15,79,64,1022.4,1019.7,3,6,19.6,23.5,Yes,No,No,2014-04-01,True,1.0,0,0,2014,1,3,Mar,2014-03,Spring,21.25,7.5,0,1,Moderate,Light (<30 km/h),West
2106,2014-04-01,17.5,26.4,0.0,3.2,6.2,NNE,31,WNW,ENE,13,17,78,66,1019.7,1017.5,7,7,20.5,24.6,No,No,No,2014-04-02,True,1.0,0,0,2014,2,4,Apr,2014-04,Spring,21.95,8.9,0,0,None,Moderate (30-45 km/h),North
2107,2014-04-02,18.1,26.0,0.0,4.8,10.9,E,26,WNW,E,11,20,91,67,1017.9,1014.6,2,1,18.9,24.7,No,No,No,2014-04-03,True,1.0,0,0,2014,2,4,Apr,2014-04,Spring,22.05,7.9,0,0,None,Light (<30 km/h),East
2108,2014-04-03,18.9,26.3,0.0,3.0,8.8,SSW,31,WNW,E,13,24,82,70,1017.5,1015.0,1,7,21.3,25.1,No,No,No,2014-04-04,True,1.0,0,0,2014,2,4,Apr,2014-04,Spring,22.6,7.4,0,0,None,Moderate (30-45 km/h),South
2109,2014-04-04,19.9,22.3,0.0,6.0,0.0,S,43,SSW,S,11,19,82,74,1018.5,1016.5,8,8,20.4,21.5,No,Yes,Yes,2014-04-05,True,1.0,0,0,2014,2,4,Apr,2014-04,Spring,21.1,2.4,0,0,None,Moderate (30-45 km/h),South
2110,2014-04-05,18.0,26.0,5.6,9.2,6.4,SSW,50,WNW,SSE,13,24,80,63,1018.8,1016.9,7,3,20.6,23.8,Yes,Yes,Yes,2014-04-06,True,1.0,0,0,2014,2,4,Apr,2014-04,Spring,22.0,8.0,0,1,Moderate,Strong (45-60 km/h),South
2111,2014-04-06,17.2,21.7,3.4,4.6,1.1,SSW,48,SW,SW,9,7,86,86,1020.9,1020.8,7,8,19.2,19.5,Yes,Yes,Yes,2014-04-07,True,1.0,0,0,2014,2,4,Apr,2014-04,Spring,19.45,4.5,0,1,Moderate,Strong (45-60 km/h),South
2112,2014-04-07,15.3,22.4,16.0,4.2,3.3,SSE,39,WSW,SSE,13,9,83,63,1025.5,1023.6,6,6,16.9,21.1,Yes,Yes,Yes,2014-04-08,True,1.0,0,0,2014,2,4,Apr,2014-04,Spring,18.85,7.1,0,1,Heavy,Moderate (30-45 km/h),South
2113,2014-04-08,17.2,23.2,5.0,5.2,1.2,W,22,WNW,E,13,13,77,53,1023.9,1020.1,7,6,19.6,22.9,Yes,No,No,2014-04-09,True,1.0,0,0,2014,2,4,Apr,2014-04,Spring,20.2,6.0,0,1,Moderate,Light (<30 km/h),West
2114,2014-04-09,15.9,24.1,0.0,0.4,4.6,ENE,22,WNW,E,13,17,68,58,1021.4,1017.9,7,7,20.4,23.2,No,No,No,2014-04-10,True,1.0,0,0,2014,2,4,Apr,2014-04,Spring,20.0,8.2,0,0,None,Light (<30 km/h),East
2115,2014-04-10,17.8,24.7,0.0,2.6,0.0,W,17,W,E,11,7,74,82,1016.9,1012.7,7,8,20.2,20.0,No,Yes,Yes,2014-04-11,True,1.0,0,0,2014,2,4,Apr,2014-04,Spring,21.25,6.9,0,0,None,Light (<30 km/h),West
2116,2014-04-11,18.9,28.0,5.6,1.6,3.7,NW,37,NW,SW,22,9,64,55,1005.5,1002.9,5,7,24.1,25.7,Yes,Yes,Yes,2014-04-12,True,1.0,0,0,2014,2,4,Apr,2014-04,Spring,23.45,9.1,0,1,Moderate,Moderate (30-45 km/h),North
2117,2014-04-12,17.9,21.0,5.0,3.8,0.7,SSW,54,SW,SSW,26,22,76,74,1011.1,1011.9,7,6,19.1,20.0,Yes,Yes,Yes,2014-04-13,True,1.0,0,0,2014,2,4,Apr,2014-04,Spring,19.45,3.1,0,1,Moderate,Strong (45-60 km/h),South
2118,2014-04-13,16.0,20.6,3.8,1.4,1.0,SSE,52,SW,S,20,15,86,88,1016.8,1016.1,7,7,17.8,18.5,Yes,Yes,Yes,2014-04-14,True,1.0,0,0,2014,2,4,Apr,2014-04,Spring,18.3,4.6,0,1,Moderate,Strong (45-60 km/h),South
2119,2014-04-14,13.5,21.0,2.8,3.6,3.3,SSW,41,W,S,20,15,64,69,1020.4,1018.8,6,5,17.2,19.4,Yes,Yes,Yes,2014-04-15,True,1.0,0,0,2014,2,4,Apr,2014-04,Spring,17.25,7.5,0,1,Moderate,Moderate (30-45 km/h),South
2120,2014-04-15,13.4,21.9,4.2,3.4,3.5,SSE,50,W,S,22,28,58,64,1020.7,1018.4,7,8,17.3,20.8,Yes,Yes,Yes,2014-04-16,True,1.0,0,0,2014,2,4,Apr,2014-04,Spring,17.65,8.5,0,1,Moderate,Strong (45-60 km/h),South
2121,2014-04-16,14.3,23.3,29.6,3.2,9.0,SW,43,W,S,20,22,69,57,1019.8,1017.3,5,3,17.7,21.9,Yes,No,No,2014-04-17,True,1.0,0,0,2014,2,4,Apr,2014-04,Spring,18.8,9.0,0,1,Heavy,Moderate (30-45 km/h),South
2122,2014-04-17,13.1,23.7,0.0,5.2,9.0,SSE,41,W,SSE,19,22,65,39,1019.6,1017.4,5,1,17.2,23.1,No,No,No,2014-04-18,True,1.0,0,0,2014,2,4,Apr,2014-04,Spring,18.4,10.6,0,0,None,Moderate (30-45 km/h),South
2123,2014-04-18,13.5,26.5,0.0,2.2,10.8,WSW,35,WNW,WNW,15,13,68,31,1016.3,1011.7,2,3,16.7,26.1,No,No,No,2014-04-19,True,1.0,0,0,2014,2,4,Apr,2014-04,Spring,20.0,13.0,0,0,None,Moderate (30-45 km/h),West
2124,2014-04-19,15.0,22.7,0.0,3.8,10.7,SSE,41,SSW,SSE,17,22,60,42,1016.4,1014.8,1,1,19.2,20.8,No,No,No,2014-04-20,True,1.0,0,0,2014,2,4,Apr,2014-04,Spring,18.85,7.7,0,0,None,Moderate (30-45 km/h),South
2125,2014-04-20,13.2,22.9,0.0,5.2,10.4,WSW,28,W,ENE,17,17,61,56,1018.4,1014.7,3,1,16.3,21.9,No,No,No,2014-04-21,True,1.0,0,0,2014,2,4,Apr,2014-04,Spring,18.05,9.7,0,0,None,Light (<30 km/h),West
2126,2014-04-21,13.2,25.3,0.0,4.0,9.7,W,35,W,ESE,20,15,48,31,1021.1,1018.5,1,3,15.9,24.4,No,No,No,2014-04-22,True,1.0,0,0,2014,2,4,Apr,2014-04,Spring,19.25,12.1,0,0,None,Moderate (30-45 km/h),West
2127,2014-04-22,12.4,25.8,0.0,4.0,7.9,W,20,WNW,W,17,11,67,32,1018.7,1014.9,7,7,15.8,24.4,No,No,No,2014-04-23,True,1.0,0,0,2014,2,4,Apr,2014-04,Spring,19.1,13.4,0,0,None,Light (<30 km/h),West
2128,2014-04-23,13.4,26.1,0.0,4.2,9.0,W,24,W,ESE,20,13,59,36,1017.6,1014.9,7,3,17.6,24.0,No,No,No,2014-04-24,True,1.0,0,0,2014,2,4,Apr,2014-04,Spring,19.75,12.7,0,0,None,Light (<30 km/h),West
2129,2014-04-24,14.1,29.9,0.0,3.8,9.1,SE,41,WNW,WNW,15,6,53,28,1013.7,1011.3,6,7,19.3,28.9,No,Yes,Yes,2014-04-25,True,1.0,0,0,2014,2,4,Apr,2014-04,Spring,22.0,15.8,0,0,None,Moderate (30-45 km/h),East
2130,2014-04-25,17.6,20.9,6.8,4.6,3.2,SSE,39,S,ENE,7,15,84,67,1023.2,1019.2,8,1,17.7,20.7,Yes,Yes,Yes,2014-04-26,True,1.0,0,0,2014,2,4,Apr,2014-04,Spring,19.25,3.3,0,1,Moderate,Moderate (30-45 km/h),South
2131,2014-04-26,15.5,23.1,9.2,2.0,1.2,S,30,N,WNW,7,6,72,63,1015.0,1011.5,7,7,18.2,22.6,Yes,No,No,2014-04-27,True,1.0,0,0,2014,2,4,Apr,2014-04,Spring,19.3,7.6,0,1,Moderate,Moderate (30-45 km/h),South
2132,2014-04-27,16.9,17.9,0.4,2.2,0.0,SSW,35,SSE,S,19,15,83,87,1023.5,1023.1,5,7,17.9,17.0,No,Yes,Yes,2014-04-28,True,1.0,0,0,2014,2,4,Apr,2014-04,Spring,17.4,1.0,0,0,Light,Moderate (30-45 km/h),South
2133,2014-04-28,15.0,20.6,20.2,1.0,2.8,W,20,W,NNE,11,11,75,67,1025.9,1022.1,6,6,17.4,20.4,Yes,No,No,2014-04-29,True,1.0,0,0,2014,2,4,Apr,2014-04,Spring,17.8,5.6,0,1,Heavy,Light (<30 km/h),West
2134,2014-04-29,14.9,25.7,0.0,3.0,8.5,NNW,31,NNW,NE,13,15,71,61,1017.7,1013.3,1,7,18.4,23.6,No,Yes,Yes,2014-04-30,True,1.0,0,0,2014,2,4,Apr,2014-04,Spring,20.3,10.8,0,0,None,Moderate (30-45 km/h),North
2135,2014-04-30,18.2,25.3,3.4,5.0,7.1,WSW,44,WSW,SSW,15,20,83,28,1012.5,1011.4,7,2,18.6,24.3,Yes,No,No,2014-05-01,True,1.0,0,0,2014,2,4,Apr,2014-04,Spring,21.75,7.1,0,1,Moderate,Moderate (30-45 km/h),West
2136,2014-05-01,11.3,23.0,0.0,5.2,10.2,W,31,W,ESE,19,15,59,44,1017.7,1013.8,1,1,14.7,19.6,No,No,No,2014-05-02,True,1.0,0,0,2014,2,5,May,2014-05,Spring,17.15,11.7,0,0,None,Moderate (30-45 km/h),West
2137,2014-05-02,13.3,22.2,0.0,2.8,7.3,W,46,W,W,17,19,71,35,1006.9,1001.9,2,6,16.1,21.5,No,Yes,Yes,2014-05-03,True,1.0,0,0,2014,2,5,May,2014-05,Spring,17.75,8.9,0,0,None,Strong (45-60 km/h),West
2138,2014-05-03,11.7,15.7,1.2,5.6,1.1,W,57,NW,W,13,35,81,46,996.5,994.8,7,7,12.7,14.8,Yes,Yes,Yes,2014-05-04,True,1.0,0,0,2014,2,5,May,2014-05,Spring,13.7,4.0,0,1,Light,Strong (45-60 km/h),West
2139,2014-05-04,10.8,20.5,3.8,3.8,8.5,W,54,W,W,20,31,61,31,1001.9,1003.7,5,1,15.0,19.3,Yes,No,No,2014-05-05,True,1.0,0,0,2014,2,5,May,2014-05,Spring,15.65,9.7,0,1,Moderate,Strong (45-60 km/h),West
2140,2014-05-05,10.3,20.9,0.0,5.4,10.4,W,39,W,NW,22,7,54,32,1017.9,1016.8,1,3,12.8,20.2,No,No,No,2014-05-06,True,1.0,0,0,2014,2,5,May,2014-05,Spring,15.6,10.6,0,0,None,Moderate (30-45 km/h),West
2141,2014-05-06,10.7,23.4,0.0,3.4,8.2,W,39,W,ENE,26,6,58,35,1021.2,1018.5,5,3,14.6,21.6,No,No,No,2014-05-07,True,1.0,0,0,2014,2,5,May,2014-05,Spring,17.05,12.7,0,0,None,Moderate (30-45 km/h),West
2142,2014-05-07,11.2,20.7,0.0,3.2,9.7,S,43,W,S,20,20,59,41,1023.8,1022.9,3,2,13.9,19.3,No,No,No,2014-05-08,True,1.0,0,0,2014,2,5,May,2014-05,Spring,15.95,9.5,0,0,None,Moderate (30-45 km/h),South
2143,2014-05-08,11.1,21.0,0.0,5.8,6.2,SSW,46,W,SSE,19,19,66,65,1026.2,1024.3,2,6,14.2,18.2,No,Yes,Yes,2014-05-09,True,1.0,0,0,2014,2,5,May,2014-05,Spring,16.05,9.9,0,0,None,Strong (45-60 km/h),South
2144,2014-05-09,11.8,21.9,7.4,3.0,3.0,W,26,WNW,E,9,13,84,62,1026.3,1023.6,4,7,13.9,18.8,Yes,No,No,2014-05-10,True,1.0,0,0,2014,2,5,May,2014-05,Spring,16.85,10.1,0,1,Moderate,Light (<30 km/h),West
2145,2014-05-10,12.0,24.8,0.4,2.2,5.2,NW,35,W,N,13,13,80,51,1023.9,1020.0,3,7,14.5,21.4,No,No,No,2014-05-11,True,1.0,0,0,2014,2,5,May,2014-05,Spring,18.4,12.8,0,0,Light,Moderate (30-45 km/h),North
2146,2014-05-11,14.4,22.9,0.8,2.0,8.3,SSE,41,W,SSW,15,20,76,59,1022.2,1022.1,1,3,16.7,19.9,No,No,No,2014-05-12,True,1.0,0,0,2014,2,5,May,2014-05,Spring,18.65,8.5,0,0,Light,Moderate (30-45 km/h),South
2147,2014-05-12,12.6,23.0,0.0,4.0,8.8,SSE,37,W,S,17,20,73,51,1030.1,1028.5,3,2,16.7,22.7,No,Yes,Yes,2014-05-13,True,1.0,0,0,2014,2,5,May,2014-05,Spring,17.8,10.4,0,0,None,Moderate (30-45 km/h),South
2148,2014-05-13,13.7,23.0,11.2,4.8,8.8,W,26,W,E,20,9,74,52,1030.5,1027.2,1,3,15.6,21.0,Yes,No,No,2014-05-14,True,1.0,0,0,2014,2,5,May,2014-05,Spring,18.35,9.3,0,1,Heavy,Light (<30 km/h),West
2149,2014-05-14,12.6,23.2,0.2,1.8,9.5,ENE,28,WNW,NE,13,17,78,54,1029.3,1025.8,1,2,14.8,21.4,No,No,No,2014-05-15,True,1.0,0,0,2014,2,5,May,2014-05,Spring,17.9,10.6,0,0,Light,Light (<30 km/h),East
2150,2014-05-15,11.7,22.9,0.0,4.0,10.0,WNW,24,W,E,15,13,82,51,1028.7,1025.3,1,1,13.7,21.5,No,No,No,2014-05-16,True,1.0,0,0,2014,2,5,May,2014-05,Spring,17.3,11.2,0,0,None,Light (<30 km/h),West
2151,2014-05-16,12.0,25.3,0.0,3.2,9.9,W,28,W,ENE,19,13,75,40,1029.4,1027.0,0,1,14.6,23.3,No,No,No,2014-05-17,True,1.0,0,0,2014,2,5,May,2014-05,Spring,18.65,13.3,0,0,None,Light (<30 km/h),West
2152,2014-05-17,12.0,24.2,0.0,4.0,9.1,NNE,26,WNW,ENE,11,13,72,55,1030.4,1026.7,6,3,14.3,22.4,No,No,No,2014-05-18,True,1.0,0,0,2014,2,5,May,2014-05,Spring,18.1,12.2,0,0,None,Light (<30 km/h),North
2153,2014-05-18,13.0,24.8,0.0,3.4,2.8,W,20,W,W,15,7,69,41,1028.3,1025.2,7,7,14.8,24.4,No,No,No,2014-05-19,True,1.0,0,0,2014,2,5,May,2014-05,Spring,18.9,11.8,0,0,None,Light (<30 km/h),West
2154,2014-05-19,13.1,26.1,0.0,2.4,7.5,WNW,24,W,WNW,19,7,72,33,1026.0,1022.4,7,1,15.8,25.8,No,No,No,2014-05-20,True,1.0,0,0,2014,2,5,May,2014-05,Spring,19.6,13.0,0,0,None,Light (<30 km/h),West
2155,2014-05-20,14.4,25.5,0.0,3.2,4.7,W,24,W,WNW,17,7,69,41,1022.9,1019.6,7,7,16.2,25.2,No,No,No,2014-05-21,True,1.0,0,0,2014,2,5,May,2014-05,Spring,19.95,11.1,0,0,None,Light (<30 km/h),West
2156,2014-05-21,14.8,23.5,0.0,3.6,9.8,W,26,WNW,ESE,13,13,66,58,1024.4,1022.6,2,2,17.5,22.6,No,No,No,2014-05-22,True,1.0,0,0,2014,2,5,May,2014-05,Spring,19.15,8.7,0,0,None,Light (<30 km/h),West
2157,2014-05-22,13.1,27.1,0.0,2.2,9.4,W,24,W,W,13,6,82,30,1023.5,1018.7,1,1,14.9,26.8,No,No,No,2014-05-23,True,1.0,0,0,2014,2,5,May,2014-05,Spring,20.1,14.0,0,0,None,Light (<30 km/h),West
2158,2014-05-23,13.9,25.1,0.0,4.0,8.0,W,22,W,WNW,11,13,64,41,1017.9,1013.0,3,5,16.5,23.8,No,No,No,2014-05-24,True,1.0,0,0,2014,2,5,May,2014-05,Spring,19.5,11.2,0,0,None,Light (<30 km/h),West
2159,2014-05-24,15.7,25.2,0.0,4.8,7.4,WSW,35,W,SSW,13,15,62,45,1015.4,1014.0,2,6,17.7,22.6,No,No,No,2014-05-25,True,1.0,0,0,2014,2,5,May,2014-05,Spring,20.45,9.5,0,0,None,Moderate (30-45 km/h),West
2160,2014-05-25,15.5,26.9,0.0,3.4,7.1,W,26,W,ESE,19,17,75,43,1018.3,1017.1,5,2,17.2,24.9,No,No,No,2014-05-26,True,1.0,0,0,2014,2,5,May,2014-05,Spring,21.2,11.4,0,0,None,Light (<30 km/h),West
2161,2014-05-26,14.1,23.6,0.0,3.4,9.4,NNE,30,WNW,ENE,13,17,81,59,1023.4,1020.9,6,6,16.3,23.3,No,No,No,2014-05-27,True,1.0,0,0,2014,2,5,May,2014-05,Spring,18.85,9.5,0,0,None,Moderate (30-45 km/h),North
2162,2014-05-27,16.0,24.0,0.0,2.6,3.0,N,48,NNE,NNE,11,26,68,46,1018.0,1010.8,7,7,19.4,23.8,No,No,No,2014-05-28,True,1.0,0,0,2014,2,5,May,2014-05,Spring,20.0,8.0,0,0,None,Strong (45-60 km/h),North
2163,2014-05-28,17.1,24.1,0.0,5.6,9.6,NW,48,NW,WNW,22,26,54,31,1013.8,1013.5,1,1,19.3,23.2,No,No,No,2014-05-29,True,1.0,0,0,2014,2,5,May,2014-05,Spring,20.6,7.0,0,0,None,Strong (45-60 km/h),North
2164,2014-05-29,12.8,21.3,0.0,5.4,7.7,S,35,W,S,20,22,59,61,1023.1,1022.1,2,5,15.3,19.7,No,No,No,2014-05-30,True,1.0,0,0,2014,2,5,May,2014-05,Spring,17.05,8.5,0,0,None,Moderate (30-45 km/h),South
2165,2014-05-30,14.5,21.4,0.0,4.4,5.2,SSW,33,W,S,19,17,71,58,1026.8,1024.5,6,3,15.9,20.7,No,Yes,Yes,2014-05-31,True,1.0,0,0,2014,2,5,May,2014-05,Spring,17.95,6.9,0,0,None,Moderate (30-45 km/h),South
2166,2014-05-31,14.3,20.7,2.4,1.0,7.5,NNE,31,WNW,ENE,15,17,86,61,1026.9,1022.8,5,4,15.2,20.0,Yes,Yes,Yes,2014-06-01,True,1.0,0,0,2014,2,5,May,2014-05,Spring,17.5,6.4,0,1,Light,Moderate (30-45 km/h),North
2167,2014-06-01,14.8,20.7,11.2,5.0,0.4,W,46,NW,W,7,26,87,70,1020.5,1018.0,7,8,17.0,17.8,Yes,No,No,2014-06-02,True,1.0,0,0,2014,2,6,Jun,2014-06,Summer,17.75,5.9,0,1,Heavy,Strong (45-60 km/h),West
2168,2014-06-02,12.4,22.3,1.0,2.0,5.9,W,30,W,WNW,11,9,85,54,1017.2,1014.9,7,3,14.5,19.9,No,No,No,2014-06-03,True,1.0,0,0,2014,2,6,Jun,2014-06,Summer,17.35,9.9,0,1,Light,Moderate (30-45 km/h),West
2169,2014-06-03,10.5,20.3,0.0,1.8,9.9,W,39,WSW,WNW,9,17,70,42,1018.4,1016.2,1,1,13.2,19.5,No,No,No,2014-06-04,True,1.0,0,0,2014,2,6,Jun,2014-06,Summer,15.4,9.8,0,0,None,Moderate (30-45 km/h),West
2170,2014-06-04,11.2,22.3,0.0,3.6,9.6,W,33,W,SSE,24,13,69,53,1024.1,1022.9,1,3,13.6,22.0,No,Yes,Yes,2014-06-05,True,1.0,0,0,2014,2,6,Jun,2014-06,Summer,16.75,11.1,0,0,None,Moderate (30-45 km/h),West
2171,2014-06-05,13.6,19.8,8.6,4.0,0.4,SSE,30,W,SSW,19,11,91,80,1025.7,1024.1,8,7,15.3,18.0,Yes,Yes,Yes,2014-06-06,True,1.0,0,0,2014,2,6,Jun,2014-06,Summer,16.7,6.2,0,1,Moderate,Moderate (30-45 km/h),South
2172,2014-06-06,14.5,15.5,13.2,7.2,0.5,S,48,SSW,SSW,22,17,86,85,1026.3,1024.8,7,7,15.3,14.9,Yes,Yes,Yes,2014-06-07,True,1.0,0,0,2014,2,6,Jun,2014-06,Summer,15.0,1.0,0,1,Heavy,Strong (45-60 km/h),South
2173,2014-06-07,10.1,19.4,6.8,2.4,7.8,SSW,39,W,SSW,26,19,67,60,1027.2,1025.0,2,6,12.2,17.8,Yes,No,No,2014-06-08,True,1.0,0,0,2014,2,6,Jun,2014-06,Summer,14.75,9.3,0,1,Moderate,Moderate (30-45 km/h),South
2174,2014-06-08,10.5,17.7,0.0,3.6,6.3,SSE,46,W,SSW,17,24,65,59,1026.9,1025.8,3,7,11.9,16.0,No,Yes,Yes,2014-06-09,True,1.0,0,0,2014,2,6,Jun,2014-06,Summer,14.1,7.2,0,0,None,Strong (45-60 km/h),South
2175,2014-06-09,8.6,18.4,2.2,2.6,5.1,SSE,46,W,SE,22,17,71,73,1028.4,1027.3,1,7,10.4,16.9,Yes,Yes,Yes,2014-06-10,True,1.0,0,0,2014,2,6,Jun,2014-06,Summer,13.5,9.8,0,1,Light,Strong (45-60 km/h),South
2176,2014-06-10,10.4,19.2,13.8,2.0,3.6,SSE,31,W,SE,20,19,91,49,1030.5,1027.4,7,1,13.0,18.8,Yes,Yes,Yes,2014-06-11,True,1.0,0,0,2014,2,6,Jun,2014-06,Summer,14.8,8.8,0,1,Heavy,Moderate (30-45 km/h),South
2177,2014-06-11,10.4,19.6,5.6,2.2,5.6,W,24,WNW,SSE,19,9,86,62,1026.6,1022.8,6,6,11.9,17.7,Yes,No,No,2014-06-12,True,1.0,0,0,2014,2,6,Jun,2014-06,Summer,15.0,9.2,0,1,Moderate,Light (<30 km/h),West
2178,2014-06-12,11.1,20.4,0.0,1.0,5.8,W,30,W,NNE,15,9,86,52,1022.0,1018.9,7,6,12.1,19.5,No,No,No,2014-06-13,True,1.0,0,0,2014,2,6,Jun,2014-06,Summer,15.75,9.3,0,0,None,Moderate (30-45 km/h),West
2179,2014-06-13,10.7,20.9,0.0,2.4,3.3,N,28,W,N,15,15,85,48,1019.4,1015.0,7,7,11.8,20.4,No,Yes,Yes,2014-06-14,True,1.0,0,0,2014,2,6,Jun,2014-06,Summer,15.8,10.2,0,0,None,Light (<30 km/h),North
2180,2014-06-14,11.8,19.9,5.0,2.4,3.9,W,31,WNW,W,17,19,89,53,1012.1,1009.2,8,2,14.3,19.2,Yes,No,No,2014-06-15,True,1.0,0,0,2014,2,6,Jun,2014-06,Summer,15.85,8.1,0,1,Moderate,Moderate (30-45 km/h),West
2181,2014-06-15,10.3,17.2,0.2,2.6,1.2,W,54,NW,WSW,13,22,65,49,1008.9,1008.3,7,7,13.0,16.9,No,No,No,2014-06-16,True,1.0,0,0,2014,2,6,Jun,2014-06,Summer,13.75,6.9,0,0,Light,Strong (45-60 km/h),West
2182,2014-06-16,9.3,19.5,0.4,0.8,9.7,SW,44,W,WNW,15,11,78,36,1020.8,1018.4,1,1,11.3,19.4,No,No,No,2014-06-17,True,1.0,0,0,2014,2,6,Jun,2014-06,Summer,14.4,10.2,0,0,Light,Moderate (30-45 km/h),South
2183,2014-06-17,10.0,19.8,0.0,4.4,9.1,WSW,43,W,SSW,20,19,63,46,1023.4,1024.0,1,5,13.5,17.8,No,No,No,2014-06-18,True,1.0,0,0,2014,2,6,Jun,2014-06,Summer,14.9,9.8,0,0,None,Moderate (30-45 km/h),West
2184,2014-06-18,11.4,20.4,0.0,1.8,9.4,W,35,W,ESE,22,11,67,51,1030.1,1027.9,1,1,12.5,18.7,No,No,No,2014-06-19,True,1.0,0,0,2014,2,6,Jun,2014-06,Summer,15.9,9.0,0,0,None,Moderate (30-45 km/h),West
2185,2014-06-19,10.6,21.5,0.0,1.8,8.5,W,24,WNW,NE,15,13,81,57,1027.8,1022.9,3,3,12.0,19.8,No,No,No,2014-06-20,True,1.0,0,0,2014,2,6,Jun,2014-06,Summer,16.05,10.9,0,0,None,Light (<30 km/h),West
2186,2014-06-20,12.0,21.3,0.0,4.6,6.3,WSW,28,N,W,6,6,66,54,1019.9,1015.9,2,6,15.5,19.6,No,No,No,2014-06-21,True,1.0,0,0,2014,2,6,Jun,2014-06,Summer,16.65,9.3,0,0,None,Light (<30 km/h),West
2187,2014-06-21,10.5,21.9,0.0,2.4,9.5,W,30,WNW,W,22,11,79,31,1020.4,1018.5,1,1,11.8,21.4,No,No,No,2014-06-22,True,1.0,0,0,2014,2,6,Jun,2014-06,Summer,16.2,11.4,0,0,None,Moderate (30-45 km/h),West
2188,2014-06-22,11.1,19.7,0.0,3.4,4.4,W,26,WNW,NNE,15,4,79,49,1023.0,1020.0,7,1,11.9,19.6,No,No,No,2014-06-23,True,1.0,0,0,2014,2,6,Jun,2014-06,Summer,15.4,8.6,0,0,None,Light (<30 km/h),West
2189,2014-06-23,10.0,16.6,0.0,0.6,1.8,N,37,NNW,N,15,22,76,57,1014.9,1008.6,7,7,13.5,15.8,No,No,No,2014-06-24,True,1.0,0,0,2014,2,6,Jun,2014-06,Summer,13.3,6.6,0,0,None,Moderate (30-45 km/h),North
2190,2014-06-24,11.5,16.7,0.0,6.2,9.7,WNW,81,NW,WNW,28,33,47,35,1007.1,1003.4,1,1,12.1,16.1,No,No,No,2014-06-25,True,1.0,0,1,2014,2,6,Jun,2014-06,Summer,14.1,5.2,0,0,None,Gale (>60 km/h),West
2191,2014-06-25,11.1,18.1,0.0,4.0,9.7,W,76,W,W,31,39,45,35,1012.2,1012.8,1,1,14.8,17.7,No,No,No,2014-06-26,True,1.0,0,0,2014,2,6,Jun,2014-06,Summer,14.6,7.0,0,0,None,Gale (>60 km/h),West
2192,2014-06-26,10.7,22.2,0.0,4.8,9.8,WNW,41,WNW,WNW,17,15,47,31,1018.8,1017.9,1,5,15.1,21.1,No,No,No,2014-06-27,True,1.0,0,0,2014,2,6,Jun,2014-06,Summer,16.45,11.5,0,0,None,Moderate (30-45 km/h),West
2193,2014-06-27,10.4,21.2,0.0,4.0,8.1,N,30,NW,NNE,11,9,68,39,1021.0,1015.1,7,7,12.1,20.4,No,No,No,2014-06-28,True,1.0,0,0,2014,2,6,Jun,2014-06,Summer,15.8,10.8,0,0,None,Moderate (30-45 km/h),North
2194,2014-06-28,12.0,22.8,0.0,5.0,6.9,W,96,N,NW,28,20,36,34,1007.2,999.9,7,2,15.8,20.3,No,No,No,2014-06-29,True,1.0,0,1,2014,2,6,Jun,2014-06,Summer,17.4,10.8,0,0,None,Gale (>60 km/h),West
2195,2014-06-29,10.0,16.4,0.0,7.0,9.6,NW,69,NW,NW,28,28,45,37,1004.5,1004.8,1,3,12.1,15.5,No,No,No,2014-06-30,True,1.0,0,0,2014,2,6,Jun,2014-06,Summer,13.2,6.4,0,0,None,Gale (>60 km/h),North
2196,2014-06-30,9.4,16.1,0.0,3.8,9.4,WSW,50,W,WSW,24,22,53,29,1015.1,1015.7,1,1,11.4,16.0,No,No,No,2014-07-01,True,1.0,0,0,2014,2,6,Jun,2014-06,Summer,12.75,6.7,0,0,None,Strong (45-60 km/h),West
2197,2014-07-01,8.9,19.1,0.0,3.0,9.3,W,33,W,W,20,7,64,36,1025.0,1024.0,1,1,10.1,18.3,No,No,No,2014-07-02,True,1.0,0,0,2014,3,7,Jul,2014-07,Summer,14.0,10.2,0,0,None,Moderate (30-45 km/h),West
2198,2014-07-02,7.4,20.2,0.0,3.8,9.6,W,37,W,SSE,28,13,67,36,1027.6,1025.2,1,1,9.6,19.2,No,No,No,2014-07-03,True,1.0,0,0,2014,3,7,Jul,2014-07,Summer,13.8,12.8,0,0,None,Moderate (30-45 km/h),West
2199,2014-07-03,6.7,18.3,0.0,1.2,9.6,W,28,W,ENE,19,13,71,54,1027.3,1023.3,1,1,9.1,17.2,No,No,No,2014-07-04,True,1.0,0,0,2014,3,7,Jul,2014-07,Summer,12.5,11.6,0,0,None,Light (<30 km/h),West
2200,2014-07-04,6.7,20.4,0.0,2.4,9.9,NW,30,W,ESE,9,7,71,33,1021.3,1016.6,0,1,9.3,19.6,No,No,No,2014-07-05,True,1.0,0,0,2014,3,7,Jul,2014-07,Summer,13.55,13.7,0,0,None,Moderate (30-45 km/h),North
2201,2014-07-05,8.2,18.0,0.0,3.6,9.6,W,48,W,WNW,17,28,62,33,1016.2,1012.0,1,1,10.1,17.3,No,No,No,2014-07-06,True,1.0,0,0,2014,3,7,Jul,2014-07,Summer,13.1,9.8,0,0,None,Strong (45-60 km/h),West
2202,2014-07-06,8.2,18.1,0.0,4.0,9.9,W,43,W,WSW,17,24,59,36,1013.6,1010.8,1,1,11.6,16.2,No,No,No,2014-07-07,True,1.0,0,0,2014,3,7,Jul,2014-07,Summer,13.15,9.9,0,0,None,Moderate (30-45 km/h),West
2203,2014-07-07,8.3,19.5,0.0,3.0,9.2,W,43,W,WSW,17,19,59,35,1014.4,1011.9,1,2,10.7,18.8,No,No,No,2014-07-08,True,1.0,0,0,2014,3,7,Jul,2014-07,Summer,13.9,11.2,0,0,None,Moderate (30-45 km/h),West
2204,2014-07-08,7.9,18.7,0.0,3.8,9.7,W,33,W,E,20,6,66,51,1016.6,1012.2,1,1,9.0,16.2,No,No,No,2014-07-09,True,1.0,0,0,2014,3,7,Jul,2014-07,Summer,13.3,10.8,0,0,None,Moderate (30-45 km/h),West
2205,2014-07-09,6.6,21.3,0.0,2.6,9.4,W,67,NNW,NNE,11,22,49,22,1007.6,999.6,0,1,11.9,20.7,No,No,No,2014-07-10,True,1.0,0,0,2014,3,7,Jul,2014-07,Summer,13.95,14.7,0,0,None,Gale (>60 km/h),West
2206,2014-07-10,8.8,17.3,0.2,5.8,9.8,WNW,61,WNW,W,15,37,52,32,1005.8,1005.1,1,2,11.9,16.8,No,No,No,2014-07-11,True,1.0,0,0,2014,3,7,Jul,2014-07,Summer,13.05,8.5,0,0,Light,Gale (>60 km/h),West
2207,2014-07-11,9.0,18.5,0.0,4.0,9.9,W,35,WNW,W,17,19,58,32,1017.4,1016.0,1,0,11.8,18.2,No,No,No,2014-07-12,True,1.0,0,0,2014,3,7,Jul,2014-07,Summer,13.75,9.5,0,0,None,Moderate (30-45 km/h),West
2208,2014-07-12,6.4,18.5,0.2,3.4,9.5,W,44,WNW,WSW,11,26,64,33,1019.6,1017.1,0,1,8.9,17.7,No,No,No,2014-07-13,True,1.0,0,0,2014,3,7,Jul,2014-07,Summer,12.45,12.1,0,0,Light,Moderate (30-45 km/h),West
2209,2014-07-13,6.5,16.3,0.0,3.6,9.6,S,46,W,S,28,24,54,47,1027.4,1027.3,1,3,8.2,15.1,No,No,No,2014-07-14,True,1.0,0,0,2014,3,7,Jul,2014-07,Summer,11.4,9.8,0,0,None,Strong (45-60 km/h),South
2210,2014-07-14,6.6,17.9,0.0,3.2,5.1,W,35,W,SSW,17,19,62,64,1032.0,1029.0,6,6,9.2,15.7,No,Yes,Yes,2014-07-15,True,1.0,0,0,2014,3,7,Jul,2014-07,Summer,12.25,11.3,0,0,None,Moderate (30-45 km/h),West
2211,2014-07-15,9.2,15.6,1.6,0.4,0.0,W,22,W,E,13,2,88,74,1025.8,1021.3,7,8,11.5,15.3,Yes,Yes,Yes,2014-07-16,True,1.0,0,0,2014,3,7,Jul,2014-07,Summer,12.4,6.4,0,1,Light,Light (<30 km/h),West
2212,2014-07-16,11.4,18.5,1.8,1.2,3.9,W,41,ENE,W,4,20,86,52,1013.7,1010.7,8,2,13.2,17.9,Yes,No,No,2014-07-17,True,1.0,0,0,2014,3,7,Jul,2014-07,Summer,14.95,7.1,0,1,Light,Moderate (30-45 km/h),West
2213,2014-07-17,9.5,19.9,0.0,2.0,9.4,W,56,NW,WNW,20,26,56,33,1012.6,1008.6,1,3,13.1,19.1,No,No,No,2014-07-18,True,1.0,0,0,2014,3,7,Jul,2014-07,Summer,14.7,10.4,0,0,None,Strong (45-60 km/h),West
2214,2014-07-18,8.6,15.9,0.0,4.0,7.9,WSW,63,W,WSW,28,39,47,35,1011.2,1011.1,2,4,9.6,14.1,No,No,No,2014-07-19,True,1.0,0,0,2014,3,7,Jul,2014-07,Summer,12.25,7.3,0,0,None,Gale (>60 km/h),West
2215,2014-07-19,8.5,14.9,0.0,4.6,3.2,SW,70,W,SSW,26,24,50,57,1021.2,1021.4,6,6,10.1,13.6,No,No,No,2014-07-20,True,1.0,0,0,2014,3,7,Jul,2014-07,Summer,11.7,6.4,0,0,None,Gale (>60 km/h),South
2216,2014-07-20,9.8,15.3,0.2,4.0,1.1,SSW,54,W,S,20,22,66,60,1025.7,1024.9,7,7,11.2,15.2,No,No,No,2014-07-21,True,1.0,0,0,2014,3,7,Jul,2014-07,Summer,12.55,5.5,0,0,Light,Strong (45-60 km/h),South
2217,2014-07-21,8.9,18.3,0.0,2.0,7.5,W,31,W,SSE,22,17,69,64,1026.9,1023.3,7,7,9.9,15.7,No,No,No,2014-07-22,True,1.0,0,0,2014,3,7,Jul,2014-07,Summer,13.6,9.4,0,0,None,Moderate (30-45 km/h),West
2218,2014-07-22,8.7,19.0,0.0,1.4,9.6,W,24,W,SE,22,11,81,59,1024.6,1022.3,2,2,10.8,16.5,No,No,No,2014-07-23,True,1.0,0,0,2014,3,7,Jul,2014-07,Summer,13.85,10.3,0,0,None,Light (<30 km/h),West
2219,2014-07-23,8.9,18.9,0.0,3.2,6.7,W,22,WNW,ESE,17,13,87,57,1025.5,1021.6,3,5,10.7,17.1,No,No,No,2014-07-24,True,1.0,0,0,2014,3,7,Jul,2014-07,Summer,13.9,10.0,0,0,None,Light (<30 km/h),West
2220,2014-07-24,8.5,19.8,0.0,0.6,2.4,N,20,WNW,N,11,9,83,48,1022.5,1019.2,5,7,10.9,19.7,No,No,No,2014-07-25,True,1.0,0,0,2014,3,7,Jul,2014-07,Summer,14.15,11.3,0,0,None,Light (<30 km/h),North
2221,2014-07-25,9.6,18.8,0.0,2.8,2.6,W,52,NW,N,9,15,82,59,1023.0,1019.9,7,7,11.5,18.3,No,Yes,Yes,2014-07-26,True,1.0,0,0,2014,3,7,Jul,2014-07,Summer,14.2,9.2,0,0,None,Strong (45-60 km/h),West
2222,2014-07-26,11.3,18.7,8.2,2.0,4.2,W,43,WNW,WNW,22,24,90,42,1024.9,1020.4,8,3,13.0,17.2,Yes,Yes,Yes,2014-07-27,True,1.0,0,0,2014,3,7,Jul,2014-07,Summer,15.0,7.4,0,1,Moderate,Moderate (30-45 km/h),West
2223,2014-07-27,9.4,21.0,4.2,1.8,10.2,W,31,W,ESE,20,15,65,38,1024.6,1021.5,1,1,11.9,18.7,Yes,No,No,2014-07-28,True,1.0,0,0,2014,3,7,Jul,2014-07,Summer,15.2,11.6,0,1,Moderate,Moderate (30-45 km/h),West
2224,2014-07-28,8.8,18.5,0.0,3.2,6.7,WSW,46,W,WNW,15,15,62,41,1021.3,1018.1,7,6,11.9,17.4,No,No,No,2014-07-29,True,1.0,0,0,2014,3,7,Jul,2014-07,Summer,13.65,9.7,0,0,None,Strong (45-60 km/h),West
2225,2014-07-29,11.8,23.3,0.0,4.0,5.1,NNW,44,WNW,NNE,22,20,49,27,1018.0,1013.2,7,1,14.9,22.9,No,No,No,2014-07-30,True,1.0,0,0,2014,3,7,Jul,2014-07,Summer,17.55,11.5,0,0,None,Moderate (30-45 km/h),North
2226,2014-07-30,13.0,24.0,0.0,6.2,10.2,NW,41,WNW,WNW,13,22,44,31,1018.0,1014.5,6,1,17.3,23.3,No,No,No,2014-07-31,True,1.0,0,0,2014,3,7,Jul,2014-07,Summer,18.5,11.0,0,0,None,Moderate (30-45 km/h),North
2227,2014-07-31,13.9,25.0,0.0,6.6,10.1,NNW,61,NNW,NW,24,35,40,21,1014.2,1007.3,1,0,17.7,24.5,No,No,No,2014-08-01,True,1.0,0,0,2014,3,7,Jul,2014-07,Summer,19.45,11.1,0,0,None,Gale (>60 km/h),North
2228,2014-08-01,15.9,18.2,0.0,8.4,10.0,W,72,WNW,W,22,28,41,23,1007.2,1008.7,1,1,16.8,16.7,No,No,No,2014-08-02,True,1.0,0,0,2014,3,8,Aug,2014-08,Summer,17.05,2.3,0,0,None,Gale (>60 km/h),West
2229,2014-08-02,7.2,16.1,0.0,6.4,10.0,W,46,W,S,28,28,45,36,1024.6,1026.8,1,1,9.6,15.0,No,No,No,2014-08-03,True,1.0,0,0,2014,3,8,Aug,2014-08,Summer,11.65,8.9,0,0,None,Strong (45-60 km/h),West
2230,2014-08-03,5.5,17.6,0.0,3.8,9.5,W,28,W,ESE,20,15,60,45,1034.1,1032.2,1,1,8.4,16.5,No,No,No,2014-08-04,True,1.0,0,0,2014,3,8,Aug,2014-08,Summer,11.55,12.1,0,0,None,Light (<30 km/h),West
2231,2014-08-04,6.4,17.2,0.0,2.6,10.1,E,26,WNW,E,17,20,69,58,1034.4,1030.4,3,4,9.9,16.0,No,No,No,2014-08-05,True,1.0,0,0,2014,3,8,Aug,2014-08,Summer,11.8,10.8,0,0,None,Light (<30 km/h),East
2232,2014-08-05,7.9,20.6,0.0,1.6,10.2,SSE,33,W,SSE,17,17,75,40,1032.0,1030.1,0,1,10.0,17.5,No,No,No,2014-08-06,True,1.0,0,0,2014,3,8,Aug,2014-08,Summer,14.25,12.7,0,0,None,Moderate (30-45 km/h),South
2233,2014-08-06,6.5,22.4,0.0,2.6,10.1,W,35,W,NE,20,11,64,43,1032.6,1026.2,1,1,9.7,20.1,No,No,No,2014-08-07,True,1.0,0,0,2014,3,8,Aug,2014-08,Summer,14.45,15.9,0,0,None,Moderate (30-45 km/h),West
2234,2014-08-07,9.6,20.4,0.0,4.6,6.8,W,41,W,SE,28,13,53,36,1029.6,1027.5,6,1,11.4,18.8,No,No,No,2014-08-08,True,1.0,0,0,2014,3,8,Aug,2014-08,Summer,15.0,10.8,0,0,None,Moderate (30-45 km/h),West
2235,2014-08-08,9.1,18.1,0.0,2.6,4.0,WNW,24,W,ESE,17,15,76,64,1032.1,1029.6,7,3,10.9,16.9,No,No,No,2014-08-09,True,1.0,0,0,2014,3,8,Aug,2014-08,Summer,13.6,9.0,0,0,None,Light (<30 km/h),West
2236,2014-08-09,8.9,19.2,0.0,1.8,6.8,NE,26,W,NE,13,15,94,62,1029.9,1024.7,8,3,10.2,18.6,No,No,No,2014-08-10,True,1.0,0,0,2014,3,8,Aug,2014-08,Summer,14.05,10.3,0,0,None,Light (<30 km/h),North
2237,2014-08-10,9.9,23.2,0.0,3.0,3.5,SW,31,W,WNW,9,9,46,27,1022.4,1017.6,6,1,12.7,22.7,No,No,No,2014-08-11,True,1.0,0,0,2014,3,8,Aug,2014-08,Summer,16.55,13.3,0,0,None,Moderate (30-45 km/h),South
2238,2014-08-11,8.1,14.4,0.0,3.4,4.5,SSE,48,W,S,15,24,62,45,1025.4,1025.1,7,5,10.3,13.7,No,Yes,Yes,2014-08-12,True,1.0,0,0,2014,3,8,Aug,2014-08,Summer,11.25,6.3,0,0,None,Strong (45-60 km/h),South
2239,2014-08-12,6.3,15.4,21.4,5.6,3.9,S,44,W,SW,17,11,84,78,1030.0,1028.2,7,7,8.9,12.3,Yes,Yes,Yes,2014-08-13,True,1.0,0,0,2014,3,8,Aug,2014-08,Summer,10.85,9.1,0,1,Heavy,Moderate (30-45 km/h),South
2240,2014-08-13,7.9,17.0,19.4,3.6,10.1,SSW,37,W,SSE,19,20,77,46,1033.3,1031.9,2,2,10.5,16.2,Yes,No,No,2014-08-14,True,1.0,0,0,2014,3,8,Aug,2014-08,Summer,12.45,9.1,0,1,Heavy,Moderate (30-45 km/h),South
2241,2014-08-14,6.4,19.3,0.2,2.8,10.3,SSE,30,W,SE,20,22,64,49,1035.0,1032.5,1,2,9.5,18.1,No,No,No,2014-08-15,True,1.0,0,0,2014,3,8,Aug,2014-08,Summer,12.85,12.9,0,0,Light,Moderate (30-45 km/h),South
2242,2014-08-15,7.9,19.0,0.0,3.4,9.3,WNW,28,W,ESE,17,17,81,53,1031.6,1026.5,1,1,10.5,17.8,No,No,No,2014-08-16,True,1.0,0,0,2014,3,8,Aug,2014-08,Summer,13.45,11.1,0,0,None,Light (<30 km/h),West
2243,2014-08-16,8.7,16.8,0.0,1.2,0.3,ESE,26,W,ESE,13,13,86,70,1023.8,1019.0,7,7,10.3,16.4,No,Yes,Yes,2014-08-17,True,1.0,0,0,2014,3,8,Aug,2014-08,Summer,12.75,8.1,0,0,None,Light (<30 km/h),East
2244,2014-08-17,10.3,17.5,28.6,4.8,2.2,ESE,46,E,WNW,28,22,90,74,1010.3,1004.2,8,7,14.4,17.0,Yes,Yes,Yes,2014-08-18,True,1.0,0,0,2014,3,8,Aug,2014-08,Summer,13.9,7.2,0,1,Heavy,Strong (45-60 km/h),East
2245,2014-08-18,11.0,15.7,21.8,4.8,0.0,SSE,63,SSE,SSW,31,28,94,90,1001.8,1005.0,8,8,13.8,13.3,Yes,Yes,Yes,2014-08-19,True,1.0,0,0,2014,3,8,Aug,2014-08,Summer,13.35,4.7,0,1,Heavy,Gale (>60 km/h),South
2246,2014-08-19,12.8,17.7,38.4,4.4,3.0,SSE,78,S,SW,28,26,69,80,1015.3,1016.6,7,7,15.5,14.5,Yes,Yes,Yes,2014-08-20,True,1.0,0,0,2014,3,8,Aug,2014-08,Summer,15.25,4.9,0,1,Heavy,Gale (>60 km/h),South
2247,2014-08-20,9.5,17.1,8.2,4.6,5.0,SW,44,W,S,22,22,68,54,1024.7,1024.5,7,6,12.5,15.7,Yes,Yes,Yes,2014-08-21,True,1.0,0,0,2014,3,8,Aug,2014-08,Summer,13.3,7.6,0,1,Moderate,Moderate (30-45 km/h),South
2248,2014-08-21,9.4,18.1,10.8,2.0,7.1,SE,43,WNW,S,19,22,86,65,1029.2,1027.0,7,3,11.7,17.1,Yes,Yes,Yes,2014-08-22,True,1.0,0,0,2014,3,8,Aug,2014-08,Summer,13.75,8.7,0,1,Heavy,Moderate (30-45 km/h),East
2249,2014-08-22,11.2,19.6,10.2,2.4,10.1,SSE,28,W,SSE,17,17,88,61,1031.8,1029.0,6,3,13.2,18.5,Yes,Yes,Yes,2014-08-23,True,1.0,0,0,2014,3,8,Aug,2014-08,Summer,15.4,8.4,0,1,Heavy,Light (<30 km/h),South
2250,2014-08-23,9.9,19.3,3.2,3.2,2.9,ESE,31,NW,E,4,20,92,85,1031.6,1029.3,5,7,11.8,14.8,Yes,Yes,Yes,2014-08-24,True,1.0,0,0,2014,3,8,Aug,2014-08,Summer,14.6,9.4,0,1,Moderate,Moderate (30-45 km/h),East
2251,2014-08-24,11.1,19.4,3.8,0.2,7.3,W,22,WNW,E,17,11,88,64,1029.7,1026.4,4,2,13.0,18.4,Yes,No,No,2014-08-25,True,1.0,0,0,2014,3,8,Aug,2014-08,Summer,15.25,8.3,0,1,Moderate,Light (<30 km/h),West
2252,2014-08-25,10.5,19.3,0.0,3.2,8.9,ESE,44,W,ESE,13,19,81,61,1025.7,1022.4,0,2,13.7,18.8,No,Yes,Yes,2014-08-26,True,1.0,0,0,2014,3,8,Aug,2014-08,Summer,14.9,8.8,0,0,None,Moderate (30-45 km/h),East
2253,2014-08-26,11.6,15.6,12.6,4.6,0.0,ESE,52,SSW,SSW,2,9,93,87,1024.3,1022.7,8,7,13.6,14.9,Yes,Yes,Yes,2014-08-27,True,1.0,0,0,2014,3,8,Aug,2014-08,Summer,13.6,4.0,0,1,Heavy,Strong (45-60 km/h),East
2254,2014-08-27,13.4,19.8,13.2,3.2,5.3,SSE,56,S,SE,19,28,80,54,1025.3,1023.9,7,5,15.3,18.7,Yes,Yes,Yes,2014-08-28,True,1.0,0,0,2014,3,8,Aug,2014-08,Summer,16.6,6.4,0,1,Heavy,Strong (45-60 km/h),South
2255,2014-08-28,12.3,19.7,15.2,6.6,8.8,SSE,48,SSE,SSE,20,26,81,51,1026.8,1025.9,2,4,15.3,17.8,Yes,Yes,Yes,2014-08-29,True,1.0,0,0,2014,3,8,Aug,2014-08,Summer,16.0,7.4,0,1,Heavy,Strong (45-60 km/h),South
2256,2014-08-29,9.4,18.0,2.0,3.8,5.4,SSW,50,W,SSW,17,24,85,65,1026.7,1024.0,7,4,12.1,15.8,Yes,Yes,Yes,2014-08-30,True,1.0,0,0,2014,3,8,Aug,2014-08,Summer,13.7,8.6,0,1,Light,Strong (45-60 km/h),South
2257,2014-08-30,12.0,16.1,3.2,3.8,2.7,SSW,52,SW,SW,20,22,89,84,1023.9,1021.7,8,7,12.5,14.9,Yes,Yes,Yes,2014-08-31,True,1.0,0,0,2014,3,8,Aug,2014-08,Summer,14.05,4.1,0,1,Moderate,Strong (45-60 km/h),South
2258,2014-08-31,11.7,20.8,3.0,1.0,9.5,W,37,W,ESE,20,15,67,55,1021.1,1017.2,1,1,14.8,20.5,Yes,No,No,2014-09-01,True,1.0,0,0,2014,3,8,Aug,2014-08,Summer,16.25,9.1,0,1,Moderate,Moderate (30-45 km/h),West
2259,2014-09-01,10.7,23.6,0.0,3.2,8.7,NE,31,WNW,ENE,13,13,77,51,1016.9,1010.9,4,7,14.6,20.7,No,No,No,2014-09-02,True,1.0,0,0,2014,3,9,Sep,2014-09,Autumn,17.15,12.9,0,0,None,Moderate (30-45 km/h),North
2260,2014-09-02,14.1,18.4,0.2,5.2,1.5,W,59,W,S,7,22,59,66,1009.1,1007.9,5,7,15.8,13.7,No,Yes,Yes,2014-09-03,True,1.0,0,0,2014,3,9,Sep,2014-09,Autumn,16.25,4.3,0,0,Light,Strong (45-60 km/h),West
2261,2014-09-03,8.9,16.7,5.0,4.2,7.7,SW,76,SW,SSW,28,30,52,45,1013.3,1012.3,6,5,13.1,16.2,Yes,No,No,2014-09-04,True,1.0,0,0,2014,3,9,Sep,2014-09,Autumn,12.8,7.8,0,1,Moderate,Gale (>60 km/h),South
2262,2014-09-04,9.8,17.6,0.2,3.0,8.3,S,61,SSW,SSW,24,31,53,52,1015.9,1015.1,3,6,13.4,14.7,No,Yes,Yes,2014-09-05,True,1.0,0,0,2014,3,9,Sep,2014-09,Autumn,13.7,7.8,0,0,Light,Gale (>60 km/h),South
2263,2014-09-05,8.8,18.2,4.4,3.6,8.7,SSW,52,W,S,17,26,72,57,1021.8,1021.7,3,2,13.2,16.7,Yes,Yes,Yes,2014-09-06,True,1.0,0,0,2014,3,9,Sep,2014-09,Autumn,13.5,9.4,0,1,Moderate,Strong (45-60 km/h),South
2264,2014-09-06,10.3,19.1,11.0,3.2,2.3,ESE,43,NW,SE,7,24,92,73,1029.7,1028.5,7,7,12.3,15.7,Yes,Yes,Yes,2014-09-07,True,1.0,0,0,2014,3,9,Sep,2014-09,Autumn,14.7,8.8,0,1,Heavy,Moderate (30-45 km/h),East
2265,2014-09-07,11.2,19.0,18.4,3.6,6.9,ESE,31,W,SE,15,17,90,65,1032.0,1028.2,7,2,12.5,17.7,Yes,No,No,2014-09-08,True,1.0,0,0,2014,3,9,Sep,2014-09,Autumn,15.1,7.8,0,1,Heavy,Moderate (30-45 km/h),East
2266,2014-09-08,10.9,19.5,1.0,2.4,10.5,NE,35,WNW,NE,17,24,93,60,1029.5,1024.2,1,2,12.2,18.2,No,No,No,2014-09-09,True,1.0,0,0,2014,3,9,Sep,2014-09,Autumn,15.2,8.6,0,1,Light,Moderate (30-45 km/h),North
2267,2014-09-09,12.2,23.1,0.0,5.0,10.3,NNE,41,NNW,NE,17,22,56,56,1019.4,1012.8,1,4,19.3,20.6,No,Yes,Yes,2014-09-10,True,1.0,0,0,2014,3,9,Sep,2014-09,Autumn,17.65,10.9,0,0,None,Moderate (30-45 km/h),North
2268,2014-09-10,14.0,24.4,5.0,6.8,8.3,W,59,W,WSW,9,28,84,28,1008.2,1008.9,7,3,14.8,23.2,Yes,No,No,2014-09-11,True,1.0,0,0,2014,3,9,Sep,2014-09,Autumn,19.2,10.4,0,1,Moderate,Strong (45-60 km/h),West
2269,2014-09-11,12.1,25.8,0.2,5.2,10.9,SSW,50,WNW,E,13,17,36,32,1016.7,1013.7,1,1,18.1,23.7,No,No,No,2014-09-12,True,1.0,0,0,2014,3,9,Sep,2014-09,Autumn,18.95,13.7,0,0,Light,Strong (45-60 km/h),South
2270,2014-09-12,13.9,18.4,0.2,6.8,1.8,S,41,SSW,SE,13,15,67,52,1025.7,1024.1,7,4,14.7,16.9,No,No,No,2014-09-13,True,1.0,0,0,2014,3,9,Sep,2014-09,Autumn,16.15,4.5,0,0,Light,Moderate (30-45 km/h),South
2271,2014-09-13,12.9,17.6,0.8,2.4,3.8,E,28,WNW,E,9,17,80,72,1026.9,1023.5,7,4,14.4,16.8,No,No,No,2014-09-14,True,1.0,0,0,2014,3,9,Sep,2014-09,Autumn,15.25,4.7,0,0,Light,Light (<30 km/h),East
2272,2014-09-14,12.9,22.6,0.4,2.8,9.5,SSE,35,WNW,E,11,17,69,66,1020.6,1016.0,0,1,17.3,20.5,No,No,No,2014-09-15,True,1.0,0,0,2014,3,9,Sep,2014-09,Autumn,17.75,9.7,0,0,Light,Moderate (30-45 km/h),South
2273,2014-09-15,13.1,20.1,0.0,3.8,10.1,ENE,30,WNW,ENE,11,22,68,55,1018.6,1015.1,1,5,17.7,19.2,No,No,No,2014-09-18,False,1.0,0,0,2014,3,9,Sep,2014-09,Autumn,16.6,7.0,0,0,None,Moderate (30-45 km/h),East
2274,2014-09-18,12.2,20.5,0.0,7.0,10.8,WSW,44,WSW,SE,28,24,33,31,1018.6,1017.1,1,3,15.6,18.4,No,No,No,2014-09-19,True,3.0,1,0,2014,3,9,Sep,2014-09,Autumn,16.35,8.3,0,0,None,Moderate (30-45 km/h),West
2275,2014-09-19,9.2,22.2,0.0,5.4,9.7,ESE,31,W,E,19,26,50,33,1022.3,1018.5,7,7,14.7,18.2,No,No,No,2014-09-20,True,1.0,0,0,2014,3,9,Sep,2014-09,Autumn,15.7,13.0,0,0,None,Moderate (30-45 km/h),East
2276,2014-09-20,9.1,20.3,0.0,4.2,11.0,S,41,WNW,SSE,13,22,50,41,1024.5,1023.7,1,1,15.4,19.4,No,No,No,2014-09-21,True,1.0,0,0,2014,3,9,Sep,2014-09,Autumn,14.7,11.2,0,0,None,Moderate (30-45 km/h),South
2277,2014-09-21,10.9,20.9,1.0,3.6,8.0,ESE,30,WNW,ESE,15,15,71,49,1030.5,1027.3,6,2,15.4,18.3,No,No,No,2014-09-22,True,1.0,0,0,2014,3,9,Sep,2014-09,Autumn,15.9,10.0,0,1,Light,Moderate (30-45 km/h),East
2278,2014-09-22,12.3,20.2,0.2,4.8,10.6,E,26,WNW,E,6,17,55,51,1032.1,1028.9,4,1,16.9,18.9,No,No,No,2014-09-23,True,1.0,0,0,2014,3,9,Sep,2014-09,Autumn,16.25,7.9,0,0,Light,Light (<30 km/h),East
2279,2014-09-23,10.9,21.2,0.0,4.0,10.9,NE,37,W,NE,11,20,58,53,1030.2,1026.2,0,0,17.2,19.6,No,No,No,2014-09-24,True,1.0,0,0,2014,3,9,Sep,2014-09,Autumn,16.05,10.3,0,0,None,Moderate (30-45 km/h),North
2280,2014-09-24,11.7,22.2,0.0,5.4,10.7,NNE,37,WNW,NE,6,17,66,66,1022.7,1016.6,0,3,18.5,20.8,No,No,No,2014-09-25,True,1.0,0,0,2014,3,9,Sep,2014-09,Autumn,16.95,10.5,0,0,None,Moderate (30-45 km/h),North
2281,2014-09-25,17.4,24.6,0.0,6.2,1.2,WSW,61,W,SSE,6,17,60,65,1011.9,1009.8,7,7,20.0,20.2,No,Yes,Yes,2014-09-26,True,1.0,0,0,2014,3,9,Sep,2014-09,Autumn,21.0,7.2,0,0,None,Gale (>60 km/h),West
2282,2014-09-26,14.3,21.7,2.0,3.0,8.3,SSE,41,SSW,SE,22,19,59,51,1017.9,1015.9,5,5,18.8,20.1,Yes,No,No,2014-09-27,True,1.0,0,0,2014,3,9,Sep,2014-09,Autumn,18.0,7.4,0,1,Light,Moderate (30-45 km/h),South
2283,2014-09-27,13.0,22.8,0.2,5.0,11.1,ESE,35,SSW,SE,15,20,53,45,1021.1,1019.3,5,1,18.8,20.2,No,No,No,2014-09-28,True,1.0,0,0,2014,3,9,Sep,2014-09,Autumn,17.9,9.8,0,0,Light,Moderate (30-45 km/h),East
2284,2014-09-28,11.6,25.4,0.2,5.4,11.2,NNE,50,NNW,NE,19,24,54,50,1021.9,1016.2,0,0,20.4,21.2,No,No,No,2014-09-29,True,1.0,0,0,2014,3,9,Sep,2014-09,Autumn,18.5,13.8,0,0,Light,Strong (45-60 km/h),North
2285,2014-09-29,16.5,32.9,0.0,8.0,10.6,NNW,37,N,WNW,17,15,29,17,1014.6,1011.2,2,0,25.2,32.3,No,No,No,2014-09-30,True,1.0,0,0,2014,3,9,Sep,2014-09,Autumn,24.7,16.4,0,0,None,Moderate (30-45 km/h),North
2286,2014-09-30,16.6,33.5,0.0,8.0,6.8,NW,52,SE,NW,2,26,42,16,1013.7,1007.2,4,5,23.7,32.7,No,No,No,2014-10-01,True,1.0,0,0,2014,3,9,Sep,2014-09,Autumn,25.05,16.9,0,0,None,Strong (45-60 km/h),North
2287,2014-10-01,15.6,22.1,0.0,12.0,11.3,WSW,61,W,SE,28,24,19,28,1017.7,1018.5,1,1,18.2,19.6,No,No,No,2014-10-02,True,1.0,0,0,2014,4,10,Oct,2014-10,Autumn,18.85,6.5,0,0,None,Gale (>60 km/h),West
2288,2014-10-02,10.4,24.9,0.0,7.2,11.1,WNW,30,W,NE,11,13,45,45,1022.1,1017.2,1,0,17.6,21.3,No,No,No,2014-10-03,True,1.0,0,0,2014,4,10,Oct,2014-10,Autumn,17.65,14.5,0,0,None,Moderate (30-45 km/h),West
2289,2014-10-03,12.8,21.1,0.0,5.8,6.3,ESE,31,W,E,6,17,63,58,1021.1,1019.6,4,7,19.0,19.1,No,No,No,2014-10-04,True,1.0,0,0,2014,4,10,Oct,2014-10,Autumn,16.95,8.3,0,0,None,Moderate (30-45 km/h),East
2290,2014-10-04,16.4,21.9,0.0,3.0,8.5,ENE,39,NE,NE,19,24,73,68,1020.2,1015.5,7,1,19.2,21.5,No,No,No,2014-10-05,True,1.0,0,0,2014,4,10,Oct,2014-10,Autumn,19.15,5.5,0,0,None,Moderate (30-45 km/h),East
2291,2014-10-05,14.0,33.8,0.0,4.4,10.6,SSW,63,W,E,11,17,65,23,1016.0,1012.9,1,1,18.4,30.8,No,No,No,2014-10-06,True,1.0,0,0,2014,4,10,Oct,2014-10,Autumn,23.9,19.8,0,0,None,Gale (>60 km/h),South
2292,2014-10-06,17.3,26.0,0.0,8.8,8.3,NE,46,WNW,ENE,9,19,67,64,1019.2,1012.4,7,2,19.7,21.8,No,No,No,2014-10-07,True,1.0,0,0,2014,4,10,Oct,2014-10,Autumn,21.65,8.7,0,0,None,Strong (45-60 km/h),North
2293,2014-10-07,19.7,27.9,0.0,8.0,7.7,NW,61,WSW,ESE,28,20,44,30,1007.8,1008.3,7,1,24.1,25.2,No,Yes,Yes,2014-10-08,True,1.0,0,0,2014,4,10,Oct,2014-10,Autumn,23.8,8.2,0,0,None,Gale (>60 km/h),North
2294,2014-10-08,15.1,21.1,5.4,4.6,3.7,SSW,35,SSE,ESE,20,19,80,54,1018.7,1018.0,7,2,16.7,18.8,Yes,No,No,2014-10-09,True,1.0,0,0,2014,4,10,Oct,2014-10,Autumn,18.1,6.0,0,1,Moderate,Moderate (30-45 km/h),South
2295,2014-10-09,14.4,21.2,0.0,4.8,8.5,ENE,37,WNW,ENE,7,22,61,49,1023.2,1020.2,1,1,18.6,21.0,No,No,No,2014-10-10,True,1.0,0,0,2014,4,10,Oct,2014-10,Autumn,17.8,6.8,0,0,None,Moderate (30-45 km/h),East
2296,2014-10-10,14.0,22.8,0.2,4.8,7.9,NE,35,NNW,ENE,13,22,53,58,1019.5,1015.5,6,6,20.2,21.9,No,No,No,2014-10-11,True,1.0,0,0,2014,4,10,Oct,2014-10,Autumn,18.4,8.8,0,0,Light,Moderate (30-45 km/h),North
2297,2014-10-11,14.4,26.8,0.0,5.4,11.1,NNE,41,WNW,E,13,19,61,61,1016.8,1014.2,1,1,19.9,23.6,No,No,No,2014-10-12,True,1.0,0,0,2014,4,10,Oct,2014-10,Autumn,20.6,12.4,0,0,None,Moderate (30-45 km/h),North
2298,2014-10-12,17.0,24.7,0.0,7.8,11.2,NNE,52,W,NE,9,26,66,61,1017.5,1013.4,0,1,20.3,23.3,No,No,No,2014-10-13,True,1.0,0,0,2014,4,10,Oct,2014-10,Autumn,20.85,7.7,0,0,None,Strong (45-60 km/h),North
2299,2014-10-13,17.9,26.2,0.0,8.8,5.0,WNW,57,ESE,ENE,11,13,60,69,1007.6,1005.7,7,8,22.5,21.5,No,Yes,Yes,2014-10-14,True,1.0,0,0,2014,4,10,Oct,2014-10,Autumn,22.05,8.3,0,0,None,Strong (45-60 km/h),West
2300,2014-10-14,13.2,17.6,9.4,5.8,3.0,S,76,W,WSW,26,20,49,42,1008.5,1008.5,6,7,14.9,17.1,Yes,Yes,Yes,2014-10-15,True,1.0,0,0,2014,4,10,Oct,2014-10,Autumn,15.4,4.4,0,1,Moderate,Gale (>60 km/h),South
2301,2014-10-15,10.6,16.0,70.8,4.8,0.1,SW,78,SW,SSW,28,26,79,52,1011.7,1013.4,8,7,11.6,15.1,Yes,No,No,2014-10-16,True,1.0,0,1,2014,4,10,Oct,2014-10,Autumn,13.3,5.4,0,1,Extreme,Gale (>60 km/h),South
2302,2014-10-16,9.0,23.4,0.2,4.0,11.7,ENE,30,W,E,11,24,61,43,1018.4,1015.8,2,6,14.3,20.1,No,No,No,2014-10-17,True,1.0,0,0,2014,4,10,Oct,2014-10,Autumn,16.2,14.4,0,0,Light,Moderate (30-45 km/h),East
2303,2014-10-17,12.2,20.8,0.0,4.0,8.8,SSE,50,SSE,S,20,31,75,45,1024.6,1024.9,7,3,15.2,19.9,No,No,No,2014-10-18,True,1.0,0,0,2014,4,10,Oct,2014-10,Autumn,16.5,8.6,0,0,None,Strong (45-60 km/h),South
2304,2014-10-18,12.9,20.4,0.0,7.6,6.2,ENE,26,W,E,15,17,66,46,1029.8,1027.4,7,1,15.3,19.6,No,No,No,2014-10-19,True,1.0,0,0,2014,4,10,Oct,2014-10,Autumn,16.65,7.5,0,0,None,Light (<30 km/h),East
2305,2014-10-19,12.4,23.9,0.0,2.6,12.0,NNE,41,W,NE,9,19,57,49,1027.5,1022.6,1,1,18.6,23.1,No,No,No,2014-10-20,True,1.0,0,0,2014,4,10,Oct,2014-10,Autumn,18.15,11.5,0,0,None,Moderate (30-45 km/h),North
2306,2014-10-20,15.8,20.8,0.0,10.6,4.0,SSE,69,S,S,33,22,59,74,1028.7,1029.8,7,8,19.8,17.0,No,No,No,2014-10-21,True,1.0,0,0,2014,4,10,Oct,2014-10,Autumn,18.3,5.0,0,0,None,Gale (>60 km/h),South
2307,2014-10-21,15.0,18.7,0.4,2.6,0.0,ENE,31,ESE,E,19,19,50,49,1032.5,1030.7,8,7,17.4,18.5,No,No,No,2014-10-22,True,1.0,0,0,2014,4,10,Oct,2014-10,Autumn,16.85,3.7,0,0,Light,Moderate (30-45 km/h),East
2308,2014-10-22,15.0,21.3,0.0,5.0,9.2,NNE,46,NNW,NE,4,28,54,54,1027.1,1022.0,7,1,17.8,20.4,No,No,No,2014-10-23,True,1.0,0,0,2014,4,10,Oct,2014-10,Autumn,18.15,6.3,0,0,None,Strong (45-60 km/h),North
2309,2014-10-23,14.5,28.0,0.0,6.0,10.7,E,28,W,E,6,20,64,56,1018.0,1015.9,3,2,19.7,25.1,No,No,No,2014-10-24,True,1.0,0,0,2014,4,10,Oct,2014-10,Autumn,21.25,13.5,0,0,None,Light (<30 km/h),East
2310,2014-10-24,18.6,26.4,0.0,5.8,7.1,NNE,48,NNW,ENE,13,30,78,70,1020.1,1014.9,6,5,22.0,23.1,No,No,No,2014-10-25,True,1.0,0,0,2014,4,10,Oct,2014-10,Autumn,22.5,7.8,0,0,None,Strong (45-60 km/h),North
2311,2014-10-25,18.5,29.9,0.2,6.0,8.4,SSE,39,WNW,SSE,19,19,81,59,1015.3,1013.6,1,6,21.0,25.9,No,No,No,2014-10-26,True,1.0,0,0,2014,4,10,Oct,2014-10,Autumn,24.2,11.4,0,0,Light,Moderate (30-45 km/h),South
2312,2014-10-26,18.5,32.5,0.0,5.0,11.2,S,44,W,SSE,11,24,64,55,1010.2,1007.9,0,5,23.5,25.8,No,No,No,2014-10-27,True,1.0,0,0,2014,4,10,Oct,2014-10,Autumn,25.5,14.0,0,0,None,Moderate (30-45 km/h),South
2313,2014-10-27,19.4,31.6,0.0,6.6,8.9,WNW,70,NNE,W,13,41,60,26,1007.8,1002.7,5,7,23.2,29.6,No,No,No,2014-10-28,True,1.0,0,0,2014,4,10,Oct,2014-10,Autumn,25.5,12.2,0,0,None,Gale (>60 km/h),West
2314,2014-10-28,15.9,28.9,0.0,7.8,10.4,W,43,W,W,17,22,36,18,1012.2,1008.3,2,1,21.7,28.0,No,No,No,2014-10-29,True,1.0,0,0,2014,4,10,Oct,2014-10,Autumn,22.4,13.0,0,0,None,Moderate (30-45 km/h),West
2315,2014-10-29,16.6,24.6,0.0,7.2,11.4,ENE,37,SSW,E,7,26,35,63,1017.2,1015.8,1,2,22.6,21.8,No,No,No,2014-10-30,True,1.0,0,0,2014,4,10,Oct,2014-10,Autumn,20.6,8.0,0,0,None,Moderate (30-45 km/h),East
2316,2014-10-30,15.5,30.8,0.0,5.8,12.6,E,28,W,ENE,13,17,61,32,1015.6,1011.6,2,3,21.1,28.4,No,No,Yes,2014-11-02,False,1.0,0,0,2014,4,10,Oct,2014-10,Autumn,23.15,15.3,0,0,None,Light (<30 km/h),East
2317,2014-11-02,13.7,23.5,2.4,15.0,12.9,W,56,W,ESE,28,22,26,23,1017.9,1017.9,1,1,16.8,21.8,Yes,No,No,2014-11-03,True,3.0,1,0,2014,4,11,Nov,2014-11,Autumn,18.6,9.8,0,1,Light,Strong (45-60 km/h),West
2318,2014-11-03,13.8,21.5,0.2,7.8,6.8,ESE,37,WNW,ESE,11,26,52,57,1025.4,1023.7,3,4,17.0,19.5,No,No,No,2014-11-04,True,1.0,0,0,2014,4,11,Nov,2014-11,Autumn,17.65,7.7,0,0,Light,Moderate (30-45 km/h),East
2319,2014-11-04,16.1,21.8,0.0,6.6,8.8,ENE,46,NNE,ENE,13,31,60,64,1024.0,1019.4,7,2,20.4,21.0,No,No,No,2014-11-05,True,1.0,0,0,2014,4,11,Nov,2014-11,Autumn,18.95,5.7,0,0,None,Strong (45-60 km/h),East
2320,2014-11-05,17.7,23.5,0.0,6.0,3.8,NNE,67,ESE,NE,15,30,67,75,1017.1,1012.6,7,7,20.7,21.0,No,Yes,Yes,2014-11-06,True,1.0,0,0,2014,4,11,Nov,2014-11,Autumn,20.6,5.8,0,0,None,Gale (>60 km/h),North
2321,2014-11-06,15.5,23.2,2.0,5.6,9.5,SSW,50,SSW,SE,24,28,64,57,1014.8,1013.9,6,6,20.1,20.9,Yes,No,No,2014-11-07,True,1.0,0,0,2014,4,11,Nov,2014-11,Autumn,19.35,7.7,0,1,Light,Strong (45-60 km/h),South
2322,2014-11-07,16.5,22.1,0.0,6.2,11.9,E,30,E,E,9,22,54,56,1019.4,1019.5,4,5,20.6,21.8,No,No,No,2014-11-08,True,1.0,0,0,2014,4,11,Nov,2014-11,Autumn,19.3,5.6,0,0,None,Moderate (30-45 km/h),East
2323,2014-11-08,14.4,23.1,0.0,6.4,12.3,ENE,41,E,NE,9,22,61,60,1022.4,1018.9,2,0,21.4,21.9,No,No,No,2014-11-09,True,1.0,0,0,2014,4,11,Nov,2014-11,Autumn,18.75,8.7,0,0,None,Moderate (30-45 km/h),East
2324,2014-11-09,16.5,26.2,0.0,6.8,10.9,S,54,S,SSE,22,24,60,53,1018.8,1017.6,1,6,23.1,25.2,No,No,No,2014-11-10,True,1.0,0,0,2014,4,11,Nov,2014-11,Autumn,21.35,9.7,0,0,None,Strong (45-60 km/h),South
2325,2014-11-10,18.7,23.6,0.0,8.0,3.2,ESE,37,S,SE,13,20,73,61,1018.2,1016.8,8,6,20.7,22.2,No,No,No,2014-11-11,True,1.0,0,0,2014,4,11,Nov,2014-11,Autumn,21.15,4.9,0,0,None,Moderate (30-45 km/h),East
2326,2014-11-11,16.6,23.2,0.0,4.2,5.1,ESE,35,ESE,SE,7,20,51,66,1020.1,1019.6,6,8,21.3,19.0,No,No,No,2014-11-12,True,1.0,0,0,2014,4,11,Nov,2014-11,Autumn,19.9,6.6,0,0,None,Moderate (30-45 km/h),East
2327,2014-11-12,16.4,22.2,0.0,4.6,6.1,ENE,33,WNW,E,6,20,66,51,1019.7,1016.0,6,1,18.8,21.6,No,No,No,2014-11-13,True,1.0,0,0,2014,4,11,Nov,2014-11,Autumn,19.3,5.8,0,0,None,Moderate (30-45 km/h),East
2328,2014-11-13,18.5,23.5,0.0,6.8,6.6,NE,39,ENE,ENE,15,22,64,68,1019.2,1015.7,7,7,20.0,22.1,No,No,No,2014-11-14,True,1.0,0,0,2014,4,11,Nov,2014-11,Autumn,21.0,5.0,0,0,None,Moderate (30-45 km/h),North
2329,2014-11-14,17.7,32.2,0.0,4.8,11.2,SSW,72,SSW,ESE,2,13,69,39,1011.8,1006.7,3,7,23.3,31.7,No,No,No,2014-11-15,True,1.0,0,0,2014,4,11,Nov,2014-11,Autumn,24.95,14.5,0,0,None,Gale (>60 km/h),South
2330,2014-11-15,18.9,24.1,0.0,12.8,2.3,SE,39,S,SSE,7,24,60,50,1009.9,1010.0,8,8,20.1,22.6,No,Yes,Yes,2014-11-16,True,1.0,0,0,2014,4,11,Nov,2014-11,Autumn,21.5,5.2,0,0,None,Moderate (30-45 km/h),East
2331,2014-11-16,18.1,28.5,5.6,5.0,7.3,W,74,NW,W,22,44,87,27,1005.6,1001.5,8,2,18.2,28.1,Yes,No,No,2014-11-17,True,1.0,0,0,2014,4,11,Nov,2014-11,Autumn,23.3,10.4,0,1,Moderate,Gale (>60 km/h),West
2332,2014-11-17,15.2,25.5,0.4,7.0,12.6,E,35,W,E,15,24,38,48,1013.8,1011.8,2,3,21.3,22.9,No,No,No,2014-11-18,True,1.0,0,0,2014,4,11,Nov,2014-11,Autumn,20.35,10.3,0,0,Light,Moderate (30-45 km/h),East
2333,2014-11-18,18.6,26.7,0.0,8.0,11.7,SSE,43,W,SSE,20,24,60,45,1016.7,1016.4,3,1,22.3,25.2,No,No,No,2014-11-19,True,1.0,0,0,2014,4,11,Nov,2014-11,Autumn,22.65,8.1,0,0,None,Moderate (30-45 km/h),South
2334,2014-11-19,18.1,24.9,0.0,8.0,10.1,ENE,41,ENE,E,11,28,65,59,1021.8,1018.6,7,5,21.9,22.7,No,No,No,2014-11-20,True,1.0,0,0,2014,4,11,Nov,2014-11,Autumn,21.5,6.8,0,0,None,Moderate (30-45 km/h),East
2335,2014-11-20,18.8,31.1,0.0,6.8,10.6,ENE,41,NE,ENE,6,24,56,57,1014.3,1008.7,7,6,24.8,26.0,No,No,No,2014-11-21,True,1.0,0,0,2014,4,11,Nov,2014-11,Autumn,24.95,12.3,0,0,None,Moderate (30-45 km/h),East
2336,2014-11-21,22.1,33.9,0.0,8.4,11.0,SSE,63,SSE,E,7,22,36,46,1007.4,1004.6,2,2,31.0,30.3,No,No,No,2014-11-22,True,1.0,0,0,2014,4,11,Nov,2014-11,Autumn,28.0,11.8,0,0,None,Gale (>60 km/h),South
2337,2014-11-22,19.1,26.3,0.0,10.0,9.3,SSE,37,SE,E,9,19,50,60,1015.9,1011.5,4,7,23.6,23.4,No,No,No,2014-11-23,True,1.0,0,0,2014,4,11,Nov,2014-11,Autumn,22.7,7.2,0,0,None,Moderate (30-45 km/h),South
2338,2014-11-23,19.6,30.1,0.0,6.0,10.6,SE,44,E,E,4,22,62,54,1011.5,1007.4,3,3,24.9,28.9,No,No,No,2014-11-24,True,1.0,0,0,2014,4,11,Nov,2014-11,Autumn,24.85,10.5,0,0,None,Moderate (30-45 km/h),East
2339,2014-11-24,21.1,30.2,0.0,7.2,6.4,E,33,SSW,E,6,28,71,76,1015.0,1007.4,6,6,23.5,23.6,No,Yes,Yes,2014-11-25,True,1.0,0,0,2014,4,11,Nov,2014-11,Autumn,25.65,9.1,0,0,None,Moderate (30-45 km/h),East
2340,2014-11-25,21.8,24.7,5.0,6.6,5.6,SW,52,SSW,ESE,13,24,65,56,1013.0,1016.4,7,5,24.0,21.6,Yes,No,No,2014-11-26,True,1.0,0,0,2014,4,11,Nov,2014-11,Autumn,23.25,2.9,0,1,Moderate,Strong (45-60 km/h),South
2341,2014-11-26,19.3,23.3,0.0,7.4,7.3,ENE,41,ENE,ENE,17,26,58,66,1019.7,1016.6,6,7,21.5,21.9,No,No,No,2014-11-30,False,1.0,0,0,2014,4,11,Nov,2014-11,Autumn,21.3,4.0,0,0,None,Moderate (30-45 km/h),East
2342,2014-11-30,19.1,26.8,0.0,8.0,8.4,NNE,44,ENE,NE,11,26,64,63,1014.2,1011.2,2,4,23.8,24.6,No,Yes,Yes,2014-12-01,True,4.0,1,0,2014,4,11,Nov,2014-11,Autumn,22.95,7.7,0,0,None,Moderate (30-45 km/h),North
2343,2014-12-01,19.6,26.8,3.2,9.8,8.0,NNE,46,E,NE,6,20,59,69,1011.0,1007.9,6,7,25.1,23.6,Yes,Yes,Yes,2014-12-02,True,1.0,0,0,2014,4,12,Dec,2014-12,Winter,23.2,7.2,0,1,Moderate,Strong (45-60 km/h),North
2344,2014-12-02,19.0,28.9,8.2,8.6,10.7,SE,61,WNW,NNE,15,20,71,56,1011.9,1008.8,6,2,23.7,27.8,Yes,No,No,2014-12-03,True,1.0,0,0,2014,4,12,Dec,2014-12,Winter,23.95,9.9,0,1,Moderate,Gale (>60 km/h),East
2345,2014-12-03,21.6,29.3,1.0,8.4,7.6,S,59,E,ENE,4,17,68,55,1013.2,1009.4,4,7,26.2,28.4,No,Yes,Yes,2014-12-04,True,1.0,0,0,2014,4,12,Dec,2014-12,Winter,25.45,7.7,0,1,Light,Strong (45-60 km/h),South
2346,2014-12-04,20.0,26.9,23.8,8.0,0.0,W,61,ENE,ENE,9,22,80,74,1012.5,1009.4,7,7,22.7,25.3,Yes,Yes,Yes,2014-12-05,True,1.0,0,0,2014,4,12,Dec,2014-12,Winter,23.45,6.9,0,1,Heavy,Gale (>60 km/h),West
2347,2014-12-05,19.6,27.2,6.2,11.0,6.9,WNW,52,N,NE,9,17,64,59,1008.3,1005.6,7,5,24.3,26.3,Yes,Yes,Yes,2014-12-06,True,1.0,0,0,2014,4,12,Dec,2014-12,Winter,23.4,7.6,0,1,Moderate,Strong (45-60 km/h),West
2348,2014-12-06,20.5,26.7,1.8,5.6,6.6,ENE,30,NE,E,17,17,70,61,1007.7,1004.1,6,7,23.4,25.5,Yes,Yes,Yes,2014-12-07,True,1.0,0,0,2014,4,12,Dec,2014-12,Winter,23.6,6.2,0,1,Light,Moderate (30-45 km/h),East
2349,2014-12-07,18.7,27.2,5.4,7.8,8.9,WNW,50,ENE,E,11,22,68,81,1006.0,1003.9,2,4,24.5,23.6,Yes,Yes,Yes,2014-12-08,True,1.0,0,0,2014,4,12,Dec,2014-12,Winter,22.95,8.5,0,1,Moderate,Strong (45-60 km/h),West
2350,2014-12-08,18.9,32.0,15.8,8.6,7.5,W,70,ESE,WSW,2,17,81,42,1006.8,1006.3,6,7,22.0,29.2,Yes,No,No,2014-12-09,True,1.0,0,0,2014,4,12,Dec,2014-12,Winter,25.45,13.1,0,1,Heavy,Gale (>60 km/h),West
2351,2014-12-09,21.1,23.8,0.4,7.4,2.1,S,31,ESE,ESE,19,22,71,70,1015.0,1014.3,7,6,22.5,23.0,No,No,No,2014-12-10,True,1.0,0,0,2014,4,12,Dec,2014-12,Winter,22.45,2.7,0,0,Light,Moderate (30-45 km/h),South
2352,2014-12-10,20.4,25.3,0.0,5.0,2.6,E,33,E,E,17,22,73,69,1014.8,1011.4,6,7,22.5,24.7,No,Yes,Yes,2014-12-11,True,1.0,0,0,2014,4,12,Dec,2014-12,Winter,22.85,4.9,0,0,None,Moderate (30-45 km/h),East
2353,2014-12-11,20.7,22.0,9.8,3.4,0.7,SSW,65,W,SSW,19,26,92,85,1005.5,1008.8,7,7,21.7,18.6,Yes,Yes,No,2014-12-13,False,1.0,0,0,2014,4,12,Dec,2014-12,Winter,21.35,1.3,0,1,Moderate,Gale (>60 km/h),South
2354,2014-12-13,16.7,24.1,0.0,8.4,9.7,ESE,44,SE,ESE,19,28,53,54,1018.6,1016.9,5,4,20.6,21.2,No,No,No,2014-12-14,True,2.0,1,0,2014,4,12,Dec,2014-12,Winter,20.4,7.4,0,0,None,Moderate (30-45 km/h),East
2355,2014-12-14,15.3,24.4,0.0,8.0,10.8,NNE,39,WNW,ENE,7,24,69,48,1014.4,1010.7,5,1,20.0,23.2,No,No,No,2014-12-15,True,1.0,0,0,2014,4,12,Dec,2014-12,Winter,19.85,9.1,0,0,None,Moderate (30-45 km/h),North
2356,2014-12-15,17.8,25.9,0.0,8.0,13.0,NE,41,ENE,ENE,6,24,54,48,1012.2,1010.8,1,1,24.3,24.6,No,No,No,2014-12-16,True,1.0,0,0,2014,4,12,Dec,2014-12,Winter,21.85,8.1,0,0,None,Moderate (30-45 km/h),North
2357,2014-12-16,20.0,25.0,0.0,11.4,8.7,NE,65,NNE,NE,13,39,60,67,1007.9,999.6,7,3,22.1,24.3,No,No,No,2014-12-17,True,1.0,0,0,2014,4,12,Dec,2014-12,Winter,22.5,5.0,0,0,None,Gale (>60 km/h),North
2358,2014-12-17,19.2,23.8,0.0,7.6,5.8,W,41,SSE,SE,33,22,61,51,1006.3,1007.8,2,7,21.2,22.3,No,No,No,2014-12-18,True,1.0,0,0,2014,4,12,Dec,2014-12,Winter,21.5,4.6,0,0,None,Moderate (30-45 km/h),West
2359,2014-12-18,18.3,25.3,0.0,6.8,5.6,E,31,WNW,E,11,20,80,70,1010.3,1005.5,8,6,19.1,24.4,No,No,No,2014-12-19,True,1.0,0,0,2014,4,12,Dec,2014-12,Winter,21.8,7.0,0,0,None,Moderate (30-45 km/h),East
2360,2014-12-19,18.2,24.1,0.0,6.6,10.8,SSW,56,SSE,SE,31,22,53,44,1012.4,1013.0,1,1,21.2,23.2,No,No,No,2014-12-20,True,1.0,0,0,2014,4,12,Dec,2014-12,Winter,21.15,5.9,0,0,None,Strong (45-60 km/h),South
2361,2014-12-20,18.0,23.1,0.0,8.4,9.5,ENE,31,ESE,E,9,20,51,50,1018.5,1016.6,5,1,20.7,22.2,No,No,No,2014-12-21,True,1.0,0,0,2014,4,12,Dec,2014-12,Winter,20.55,5.1,0,0,None,Moderate (30-45 km/h),East
2362,2014-12-21,16.8,25.7,0.0,7.0,12.6,ENE,46,W,E,6,31,65,61,1018.6,1016.0,1,1,22.5,24.1,No,No,No,2014-12-22,True,1.0,0,0,2014,4,12,Dec,2014-12,Winter,21.25,8.9,0,0,None,Strong (45-60 km/h),East
2363,2014-12-22,20.5,26.4,0.0,9.2,8.8,NE,57,ENE,NE,15,33,63,69,1016.9,1014.8,3,5,24.8,25.1,No,No,No,2014-12-23,True,1.0,0,0,2014,4,12,Dec,2014-12,Winter,23.45,5.9,0,0,None,Strong (45-60 km/h),North
2364,2014-12-23,20.7,26.1,0.0,8.2,4.6,NE,41,NW,NNE,11,13,84,81,1015.4,1012.8,7,8,21.1,23.8,No,Yes,Yes,2014-12-24,True,1.0,0,0,2014,4,12,Dec,2014-12,Winter,23.4,5.4,0,0,None,Moderate (30-45 km/h),North
2365,2014-12-24,21.0,24.3,1.6,5.0,3.3,SSW,54,S,S,17,28,82,71,1013.7,1013.9,7,7,22.4,22.7,Yes,No,No,2014-12-25,True,1.0,0,0,2014,4,12,Dec,2014-12,Winter,22.65,3.3,0,1,Light,Strong (45-60 km/h),South
2366,2014-12-25,19.8,26.8,0.0,5.8,5.3,WSW,59,N,NE,9,22,77,71,1011.5,1005.7,7,7,23.2,25.6,No,Yes,Yes,2014-12-26,True,1.0,0,0,2014,4,12,Dec,2014-12,Winter,23.3,7.0,0,0,None,Strong (45-60 km/h),West
2367,2014-12-26,19.9,30.4,28.6,4.0,8.9,SSE,57,WSW,SE,19,37,67,66,1007.8,1011.3,3,6,24.1,22.7,Yes,No,No,2014-12-27,True,1.0,0,0,2014,4,12,Dec,2014-12,Winter,25.15,10.5,0,1,Heavy,Strong (45-60 km/h),South
2368,2014-12-27,18.8,21.7,0.0,10.6,0.0,ENE,31,ESE,ESE,11,15,50,53,1021.0,1020.6,7,7,20.6,20.7,No,No,No,2014-12-28,True,1.0,0,0,2014,4,12,Dec,2014-12,Winter,20.25,2.9,0,0,None,Moderate (30-45 km/h),East
2369,2014-12-28,18.9,24.2,0.0,4.0,2.0,ENE,30,S,E,2,13,75,61,1019.2,1015.9,7,7,20.2,23.5,No,No,No,2014-12-29,True,1.0,0,0,2014,4,12,Dec,2014-12,Winter,21.55,5.3,0,0,None,Moderate (30-45 km/h),East
2370,2014-12-29,17.7,27.3,0.0,5.4,12.6,NNE,46,NNW,NE,13,24,62,66,1009.7,1004.1,1,1,23.6,25.4,No,No,No,2014-12-30,True,1.0,0,0,2014,4,12,Dec,2014-12,Winter,22.5,9.6,0,0,None,Strong (45-60 km/h),North
2371,2014-12-30,19.4,28.1,0.0,8.0,12.7,SSW,54,S,E,13,17,59,50,1007.4,1004.0,0,0,23.4,26.9,No,No,No,2014-12-31,True,1.0,0,0,2014,4,12,Dec,2014-12,Winter,23.75,8.7,0,0,None,Strong (45-60 km/h),South
2372,2014-12-31,19.3,25.2,0.0,9.6,8.0,SSW,46,E,E,17,24,64,57,1015.6,1014.4,5,2,22.2,23.9,No,No,No,2015-01-01,True,1.0,0,0,2014,4,12,Dec,2014-12,Winter,22.25,5.9,0,0,None,Strong (45-60 km/h),South
2373,2015-01-01,21.4,28.4,0.0,6.8,11.0,ENE,43,NE,NE,15,24,68,69,1014.5,1011.4,1,3,25.2,27.5,No,No,No,2015-01-02,True,1.0,0,0,2015,1,1,Jan,2015-01,Winter,24.9,7.0,0,0,None,Moderate (30-45 km/h),East
2374,2015-01-02,21.2,28.5,0.0,9.2,3.6,S,37,S,ESE,17,17,78,76,1018.8,1017.7,7,7,23.2,26.3,No,No,No,2015-01-03,True,1.0,0,0,2015,1,1,Jan,2015-01,Winter,24.85,7.3,0,0,None,Moderate (30-45 km/h),South
2375,2015-01-03,22.0,28.8,0.0,4.0,12.0,NE,48,E,NE,15,22,76,70,1020.2,1017.5,3,1,26.3,27.7,No,No,No,2015-01-04,True,1.0,0,0,2015,1,1,Jan,2015-01,Winter,25.4,6.8,0,0,None,Strong (45-60 km/h),North
2376,2015-01-04,22.4,30.4,0.0,10.2,8.9,SSW,52,E,NE,11,15,69,66,1015.9,1012.8,1,7,26.9,27.1,No,No,No,2015-01-05,True,1.0,0,0,2015,1,1,Jan,2015-01,Winter,26.4,8.0,0,0,None,Strong (45-60 km/h),South
2377,2015-01-05,20.5,26.3,0.2,10.0,3.4,S,35,SSW,ESE,9,15,82,66,1019.4,1018.7,7,7,21.8,25.9,No,No,No,2015-01-06,True,1.0,0,0,2015,1,1,Jan,2015-01,Winter,23.4,5.8,0,0,Light,Moderate (30-45 km/h),South
2378,2015-01-06,21.3,28.2,0.2,4.0,11.8,E,26,SSE,E,11,17,80,64,1020.7,1019.9,5,3,24.4,26.8,No,No,No,2015-01-07,True,1.0,0,0,2015,1,1,Jan,2015-01,Winter,24.75,6.9,0,0,Light,Light (<30 km/h),East
2379,2015-01-07,22.8,29.3,0.0,6.6,12.4,NNE,44,E,NE,17,22,64,50,1020.6,1018.3,3,1,27.1,27.9,No,No,No,2015-01-08,True,1.0,0,0,2015,1,1,Jan,2015-01,Winter,26.05,6.5,0,0,None,Moderate (30-45 km/h),North
2380,2015-01-08,21.2,28.0,0.0,9.2,13.0,W,41,N,NE,6,31,55,55,1016.1,1011.7,1,1,25.8,27.4,No,No,No,2015-01-09,True,1.0,0,0,2015,1,1,Jan,2015-01,Winter,24.6,6.8,0,0,None,Moderate (30-45 km/h),West
2381,2015-01-09,21.8,29.9,0.0,13.6,8.7,NE,48,E,ENE,13,31,72,64,1010.6,1007.8,1,2,25.7,26.9,No,No,No,2015-01-10,True,1.0,0,0,2015,1,1,Jan,2015-01,Winter,25.85,8.1,0,0,None,Strong (45-60 km/h),North
2382,2015-01-10,22.0,28.7,0.0,7.4,1.0,W,41,ESE,ENE,2,13,81,78,1010.8,1009.1,7,8,24.3,25.2,No,Yes,Yes,2015-01-11,True,1.0,0,0,2015,1,1,Jan,2015-01,Winter,25.35,6.7,0,0,None,Moderate (30-45 km/h),West
2383,2015-01-11,20.6,22.9,21.0,7.4,0.0,S,33,ESE,S,19,13,96,92,1013.6,1012.6,8,8,21.1,21.1,Yes,Yes,Yes,2015-01-12,True,1.0,0,0,2015,1,1,Jan,2015-01,Winter,21.75,2.3,0,1,Heavy,Moderate (30-45 km/h),South
2384,2015-01-12,20.4,24.4,9.6,4.8,3.3,S,56,SSE,S,22,30,76,78,1014.7,1013.3,7,7,22.9,22.9,Yes,Yes,Yes,2015-01-13,True,1.0,0,0,2015,1,1,Jan,2015-01,Winter,22.4,4.0,0,1,Moderate,Strong (45-60 km/h),South
2385,2015-01-13,18.9,28.8,4.8,5.4,7.5,NNE,43,WSW,ENE,6,20,94,77,1010.2,1005.6,6,5,21.2,24.5,Yes,No,No,2015-01-14,True,1.0,0,0,2015,1,1,Jan,2015-01,Winter,23.85,9.9,0,1,Moderate,Moderate (30-45 km/h),North
2386,2015-01-14,21.1,34.2,0.0,6.2,12.7,WSW,54,WNW,WNW,6,28,55,32,999.1,997.2,1,2,28.6,33.4,No,No,No,2015-01-15,True,1.0,0,0,2015,1,1,Jan,2015-01,Winter,27.65,13.1,0,0,None,Strong (45-60 km/h),West
2387,2015-01-15,22.0,29.0,0.0,11.0,11.7,W,35,WSW,ESE,11,24,45,57,1004.0,1004.2,2,1,26.1,24.8,No,No,No,2015-01-16,True,1.0,0,0,2015,1,1,Jan,2015-01,Winter,25.5,7.0,0,0,None,Moderate (30-45 km/h),West
2388,2015-01-16,21.2,27.6,0.0,8.2,12.9,ENE,33,WSW,E,6,22,67,63,1008.6,1005.8,3,2,24.7,26.6,No,No,No,2015-01-17,True,1.0,0,0,2015,1,1,Jan,2015-01,Winter,24.4,6.4,0,0,None,Moderate (30-45 km/h),East
2389,2015-01-17,20.7,35.7,0.0,3.2,13.4,WNW,39,W,E,7,24,35,23,1008.0,1005.2,0,1,27.0,33.5,No,No,No,2015-01-18,True,1.0,0,0,2015,1,1,Jan,2015-01,Winter,28.2,15.0,1,0,None,Moderate (30-45 km/h),West
2390,2015-01-18,20.7,29.1,0.0,10.2,11.8,ESE,39,SSW,ESE,13,20,73,43,1011.7,1010.0,5,6,24.5,28.6,No,No,No,2015-01-19,True,1.0,0,0,2015,1,1,Jan,2015-01,Winter,24.9,8.4,0,0,None,Moderate (30-45 km/h),East
2391,2015-01-19,20.9,22.7,0.0,10.4,0.1,SE,44,SSE,SE,28,24,66,61,1014.9,1015.2,8,8,21.7,21.7,No,Yes,Yes,2015-01-20,True,1.0,0,0,2015,1,1,Jan,2015-01,Winter,21.8,1.8,0,0,None,Moderate (30-45 km/h),East
2392,2015-01-20,18.1,24.8,6.2,3.4,7.3,ENE,48,ENE,NE,20,26,88,64,1014.3,1011.9,8,5,20.3,23.9,Yes,Yes,Yes,2015-01-21,True,1.0,0,0,2015,1,1,Jan,2015-01,Winter,21.45,6.7,0,1,Moderate,Strong (45-60 km/h),East
2393,2015-01-21,19.7,28.0,18.0,7.4,10.5,E,59,SSE,E,2,20,78,61,1011.0,1010.6,5,3,24.4,27.1,Yes,No,No,2015-01-22,True,1.0,0,0,2015,1,1,Jan,2015-01,Winter,23.85,8.3,0,1,Heavy,Strong (45-60 km/h),East
2394,2015-01-22,22.5,28.3,0.2,8.4,11.7,ENE,37,ESE,E,9,19,68,58,1014.5,1012.1,5,1,26.4,27.5,No,No,No,2015-01-23,True,1.0,0,0,2015,1,1,Jan,2015-01,Winter,25.4,5.8,0,0,Light,Moderate (30-45 km/h),East
2395,2015-01-23,22.4,29.1,0.0,8.0,10.5,NNE,52,NE,NE,11,30,74,61,1010.1,1007.0,7,2,25.8,28.7,No,No,No,2015-01-24,True,1.0,0,0,2015,1,1,Jan,2015-01,Winter,25.75,6.7,0,0,None,Strong (45-60 km/h),North
2396,2015-01-24,22.7,29.1,0.0,9.2,9.8,NE,43,E,NE,15,24,69,54,1008.1,1004.9,1,1,26.7,28.3,No,No,No,2015-01-25,True,1.0,0,0,2015,1,1,Jan,2015-01,Winter,25.9,6.4,0,0,None,Moderate (30-45 km/h),North
2397,2015-01-25,21.6,34.4,1.0,8.0,11.2,S,59,W,E,6,19,77,44,1003.1,1001.6,2,5,25.0,31.2,No,No,No,2015-01-26,True,1.0,0,0,2015,1,1,Jan,2015-01,Winter,28.0,12.8,0,1,Light,Strong (45-60 km/h),South
2398,2015-01-26,20.2,20.4,0.6,10.6,0.0,SSE,35,SSE,S,20,17,84,88,1013.2,1013.3,8,8,20.4,19.7,No,Yes,Yes,2015-01-27,True,1.0,0,0,2015,1,1,Jan,2015-01,Winter,20.3,0.2,0,0,Light,Moderate (30-45 km/h),South
2399,2015-01-27,18.9,20.4,33.0,5.4,0.0,ESE,37,ESE,E,20,13,96,93,1013.3,1012.5,8,8,19.2,20.2,Yes,Yes,Yes,2015-01-28,True,1.0,0,0,2015,1,1,Jan,2015-01,Winter,19.65,1.5,0,1,Heavy,Moderate (30-45 km/h),East
2400,2015-01-28,17.3,20.5,57.0,7.2,2.3,S,43,SSE,SSW,17,6,95,92,1013.3,1013.5,8,7,17.9,18.2,Yes,Yes,Yes,2015-01-29,True,1.0,0,1,2015,1,1,Jan,2015-01,Winter,18.9,3.2,0,1,Extreme,Moderate (30-45 km/h),South
2401,2015-01-29,14.6,24.3,14.0,2.8,12.2,S,57,SSW,S,17,35,54,47,1012.9,1011.0,3,3,19.0,22.1,Yes,No,No,2015-01-30,True,1.0,0,0,2015,1,1,Jan,2015-01,Winter,19.45,9.7,0,1,Heavy,Strong (45-60 km/h),South
2402,2015-01-30,15.2,27.3,0.0,8.8,11.2,WSW,48,WSW,WSW,20,17,43,28,1009.4,1005.4,1,3,19.6,26.8,No,No,No,2015-01-31,True,1.0,0,0,2015,1,1,Jan,2015-01,Winter,21.25,12.1,0,0,None,Strong (45-60 km/h),West
2403,2015-01-31,17.0,26.1,0.0,5.8,11.7,ESE,26,WNW,ESE,9,19,59,42,1008.1,1005.8,2,2,21.4,24.2,No,No,No,2015-02-01,True,1.0,0,0,2015,1,1,Jan,2015-01,Winter,21.55,9.1,0,0,None,Light (<30 km/h),East
2404,2015-02-01,19.3,26.6,0.0,9.4,7.0,SE,37,SSW,ESE,9,19,75,55,1009.5,1009.3,7,6,22.0,24.2,No,Yes,Yes,2015-02-02,True,1.0,0,0,2015,1,2,Feb,2015-02,Winter,22.95,7.3,0,0,None,Moderate (30-45 km/h),East
2405,2015-02-02,18.0,25.0,3.4,6.6,8.7,SSE,61,SSW,S,19,35,81,59,1015.5,1015.9,7,2,19.6,23.4,Yes,No,No,2015-02-03,True,1.0,0,0,2015,1,2,Feb,2015-02,Winter,21.5,7.0,0,1,Moderate,Gale (>60 km/h),South
2406,2015-02-03,18.5,26.5,1.0,8.6,9.8,SSE,43,SW,SE,17,24,72,45,1020.1,1017.5,5,2,20.1,25.7,No,Yes,Yes,2015-02-04,True,1.0,0,0,2015,1,2,Feb,2015-02,Winter,22.5,8.0,0,1,Light,Moderate (30-45 km/h),South
2407,2015-02-04,17.3,25.6,1.2,6.4,6.6,SSE,43,W,SSE,15,30,70,58,1015.7,1015.7,7,6,20.1,22.9,Yes,Yes,Yes,2015-02-05,True,1.0,0,0,2015,1,2,Feb,2015-02,Winter,21.45,8.3,0,1,Light,Moderate (30-45 km/h),South
2408,2015-02-05,18.6,24.3,7.4,7.2,0.5,ESE,46,ESE,ESE,20,13,59,54,1023.2,1024.1,7,7,21.9,22.5,Yes,No,No,2015-02-06,True,1.0,0,0,2015,1,2,Feb,2015-02,Winter,21.45,5.7,0,1,Moderate,Strong (45-60 km/h),East
2409,2015-02-06,17.6,25.6,0.2,4.2,7.8,ESE,31,W,ESE,9,15,80,53,1027.7,1026.2,7,7,20.5,23.6,No,No,No,2015-02-07,True,1.0,0,0,2015,1,2,Feb,2015-02,Winter,21.6,8.0,0,0,Light,Moderate (30-45 km/h),East
2410,2015-02-07,18.8,26.5,0.0,5.4,6.9,ENE,35,WNW,ENE,9,22,77,50,1025.2,1021.8,8,4,20.3,26.0,No,No,No,2015-02-08,True,1.0,0,0,2015,1,2,Feb,2015-02,Winter,22.65,7.7,0,0,None,Moderate (30-45 km/h),East
2411,2015-02-08,18.9,32.1,0.0,5.6,12.2,E,26,W,E,9,22,71,58,1018.9,1017.0,0,1,23.3,28.3,No,No,No,2015-02-09,True,1.0,0,0,2015,1,2,Feb,2015-02,Winter,25.5,13.2,0,0,None,Light (<30 km/h),East
2412,2015-02-09,22.7,25.9,0.0,8.0,1.2,S,46,S,SE,20,20,76,66,1023.8,1023.9,7,7,23.7,25.3,No,No,No,2015-02-10,True,1.0,0,0,2015,1,2,Feb,2015-02,Winter,24.3,3.2,0,0,None,Strong (45-60 km/h),South
2413,2015-02-10,21.5,28.2,0.0,5.8,7.7,ENE,33,WNW,E,6,19,82,65,1024.6,1023.1,5,3,24.0,27.7,No,No,No,2015-02-11,True,1.0,0,0,2015,1,2,Feb,2015-02,Winter,24.85,6.7,0,0,None,Moderate (30-45 km/h),East
2414,2015-02-11,22.8,28.6,0.2,5.8,11.3,ENE,41,ENE,E,17,28,72,59,1023.6,1021.0,6,2,25.8,27.1,No,No,No,2015-02-12,True,1.0,0,0,2015,1,2,Feb,2015-02,Winter,25.7,5.8,0,0,Light,Moderate (30-45 km/h),East
2415,2015-02-12,21.0,28.8,0.0,8.0,10.0,ESE,37,SE,ESE,4,26,62,61,1021.8,1021.0,1,5,26.1,27.6,No,Yes,Yes,2015-02-13,True,1.0,0,0,2015,1,2,Feb,2015-02,Winter,24.9,7.8,0,0,None,Moderate (30-45 km/h),East
2416,2015-02-13,20.4,28.1,6.8,7.8,4.6,ENE,31,WNW,ESE,7,19,94,61,1024.2,1023.3,7,5,22.1,25.1,Yes,Yes,Yes,2015-02-14,True,1.0,0,0,2015,1,2,Feb,2015-02,Winter,24.25,7.7,0,1,Moderate,Moderate (30-45 km/h),East
2417,2015-02-14,20.4,27.2,4.4,5.0,6.7,ENE,39,W,NE,7,17,82,55,1023.1,1019.9,2,7,23.1,26.9,Yes,No,No,2015-02-15,True,1.0,0,0,2015,1,2,Feb,2015-02,Winter,23.8,6.8,0,1,Moderate,Moderate (30-45 km/h),East
2418,2015-02-15,20.3,29.4,0.6,5.6,8.8,NE,37,N,ENE,4,20,85,59,1017.0,1014.8,7,3,22.4,26.4,No,No,No,2015-02-16,True,1.0,0,0,2015,1,2,Feb,2015-02,Winter,24.85,9.1,0,0,Light,Moderate (30-45 km/h),North
2419,2015-02-16,22.1,28.0,0.0,8.0,11.1,NE,46,NE,NE,19,28,62,57,1016.9,1015.7,3,7,25.4,26.8,No,No,No,2015-02-17,True,1.0,0,0,2015,1,2,Feb,2015-02,Winter,25.05,5.9,0,0,None,Strong (45-60 km/h),North
2420,2015-02-17,21.9,27.8,0.0,8.4,12.2,NE,48,NNE,ENE,19,31,59,56,1019.0,1017.6,3,2,25.7,26.1,No,No,No,2015-02-18,True,1.0,0,0,2015,1,2,Feb,2015-02,Winter,24.85,5.9,0,0,None,Strong (45-60 km/h),North
2421,2015-02-18,22.2,27.6,0.0,10.4,12.2,E,41,NE,E,9,28,59,60,1019.9,1019.0,2,2,26.4,26.7,No,No,No,2015-02-19,True,1.0,0,0,2015,1,2,Feb,2015-02,Winter,24.9,5.4,0,0,None,Moderate (30-45 km/h),East
2422,2015-02-19,22.2,27.6,0.2,9.6,5.1,ENE,39,ENE,E,11,17,88,63,1021.8,1019.4,7,5,23.0,25.8,No,No,No,2015-02-20,True,1.0,0,0,2015,1,2,Feb,2015-02,Winter,24.9,5.4,0,0,Light,Moderate (30-45 km/h),East
2423,2015-02-20,21.7,26.8,0.0,5.0,1.8,NE,43,W,E,6,9,82,67,1018.0,1016.2,7,7,23.8,25.6,No,No,No,2015-02-21,True,1.0,0,0,2015,1,2,Feb,2015-02,Winter,24.25,5.1,0,0,None,Moderate (30-45 km/h),North
2424,2015-02-21,20.5,25.6,1.0,2.8,0.0,ENE,37,SSE,ESE,6,15,88,74,1017.1,1016.0,8,8,22.9,24.5,No,Yes,Yes,2015-02-22,True,1.0,0,0,2015,1,2,Feb,2015-02,Winter,23.05,5.1,0,1,Light,Moderate (30-45 km/h),East
2425,2015-02-22,20.7,27.4,1.2,3.4,10.7,E,31,ESE,E,4,20,82,62,1017.7,1016.9,3,6,23.8,26.8,Yes,No,No,2015-02-23,True,1.0,0,0,2015,1,2,Feb,2015-02,Winter,24.05,6.7,0,1,Light,Moderate (30-45 km/h),East
2426,2015-02-23,22.4,27.6,0.0,6.6,5.5,ENE,31,NNE,E,15,17,76,63,1016.9,1014.6,5,4,24.1,26.9,No,No,No,2015-02-24,True,1.0,0,0,2015,1,2,Feb,2015-02,Winter,25.0,5.2,0,0,None,Moderate (30-45 km/h),East
2427,2015-02-24,22.2,25.6,0.2,5.2,6.2,SSE,61,NNW,S,4,33,89,66,1014.8,1015.1,7,6,23.3,24.8,No,No,No,2015-02-25,True,1.0,0,0,2015,1,2,Feb,2015-02,Winter,23.9,3.4,0,0,Light,Gale (>60 km/h),South
2428,2015-02-25,20.1,23.8,0.0,6.6,9.1,SE,44,WSW,SSE,6,30,76,77,1015.6,1015.2,7,7,22.2,22.9,No,Yes,Yes,2015-02-26,True,1.0,0,0,2015,1,2,Feb,2015-02,Winter,21.95,3.7,0,0,None,Moderate (30-45 km/h),East
2429,2015-02-26,19.9,25.8,4.2,2.2,4.7,E,20,WNW,E,15,17,86,72,1010.9,1007.2,7,7,21.5,24.9,Yes,Yes,Yes,2015-02-27,True,1.0,0,0,2015,1,2,Feb,2015-02,Winter,22.85,5.9,0,1,Moderate,Light (<30 km/h),East
2430,2015-02-27,20.0,27.5,26.8,4.6,8.4,SE,28,S,ESE,11,17,97,60,1010.8,1009.5,6,2,21.1,26.4,Yes,No,No,2015-02-28,True,1.0,0,0,2015,1,2,Feb,2015-02,Winter,23.75,7.5,0,1,Heavy,Light (<30 km/h),East
2431,2015-02-28,20.1,27.0,0.2,5.6,6.0,NNE,43,ENE,NE,9,22,78,62,1010.8,1008.5,7,7,23.3,26.5,No,No,No,2015-03-01,True,1.0,0,0,2015,1,2,Feb,2015-02,Winter,23.55,6.9,0,0,Light,Moderate (30-45 km/h),North
2432,2015-03-01,22.0,36.4,0.0,6.0,7.0,SSE,91,E,E,6,20,69,57,1005.9,1002.9,1,7,26.2,29.3,No,Yes,Yes,2015-03-02,True,1.0,0,1,2015,1,3,Mar,2015-03,Spring,29.2,14.4,1,0,None,Gale (>60 km/h),South
2433,2015-03-02,18.2,24.6,11.4,10.6,3.3,SSE,48,SSW,SE,20,15,70,57,1018.7,1017.3,6,7,20.1,23.7,Yes,No,No,2015-03-03,True,1.0,0,0,2015,1,3,Mar,2015-03,Spring,21.4,6.4,0,1,Heavy,Strong (45-60 km/h),South
2434,2015-03-03,16.8,27.7,0.2,5.0,8.0,ENE,33,WNW,E,9,28,60,54,1015.9,1013.1,1,2,22.5,25.8,No,No,No,2015-03-04,True,1.0,0,0,2015,1,3,Mar,2015-03,Spring,22.25,10.9,0,0,Light,Moderate (30-45 km/h),East
2435,2015-03-04,21.5,27.9,0.0,6.6,7.4,SSW,26,S,E,7,13,79,63,1013.4,1010.2,5,3,23.7,26.9,No,No,No,2015-03-05,True,1.0,0,0,2015,1,3,Mar,2015-03,Spring,24.7,6.4,0,0,None,Light (<30 km/h),South
2436,2015-03-05,20.4,28.6,0.0,4.8,9.8,SSE,59,SW,SSE,15,35,28,56,1005.9,1008.5,4,4,25.2,23.1,No,No,No,2015-03-06,True,1.0,0,0,2015,1,3,Mar,2015-03,Spring,24.5,8.2,0,0,None,Strong (45-60 km/h),South
2437,2015-03-06,16.2,30.9,0.0,8.8,11.3,WSW,44,WNW,W,15,24,44,22,1007.6,1003.7,5,1,21.1,29.6,No,No,No,2015-03-07,True,1.0,0,0,2015,1,3,Mar,2015-03,Spring,23.55,14.7,0,0,None,Moderate (30-45 km/h),West
2438,2015-03-07,19.3,25.4,0.0,8.0,7.3,ENE,43,E,ENE,2,24,89,57,1012.8,1009.9,4,2,19.8,24.6,No,No,No,2015-03-08,True,1.0,0,0,2015,1,3,Mar,2015-03,Spring,22.35,6.1,0,0,None,Moderate (30-45 km/h),East
2439,2015-03-08,19.6,27.6,0.0,5.8,6.7,SSE,35,WNW,SSE,11,22,87,62,1011.1,1009.5,7,7,21.0,25.6,No,No,No,2015-03-09,True,1.0,0,0,2015,1,3,Mar,2015-03,Spring,23.6,8.0,0,0,None,Moderate (30-45 km/h),South
2440,2015-03-09,20.3,31.2,0.0,4.0,11.0,ENE,31,WNW,E,11,24,75,57,1011.9,1009.9,0,1,23.7,27.7,No,No,No,2015-03-10,True,1.0,0,0,2015,1,3,Mar,2015-03,Spring,25.75,10.9,0,0,None,Moderate (30-45 km/h),East
2441,2015-03-10,21.1,24.5,0.0,7.2,0.9,SSW,35,SSW,E,17,20,79,79,1017.7,1016.5,7,7,22.8,24.0,No,No,No,2015-03-11,True,1.0,0,0,2015,1,3,Mar,2015-03,Spring,22.8,3.4,0,0,None,Moderate (30-45 km/h),South
2442,2015-03-11,21.3,27.9,0.0,1.2,7.6,WNW,52,WNW,E,11,26,85,65,1016.9,1013.3,6,1,22.5,27.0,No,No,No,2015-03-12,True,1.0,0,0,2015,1,3,Mar,2015-03,Spring,24.6,6.6,0,0,None,Strong (45-60 km/h),West
2443,2015-03-12,20.0,28.7,0.2,6.2,9.8,SE,41,SSE,SE,22,22,76,52,1014.9,1013.3,5,6,25.0,27.3,No,No,No,2015-03-13,True,1.0,0,0,2015,1,3,Mar,2015-03,Spring,24.35,8.7,0,0,Light,Moderate (30-45 km/h),East
2444,2015-03-13,20.1,21.9,0.6,6.2,0.3,SSE,44,SSE,S,22,17,70,65,1019.9,1019.5,7,7,20.8,21.4,No,Yes,Yes,2015-03-14,True,1.0,0,0,2015,1,3,Mar,2015-03,Spring,21.0,1.8,0,0,Light,Moderate (30-45 km/h),South
2445,2015-03-14,15.8,24.5,1.2,3.4,8.9,NE,31,WNW,E,9,19,73,49,1018.7,1014.6,1,2,20.1,23.7,Yes,No,No,2015-03-15,True,1.0,0,0,2015,1,3,Mar,2015-03,Spring,20.15,8.7,0,1,Light,Moderate (30-45 km/h),North
2446,2015-03-15,17.7,24.9,0.0,5.6,5.1,SSE,70,SSW,S,26,33,75,51,1010.0,1012.5,6,6,21.8,23.0,No,Yes,Yes,2015-03-16,True,1.0,0,0,2015,1,3,Mar,2015-03,Spring,21.3,7.2,0,0,None,Gale (>60 km/h),South
2447,2015-03-16,16.3,23.6,8.8,7.4,6.1,SSE,37,WNW,E,13,13,77,45,1017.2,1015.7,7,5,17.9,23.4,Yes,No,No,2015-03-17,True,1.0,0,0,2015,1,3,Mar,2015-03,Spring,19.95,7.3,0,1,Moderate,Moderate (30-45 km/h),South
2448,2015-03-17,15.3,24.4,0.0,4.8,3.9,N,31,WNW,NE,11,17,63,55,1015.9,1012.0,3,7,20.4,22.5,No,No,No,2015-03-18,True,1.0,0,0,2015,1,3,Mar,2015-03,Spring,19.85,9.1,0,0,None,Moderate (30-45 km/h),North
2449,2015-03-18,19.7,29.9,0.0,5.8,7.8,SSE,28,NNE,ESE,9,17,76,49,1007.2,1003.7,7,2,22.5,27.2,No,No,No,2015-03-19,True,1.0,0,0,2015,1,3,Mar,2015-03,Spring,24.8,10.2,0,0,None,Light (<30 km/h),South
2450,2015-03-19,19.6,28.9,0.2,3.0,10.5,SSW,35,W,ESE,20,19,72,54,1011.5,1010.5,2,1,22.8,27.2,No,No,No,2015-03-20,True,1.0,0,0,2015,1,3,Mar,2015-03,Spring,24.25,9.3,0,0,Light,Moderate (30-45 km/h),South
2451,2015-03-20,20.0,31.4,0.0,5.2,8.0,SSE,72,W,S,13,39,75,65,1010.5,1012.0,1,5,23.8,24.9,No,Yes,Yes,2015-03-21,True,1.0,0,0,2015,1,3,Mar,2015-03,Spring,25.7,11.4,0,0,None,Gale (>60 km/h),South
2452,2015-03-21,18.3,23.1,2.0,7.6,0.9,SSE,44,SE,SE,22,22,75,55,1024.7,1025.3,7,6,19.6,21.7,Yes,Yes,Yes,2015-03-22,True,1.0,0,0,2015,1,3,Mar,2015-03,Spring,20.7,4.8,0,1,Light,Moderate (30-45 km/h),South
2453,2015-03-22,18.6,24.4,2.2,5.4,1.6,ESE,44,E,E,24,22,71,59,1024.4,1022.0,7,7,22.2,24.1,Yes,Yes,Yes,2015-03-23,True,1.0,0,0,2015,1,3,Mar,2015-03,Spring,21.5,5.8,0,1,Light,Moderate (30-45 km/h),East
2454,2015-03-23,18.4,26.5,1.4,3.4,8.7,NNE,41,N,NE,9,22,81,64,1018.9,1013.6,1,6,22.8,26.4,Yes,No,No,2015-03-24,True,1.0,0,0,2015,1,3,Mar,2015-03,Spring,22.45,8.1,0,1,Light,Moderate (30-45 km/h),North
2455,2015-03-24,20.6,27.6,0.2,6.8,2.2,SW,31,SW,SE,2,9,86,93,1012.1,1010.4,7,8,22.2,22.5,No,Yes,Yes,2015-03-25,True,1.0,0,0,2015,1,3,Mar,2015-03,Spring,24.1,7.0,0,0,Light,Moderate (30-45 km/h),South
2456,2015-03-25,15.0,24.8,22.4,3.4,9.7,SSW,37,W,SSE,19,20,72,53,1017.2,1016.5,1,3,18.0,24.2,Yes,No,No,2015-03-26,True,1.0,0,0,2015,1,3,Mar,2015-03,Spring,19.9,9.8,0,1,Heavy,Moderate (30-45 km/h),South
2457,2015-03-26,16.9,28.7,0.2,5.8,10.4,WSW,41,W,WNW,19,17,70,24,1017.8,1015.1,1,1,20.4,27.8,No,No,No,2015-03-27,True,1.0,0,0,2015,1,3,Mar,2015-03,Spring,22.8,11.8,0,0,Light,Moderate (30-45 km/h),West
2458,2015-03-27,14.7,27.6,0.0,7.0,11.2,WSW,52,W,W,15,22,34,20,1020.5,1017.1,1,0,17.2,26.4,No,No,No,2015-03-28,True,1.0,0,0,2015,1,3,Mar,2015-03,Spring,21.15,12.9,0,0,None,Strong (45-60 km/h),West
2459,2015-03-28,14.7,24.5,0.0,7.0,10.9,W,37,W,ESE,24,20,39,45,1023.4,1021.9,1,2,18.5,22.2,No,No,No,2015-03-29,True,1.0,0,0,2015,1,3,Mar,2015-03,Spring,19.6,9.8,0,0,None,Moderate (30-45 km/h),West
2460,2015-03-29,15.2,24.7,0.0,5.0,6.4,ENE,31,WNW,ENE,11,20,78,59,1023.4,1021.1,7,6,17.3,23.2,No,No,No,2015-03-30,True,1.0,0,0,2015,1,3,Mar,2015-03,Spring,19.95,9.5,0,0,None,Moderate (30-45 km/h),East
2461,2015-03-30,17.3,23.9,0.0,4.8,2.7,NW,28,W,ENE,19,19,84,64,1024.3,1022.9,8,5,19.1,23.1,No,Yes,Yes,2015-03-31,True,1.0,0,0,2015,1,3,Mar,2015-03,Spring,20.6,6.6,0,0,None,Light (<30 km/h),North
2462,2015-03-31,17.3,24.1,14.2,3.0,3.8,ESE,31,W,E,6,13,93,58,1026.2,1024.8,7,6,19.7,22.7,Yes,Yes,Yes,2015-04-01,True,1.0,0,0,2015,1,3,Mar,2015-03,Spring,20.7,6.8,0,1,Heavy,Moderate (30-45 km/h),East
2463,2015-04-01,17.8,25.3,6.0,4.2,9.9,NNE,39,W,ENE,13,17,95,72,1025.0,1021.0,1,5,18.8,23.6,Yes,No,No,2015-04-02,True,1.0,0,0,2015,2,4,Apr,2015-04,Spring,21.55,7.5,0,1,Moderate,Moderate (30-45 km/h),North
2464,2015-04-02,18.5,27.9,0.0,4.2,3.9,S,48,N,E,7,11,86,57,1018.9,1016.3,7,7,20.3,27.1,No,No,No,2015-04-03,True,1.0,0,0,2015,2,4,Apr,2015-04,Spring,23.2,9.4,0,0,None,Strong (45-60 km/h),South
2465,2015-04-03,17.9,19.0,0.6,6.4,0.0,S,48,SSE,SSW,13,13,91,89,1023.9,1022.9,8,8,18.1,18.5,No,Yes,Yes,2015-04-04,True,1.0,0,0,2015,2,4,Apr,2015-04,Spring,18.45,1.1,0,0,Light,Strong (45-60 km/h),South
2466,2015-04-04,17.7,20.1,24.0,5.4,0.0,ESE,52,ESE,SE,33,26,95,93,1020.3,1017.4,8,8,18.0,17.4,Yes,Yes,Yes,2015-04-05,True,1.0,0,0,2015,2,4,Apr,2015-04,Spring,18.9,2.4,0,1,Heavy,Strong (45-60 km/h),East
2467,2015-04-05,15.5,25.9,21.4,2.2,9.7,W,31,W,ESE,13,19,76,54,1010.5,1005.7,4,4,19.9,25.6,Yes,No,No,2015-04-06,True,1.0,0,0,2015,2,4,Apr,2015-04,Spring,20.7,10.4,0,1,Heavy,Moderate (30-45 km/h),West
2468,2015-04-06,15.8,24.9,0.0,4.0,5.1,N,35,WNW,NW,7,15,81,62,1008.0,1006.6,1,8,19.9,20.2,No,No,No,2015-04-07,True,1.0,0,0,2015,2,4,Apr,2015-04,Spring,20.35,9.1,0,0,None,Moderate (30-45 km/h),North
2469,2015-04-07,15.1,23.0,0.4,3.2,9.8,NW,70,WNW,WNW,15,22,67,42,1007.9,1007.2,6,2,20.0,21.2,No,Yes,Yes,2015-04-08,True,1.0,0,0,2015,2,4,Apr,2015-04,Spring,19.05,7.9,0,0,Light,Gale (>60 km/h),North
2470,2015-04-08,14.2,22.3,5.8,5.6,4.6,WSW,63,WSW,WSW,30,30,43,39,1010.7,1013.1,3,6,18.3,21.0,Yes,No,No,2015-04-09,True,1.0,0,0,2015,2,4,Apr,2015-04,Spring,18.25,8.1,0,1,Moderate,Gale (>60 km/h),West
2471,2015-04-09,15.3,22.2,0.2,6.6,6.1,S,54,WSW,S,13,31,49,42,1020.6,1020.2,3,3,18.6,21.2,No,No,No,2015-04-10,True,1.0,0,0,2015,2,4,Apr,2015-04,Spring,18.75,6.9,0,0,Light,Strong (45-60 km/h),South
2472,2015-04-10,14.7,22.4,0.4,5.2,6.0,S,35,SSW,S,13,20,82,58,1024.8,1022.8,7,3,16.8,21.7,No,Yes,Yes,2015-04-11,True,1.0,0,0,2015,2,4,Apr,2015-04,Spring,18.55,7.7,0,0,Light,Moderate (30-45 km/h),South
2473,2015-04-11,15.6,22.7,7.8,1.8,4.6,W,22,W,E,13,13,94,69,1023.3,1019.6,7,5,17.5,20.4,Yes,No,No,2015-04-12,True,1.0,0,0,2015,2,4,Apr,2015-04,Spring,19.15,7.1,0,1,Moderate,Light (<30 km/h),West
2474,2015-04-12,14.8,23.5,0.2,2.0,8.8,SSW,44,WNW,SSE,17,28,80,63,1018.7,1018.0,5,7,18.7,21.4,No,No,No,2015-04-13,True,1.0,0,0,2015,2,4,Apr,2015-04,Spring,19.15,8.7,0,0,Light,Moderate (30-45 km/h),South
2475,2015-04-13,14.8,22.2,0.0,4.0,10.2,SSE,35,SW,SSE,13,19,65,50,1023.7,1021.3,3,3,19.1,22.2,No,No,No,2015-04-14,True,1.0,0,0,2015,2,4,Apr,2015-04,Spring,18.5,7.4,0,0,None,Moderate (30-45 km/h),South
2476,2015-04-14,14.5,22.4,0.0,4.2,8.5,ENE,24,WNW,ENE,13,17,63,54,1023.9,1021.4,5,3,18.2,20.8,No,No,No,2015-04-15,True,1.0,0,0,2015,2,4,Apr,2015-04,Spring,18.45,7.9,0,0,None,Light (<30 km/h),East
2477,2015-04-15,15.0,24.2,0.0,5.0,8.7,W,46,W,ENE,15,19,72,66,1025.1,1021.6,7,2,18.6,23.2,No,No,No,2015-04-16,True,1.0,0,0,2015,2,4,Apr,2015-04,Spring,19.6,9.2,0,0,None,Strong (45-60 km/h),West
2478,2015-04-16,17.7,31.7,0.6,3.2,10.4,SSE,41,WNW,ENE,4,15,67,44,1022.4,1019.3,6,7,21.6,29.2,No,Yes,Yes,2015-04-17,True,1.0,0,0,2015,2,4,Apr,2015-04,Spring,24.7,14.0,0,0,Light,Moderate (30-45 km/h),South
2479,2015-04-17,19.9,23.7,1.6,4.0,0.0,SSE,20,E,E,17,13,86,89,1024.6,1021.3,7,8,21.0,21.0,Yes,No,No,2015-04-18,True,1.0,0,0,2015,2,4,Apr,2015-04,Spring,21.8,3.8,0,1,Light,Light (<30 km/h),South
2480,2015-04-18,19.7,28.6,0.4,2.0,5.0,NW,54,N,N,19,26,71,51,1017.8,1013.9,7,8,23.7,26.1,No,Yes,Yes,2015-04-19,True,1.0,0,0,2015,2,4,Apr,2015-04,Spring,24.15,8.9,0,0,Light,Strong (45-60 km/h),North
2481,2015-04-19,18.0,22.5,2.4,6.6,6.6,S,61,WSW,SSE,22,35,50,69,1018.5,1019.6,6,7,19.4,20.0,Yes,Yes,Yes,2015-04-20,True,1.0,0,0,2015,2,4,Apr,2015-04,Spring,20.25,4.5,0,1,Light,Gale (>60 km/h),South
2482,2015-04-20,13.6,17.2,13.2,3.2,0.0,SSE,83,S,SSE,24,46,96,94,1023.6,1020.7,8,8,15.0,17.1,Yes,Yes,Yes,2015-04-21,True,1.0,0,1,2015,2,4,Apr,2015-04,Spring,15.4,3.6,0,1,Heavy,Gale (>60 km/h),South
2483,2015-04-21,14.5,17.7,119.4,4.8,0.0,SSE,87,SSE,S,54,46,87,96,1019.6,1016.8,8,8,14.9,14.6,Yes,Yes,Yes,2015-04-22,True,1.0,0,1,2015,2,4,Apr,2015-04,Spring,16.1,3.2,0,1,Extreme,Gale (>60 km/h),South
2484,2015-04-22,14.1,17.9,105.8,4.8,0.6,S,72,SSW,SSW,20,22,98,94,1013.4,1010.5,8,7,16.1,17.2,Yes,Yes,Yes,2015-04-23,True,1.0,0,1,2015,2,4,Apr,2015-04,Spring,16.0,3.8,0,1,Extreme,Gale (>60 km/h),South
2485,2015-04-23,14.3,23.8,29.0,4.8,8.6,SSE,26,WNW,SE,13,7,98,56,1012.3,1009.6,4,4,16.4,23.1,Yes,No,No,2015-04-24,True,1.0,0,0,2015,2,4,Apr,2015-04,Spring,19.05,9.5,0,1,Heavy,Light (<30 km/h),South
2486,2015-04-24,15.0,25.1,0.0,2.2,8.5,W,19,WNW,E,11,13,89,59,1008.0,1004.4,4,4,17.3,23.9,No,No,No,2015-04-25,True,1.0,0,0,2015,2,4,Apr,2015-04,Spring,20.05,10.1,0,0,None,Light (<30 km/h),West
2487,2015-04-25,14.4,25.9,0.2,4.4,8.1,SSE,57,W,ENE,17,19,78,49,1008.8,1004.7,3,3,17.2,22.5,No,Yes,Yes,2015-04-26,True,1.0,0,0,2015,2,4,Apr,2015-04,Spring,20.15,11.5,0,0,Light,Strong (45-60 km/h),South
2488,2015-04-26,12.7,17.1,13.0,4.0,1.3,SW,48,W,SW,19,19,81,81,1008.0,1010.4,6,6,13.8,16.2,Yes,Yes,Yes,2015-04-27,True,1.0,0,0,2015,2,4,Apr,2015-04,Spring,14.9,4.4,0,1,Heavy,Strong (45-60 km/h),South
2489,2015-04-27,12.5,20.9,4.0,0.4,10.5,S,35,W,SSE,19,17,59,41,1018.9,1019.0,1,1,15.3,20.7,Yes,No,No,2015-04-28,True,1.0,0,0,2015,2,4,Apr,2015-04,Spring,16.7,8.4,0,1,Moderate,Moderate (30-45 km/h),South
2490,2015-04-28,10.3,20.9,0.2,5.6,10.4,SSE,39,WNW,S,20,22,63,50,1026.1,1024.5,1,1,14.0,20.1,No,No,No,2015-04-29,True,1.0,0,0,2015,2,4,Apr,2015-04,Spring,15.6,10.6,0,0,Light,Moderate (30-45 km/h),South
2491,2015-04-29,10.6,18.9,0.0,4.0,0.9,SSE,37,WNW,SE,20,17,81,77,1030.6,1028.9,6,7,14.0,17.5,No,Yes,Yes,2015-04-30,True,1.0,0,0,2015,2,4,Apr,2015-04,Spring,14.75,8.3,0,0,None,Moderate (30-45 km/h),South
2492,2015-04-30,14.0,20.9,10.2,3.8,3.0,SSE,33,SSE,SE,17,17,92,65,1031.3,1028.4,8,6,16.0,20.4,Yes,Yes,Yes,2015-05-01,True,1.0,0,0,2015,2,4,Apr,2015-04,Spring,17.45,6.9,0,1,Heavy,Moderate (30-45 km/h),South
2493,2015-05-01,14.1,21.7,28.4,2.2,1.0,E,41,SSW,ESE,17,15,98,83,1028.2,1024.5,8,7,16.7,19.8,Yes,Yes,Yes,2015-05-02,True,1.0,0,0,2015,2,5,May,2015-05,Spring,17.9,7.6,0,1,Heavy,Moderate (30-45 km/h),East
2494,2015-05-02,16.6,23.0,8.6,2.6,2.3,ESE,52,ESE,NE,20,17,79,95,1020.6,1016.5,7,7,21.7,19.0,Yes,Yes,Yes,2015-05-03,True,1.0,0,0,2015,2,5,May,2015-05,Spring,19.8,6.4,0,1,Moderate,Strong (45-60 km/h),East
2495,2015-05-03,18.9,20.9,31.6,1.2,0.4,SSW,50,SSW,S,15,22,98,86,1014.8,1012.8,8,6,19.0,20.8,Yes,No,No,2015-05-04,True,1.0,0,0,2015,2,5,May,2015-05,Spring,19.9,2.0,0,1,Heavy,Strong (45-60 km/h),South
2496,2015-05-04,17.3,21.8,0.4,1.8,0.3,S,28,W,SSE,17,7,83,66,1016.0,1013.2,7,6,18.3,21.6,No,No,No,2015-05-05,True,1.0,0,0,2015,2,5,May,2015-05,Spring,19.55,4.5,0,0,Light,Light (<30 km/h),South
2497,2015-05-05,14.7,27.5,0.0,1.6,9.8,W,41,NNW,NNW,20,26,84,33,1008.3,1003.9,4,1,19.0,27.0,No,No,No,2015-05-06,True,1.0,0,0,2015,2,5,May,2015-05,Spring,21.1,12.8,0,0,None,Moderate (30-45 km/h),West
2498,2015-05-06,13.4,21.0,0.2,6.4,10.0,W,46,W,WSW,28,26,41,29,1014.0,1012.5,0,0,15.3,20.4,No,No,No,2015-05-07,True,1.0,0,0,2015,2,5,May,2015-05,Spring,17.2,7.6,0,0,Light,Strong (45-60 km/h),West
2499,2015-05-07,11.5,20.3,0.0,6.6,10.3,W,56,W,WSW,19,30,51,31,1018.2,1015.4,1,1,15.1,19.8,No,No,No,2015-05-08,True,1.0,0,0,2015,2,5,May,2015-05,Spring,15.9,8.8,0,0,None,Strong (45-60 km/h),West
2500,2015-05-08,11.1,21.0,0.0,5.2,10.3,W,35,W,WNW,22,11,51,31,1019.4,1016.1,1,0,13.8,20.5,No,No,No,2015-05-09,True,1.0,0,0,2015,2,5,May,2015-05,Spring,16.05,9.9,0,0,None,Moderate (30-45 km/h),West
2501,2015-05-09,11.4,21.0,0.0,2.8,10.3,WNW,35,W,NW,19,19,52,36,1017.1,1013.9,1,1,14.5,20.7,No,No,No,2015-05-10,True,1.0,0,0,2015,2,5,May,2015-05,Spring,16.2,9.6,0,0,None,Moderate (30-45 km/h),West
2502,2015-05-10,11.3,21.2,0.0,4.8,7.8,NW,52,N,WNW,20,26,49,33,1011.3,1006.0,1,5,15.4,20.8,No,No,No,2015-05-11,True,1.0,0,0,2015,2,5,May,2015-05,Spring,16.25,9.9,0,0,None,Strong (45-60 km/h),North
2503,2015-05-11,15.4,21.9,0.0,5.0,10.2,WNW,70,WNW,WSW,17,39,48,35,1010.2,1009.6,1,1,16.8,21.1,No,No,No,2015-05-12,True,1.0,0,0,2015,2,5,May,2015-05,Spring,18.65,6.5,0,0,None,Gale (>60 km/h),West
2504,2015-05-12,12.2,22.5,0.0,6.6,10.3,W,52,NW,W,11,30,56,34,1014.3,1010.2,0,1,16.2,21.9,No,No,No,2015-05-13,True,1.0,0,0,2015,2,5,May,2015-05,Spring,17.35,10.3,0,0,None,Strong (45-60 km/h),West
2505,2015-05-13,13.2,17.3,0.0,4.6,7.7,W,59,W,SW,33,13,42,32,1015.3,1016.3,1,6,13.9,16.4,No,Yes,Yes,2015-05-14,True,1.0,0,0,2015,2,5,May,2015-05,Spring,15.25,4.1,0,0,None,Strong (45-60 km/h),West
2506,2015-05-14,7.9,19.3,2.2,4.0,10.1,W,46,W,W,28,20,49,34,1024.7,1024.2,1,2,11.3,18.4,Yes,No,No,2015-05-15,True,1.0,0,0,2015,2,5,May,2015-05,Spring,13.6,11.4,0,1,Light,Strong (45-60 km/h),West
2507,2015-05-15,10.2,20.0,0.2,4.4,7.8,S,48,W,SSW,22,24,59,61,1031.4,1031.1,1,5,14.2,17.8,No,No,No,2015-05-16,True,1.0,0,0,2015,2,5,May,2015-05,Spring,15.1,9.8,0,0,Light,Strong (45-60 km/h),South
2508,2015-05-16,13.0,20.8,0.8,2.8,9.3,S,41,SW,S,19,20,87,50,1035.4,1033.7,3,3,15.1,19.6,No,No,No,2015-05-17,True,1.0,0,0,2015,2,5,May,2015-05,Spring,16.9,7.8,0,0,Light,Moderate (30-45 km/h),South
2509,2015-05-17,11.1,20.5,0.6,3.0,3.0,W,24,W,ESE,17,17,89,66,1035.5,1032.2,3,6,13.0,18.4,No,No,No,2015-05-18,True,1.0,0,0,2015,2,5,May,2015-05,Spring,15.8,9.4,0,0,Light,Light (<30 km/h),West
2510,2015-05-18,11.5,19.3,0.0,2.0,0.5,W,20,W,SE,15,2,91,84,1031.8,1027.3,7,8,13.8,18.2,No,No,No,2015-05-19,True,1.0,0,0,2015,2,5,May,2015-05,Spring,15.4,7.8,0,0,None,Light (<30 km/h),West
2511,2015-05-19,13.8,21.5,0.2,0.4,1.8,NNW,28,NNE,NE,2,7,84,66,1020.6,1015.5,8,6,16.9,20.9,No,No,No,2015-05-20,True,1.0,0,0,2015,2,5,May,2015-05,Spring,17.65,7.7,0,0,Light,Light (<30 km/h),North
2512,2015-05-20,16.2,25.4,0.4,1.4,5.8,NW,31,NW,ENE,17,19,79,58,1015.9,1013.4,7,7,17.4,21.6,No,No,No,2015-05-21,True,1.0,0,0,2015,2,5,May,2015-05,Spring,20.8,9.2,0,0,Light,Moderate (30-45 km/h),North
2513,2015-05-21,14.5,21.8,0.2,4.0,5.8,S,41,W,S,20,19,67,58,1018.6,1016.9,1,5,16.5,19.2,No,Yes,Yes,2015-05-22,True,1.0,0,0,2015,2,5,May,2015-05,Spring,18.15,7.3,0,0,Light,Moderate (30-45 km/h),South
2514,2015-05-22,13.0,17.7,11.2,3.4,1.4,S,72,S,S,31,30,94,56,1016.9,1020.4,8,6,15.2,16.9,Yes,Yes,Yes,2015-05-23,True,1.0,0,0,2015,2,5,May,2015-05,Spring,15.35,4.7,0,1,Heavy,Gale (>60 km/h),South
2515,2015-05-23,10.2,19.0,24.4,5.6,8.6,SSW,44,W,S,26,22,69,50,1029.1,1028.1,3,3,11.8,17.9,Yes,No,No,2015-05-24,True,1.0,0,0,2015,2,5,May,2015-05,Spring,14.6,8.8,0,1,Heavy,Moderate (30-45 km/h),South
2516,2015-05-24,8.3,20.3,0.2,2.8,8.1,W,35,W,ESE,19,6,87,44,1032.3,1030.7,3,2,10.1,18.9,No,No,No,2015-05-25,True,1.0,0,0,2015,2,5,May,2015-05,Spring,14.3,12.0,0,0,Light,Moderate (30-45 km/h),West
2517,2015-05-25,9.4,19.5,0.0,2.6,6.0,W,26,WNW,NNW,11,7,84,52,1032.2,1028.5,7,7,11.4,18.2,No,No,No,2015-05-26,True,1.0,0,0,2015,2,5,May,2015-05,Spring,14.45,10.1,0,0,None,Light (<30 km/h),West
2518,2015-05-26,8.5,19.0,0.0,2.0,5.9,WNW,30,W,SSE,24,9,77,55,1030.0,1026.6,3,7,10.4,17.9,No,No,No,2015-05-27,True,1.0,0,0,2015,2,5,May,2015-05,Spring,13.75,10.5,0,0,None,Moderate (30-45 km/h),West
2519,2015-05-27,10.4,21.6,0.0,3.2,8.3,W,26,W,WNW,15,9,69,40,1025.4,1021.6,6,6,13.1,20.5,No,No,No,2015-05-28,True,1.0,0,0,2015,2,5,May,2015-05,Spring,16.0,11.2,0,0,None,Light (<30 km/h),West
2520,2015-05-28,11.7,21.0,0.0,1.4,7.6,NNW,24,WNW,ENE,11,4,82,60,1023.6,1020.2,1,5,13.6,20.3,No,No,No,2015-05-29,True,1.0,0,0,2015,2,5,May,2015-05,Spring,16.35,9.3,0,0,None,Light (<30 km/h),North
2521,2015-05-29,13.6,19.2,0.0,2.0,0.6,NW,26,W,WNW,9,7,79,65,1020.6,1020.1,8,6,17.3,18.7,No,No,No,2015-05-30,True,1.0,0,0,2015,2,5,May,2015-05,Spring,16.4,5.6,0,0,None,Light (<30 km/h),North
2522,2015-05-30,11.1,18.3,0.2,2.4,1.1,W,28,WNW,WNW,11,9,84,52,1022.0,1017.8,7,7,13.1,17.0,No,No,No,2015-05-31,True,1.0,0,0,2015,2,5,May,2015-05,Spring,14.7,7.2,0,0,Light,Light (<30 km/h),West
2523,2015-05-31,11.5,15.0,0.0,3.4,0.0,W,30,WNW,NW,11,13,78,59,1016.5,1012.3,8,7,12.1,14.5,No,No,No,2015-06-01,True,1.0,0,0,2015,2,5,May,2015-05,Spring,13.25,3.5,0,0,None,Moderate (30-45 km/h),West
2524,2015-06-01,10.1,15.9,0.0,0.4,8.6,WSW,63,WSW,SW,28,26,47,25,1014.7,1016.7,5,2,13.4,14.8,No,No,No,2015-06-02,True,1.0,0,0,2015,2,6,Jun,2015-06,Summer,13.0,5.8,0,0,None,Gale (>60 km/h),West
2525,2015-06-02,6.1,16.6,0.2,4.6,9.1,WSW,50,WSW,S,31,20,47,41,1023.8,1022.4,1,1,9.5,15.6,No,No,No,2015-06-03,True,1.0,0,0,2015,2,6,Jun,2015-06,Summer,11.35,10.5,0,0,Light,Strong (45-60 km/h),West
2526,2015-06-03,6.1,18.4,0.0,3.2,8.8,W,35,W,SSW,22,11,64,56,1023.2,1020.7,1,6,8.8,15.6,No,No,No,2015-06-04,True,1.0,0,0,2015,2,6,Jun,2015-06,Summer,12.25,12.3,0,0,None,Moderate (30-45 km/h),West
2527,2015-06-04,7.4,19.0,0.0,1.2,9.0,W,33,WNW,ENE,17,9,82,53,1022.0,1017.8,3,2,8.9,17.5,No,No,No,2015-06-05,True,1.0,0,0,2015,2,6,Jun,2015-06,Summer,13.2,11.6,0,0,None,Moderate (30-45 km/h),West
2528,2015-06-05,8.9,17.7,0.0,4.0,6.9,W,33,WSW,SSW,19,7,69,42,1019.3,1019.3,7,1,10.2,16.8,No,No,No,2015-06-06,True,1.0,0,0,2015,2,6,Jun,2015-06,Summer,13.3,8.8,0,0,None,Moderate (30-45 km/h),West
2529,2015-06-06,10.1,21.0,1.0,1.8,6.1,W,28,W,W,20,4,66,45,1028.3,1027.0,2,1,11.9,20.6,No,No,No,2015-06-07,True,1.0,0,0,2015,2,6,Jun,2015-06,Summer,15.55,10.9,0,1,Light,Light (<30 km/h),West
2530,2015-06-07,9.3,22.6,0.0,2.2,9.5,NW,24,W,N,17,15,89,43,1029.0,1024.1,1,5,10.8,21.3,No,No,No,2015-06-08,True,1.0,0,0,2015,2,6,Jun,2015-06,Summer,15.95,13.3,0,0,None,Light (<30 km/h),North
2531,2015-06-08,10.8,22.9,0.0,2.8,8.1,WNW,52,WNW,WNW,15,19,67,36,1024.5,1019.5,5,1,14.8,22.5,No,No,No,2015-06-09,True,1.0,0,0,2015,2,6,Jun,2015-06,Summer,16.85,12.1,0,0,None,Strong (45-60 km/h),West
2532,2015-06-09,13.6,22.6,0.0,4.0,6.5,NNW,30,WNW,WSW,13,19,57,29,1020.7,1019.5,6,5,17.1,21.9,No,Yes,Yes,2015-06-10,True,1.0,0,0,2015,2,6,Jun,2015-06,Summer,18.1,9.0,0,0,None,Moderate (30-45 km/h),North
2533,2015-06-10,12.8,14.6,2.0,3.0,0.0,SSE,31,W,SSW,11,9,94,92,1031.1,1031.2,7,7,12.9,14.2,Yes,Yes,Yes,2015-06-11,True,1.0,0,0,2015,2,6,Jun,2015-06,Summer,13.7,1.8,0,1,Light,Moderate (30-45 km/h),South
2534,2015-06-11,11.7,16.1,6.6,0.6,0.2,W,24,W,N,9,4,83,69,1036.8,1034.4,7,7,13.3,15.9,Yes,No,No,2015-06-12,True,1.0,0,0,2015,2,6,Jun,2015-06,Summer,13.9,4.4,0,1,Moderate,Light (<30 km/h),West
2535,2015-06-12,12.6,19.4,0.4,1.4,0.7,W,24,W,NNW,13,4,88,57,1034.6,1031.5,7,6,13.5,19.2,No,No,No,2015-06-13,True,1.0,0,0,2015,2,6,Jun,2015-06,Summer,16.0,6.8,0,0,Light,Light (<30 km/h),West
2536,2015-06-13,13.1,19.7,0.0,2.4,4.5,NNW,33,W,NNW,17,11,85,46,1031.3,1027.1,7,7,13.8,19.0,No,No,No,2015-06-14,True,1.0,0,0,2015,2,6,Jun,2015-06,Summer,16.4,6.6,0,0,None,Moderate (30-45 km/h),North
2537,2015-06-14,9.5,19.9,0.0,2.0,8.3,WSW,24,W,E,19,6,88,52,1028.5,1025.7,4,3,11.2,18.6,No,No,No,2015-06-15,True,1.0,0,0,2015,2,6,Jun,2015-06,Summer,14.7,10.4,0,0,None,Light (<30 km/h),West
2538,2015-06-15,10.9,16.9,0.2,4.0,0.6,NE,39,WNW,W,13,9,85,79,1027.8,1025.2,7,7,12.9,16.4,No,Yes,Yes,2015-06-16,True,1.0,0,0,2015,2,6,Jun,2015-06,Summer,13.9,6.0,0,0,Light,Moderate (30-45 km/h),North
2539,2015-06-16,12.9,17.9,2.6,4.8,0.3,WNW,24,N,NNE,9,7,85,94,1022.8,1018.3,7,7,16.5,15.8,Yes,Yes,Yes,2015-06-17,True,1.0,0,0,2015,2,6,Jun,2015-06,Summer,15.4,5.0,0,1,Moderate,Light (<30 km/h),West
2540,2015-06-17,14.7,17.6,10.8,0.6,0.0,NW,30,N,W,9,7,95,92,1012.5,1009.1,8,8,16.0,16.4,Yes,Yes,Yes,2015-06-18,True,1.0,0,0,2015,2,6,Jun,2015-06,Summer,16.15,2.9,0,1,Heavy,Moderate (30-45 km/h),North
2541,2015-06-18,11.4,17.4,2.2,1.0,0.8,W,39,W,SSW,17,13,80,84,1014.4,1013.6,7,7,13.5,15.8,Yes,Yes,Yes,2015-06-19,True,1.0,0,0,2015,2,6,Jun,2015-06,Summer,14.4,6.0,0,1,Light,Moderate (30-45 km/h),West
2542,2015-06-19,9.6,14.5,67.0,4.8,2.5,W,41,W,SSW,24,20,98,88,1017.2,1017.5,7,7,9.9,12.5,Yes,Yes,Yes,2015-06-20,True,1.0,0,1,2015,2,6,Jun,2015-06,Summer,12.05,4.9,0,1,Extreme,Moderate (30-45 km/h),West
2543,2015-06-20,8.3,16.6,7.2,2.2,8.6,W,41,W,SSW,15,13,76,59,1024.1,1023.4,2,7,9.8,14.1,Yes,Yes,Yes,2015-06-21,True,1.0,0,0,2015,2,6,Jun,2015-06,Summer,12.45,8.3,0,1,Moderate,Moderate (30-45 km/h),West
2544,2015-06-21,8.5,14.1,1.2,2.2,0.0,W,33,W,SSW,20,11,90,88,1028.7,1027.6,7,7,9.1,13.7,Yes,Yes,Yes,2015-06-22,True,1.0,0,0,2015,2,6,Jun,2015-06,Summer,11.3,5.6,0,1,Light,Moderate (30-45 km/h),West
2545,2015-06-22,8.0,19.2,3.0,0.6,7.7,W,22,WNW,NNE,13,7,94,45,1029.6,1026.1,1,7,9.3,17.5,Yes,No,No,2015-06-23,True,1.0,0,0,2015,2,6,Jun,2015-06,Summer,13.6,11.2,0,1,Moderate,Light (<30 km/h),West
2546,2015-06-23,8.0,20.3,0.0,2.0,8.1,NNW,26,W,NNE,13,9,85,47,1026.5,1023.3,1,4,10.2,18.7,No,No,No,2015-06-24,True,1.0,0,0,2015,2,6,Jun,2015-06,Summer,14.15,12.3,0,0,None,Light (<30 km/h),North
2547,2015-06-24,10.2,21.3,0.0,3.0,6.5,W,24,W,ESE,11,6,82,41,1023.2,1019.9,5,7,13.2,20.0,No,No,No,2015-06-25,True,1.0,0,0,2015,2,6,Jun,2015-06,Summer,15.75,11.1,0,0,None,Light (<30 km/h),West
2548,2015-06-25,12.7,19.4,0.0,2.4,4.2,SSE,37,W,SSE,19,20,77,74,1023.3,1023.5,6,7,15.2,17.6,No,Yes,Yes,2015-06-26,True,1.0,0,0,2015,2,6,Jun,2015-06,Summer,16.05,6.7,0,0,None,Moderate (30-45 km/h),South
2549,2015-06-26,10.1,19.2,6.2,2.0,7.2,W,26,WNW,NNE,19,2,85,40,1032.9,1031.1,1,3,11.7,18.7,Yes,No,No,2015-06-27,True,1.0,0,0,2015,2,6,Jun,2015-06,Summer,14.65,9.1,0,1,Moderate,Light (<30 km/h),West
2550,2015-06-27,8.3,19.4,0.0,1.8,9.7,W,26,WNW,W,15,11,87,44,1032.6,1029.2,0,1,9.7,19.0,No,No,No,2015-06-28,True,1.0,0,0,2015,2,6,Jun,2015-06,Summer,13.85,11.1,0,0,None,Light (<30 km/h),West
2551,2015-06-28,7.4,19.6,0.0,2.6,9.5,W,28,W,ESE,20,9,73,53,1032.9,1030.9,0,1,9.3,18.5,No,No,No,2015-06-29,True,1.0,0,0,2015,2,6,Jun,2015-06,Summer,13.5,12.2,0,0,None,Light (<30 km/h),West
2552,2015-06-29,9.3,19.5,0.0,1.0,5.1,W,22,W,E,19,9,84,54,1033.4,1030.0,7,6,11.0,17.8,No,No,No,2015-06-30,True,1.0,0,0,2015,2,6,Jun,2015-06,Summer,14.4,10.2,0,0,None,Light (<30 km/h),West
2553,2015-06-30,9.0,19.1,0.0,1.2,4.3,W,28,W,ENE,22,7,94,56,1029.4,1025.0,7,5,10.7,17.9,No,No,No,2015-07-01,True,1.0,0,0,2015,2,6,Jun,2015-06,Summer,14.05,10.1,0,0,None,Light (<30 km/h),West
2554,2015-07-01,10.7,17.5,1.0,0.6,8.7,W,33,W,NW,19,9,85,37,1026.2,1022.6,5,1,12.0,17.4,No,No,No,2015-07-02,True,1.0,0,0,2015,3,7,Jul,2015-07,Summer,14.1,6.8,0,1,Light,Moderate (30-45 km/h),West
2555,2015-07-02,7.0,16.4,0.0,3.0,8.1,WSW,65,W,WSW,22,33,70,40,1020.0,1016.8,7,1,8.4,16.1,No,No,No,2015-07-03,True,1.0,0,0,2015,3,7,Jul,2015-07,Summer,11.7,9.4,0,0,None,Gale (>60 km/h),West
2556,2015-07-03,6.2,16.2,0.0,4.0,9.3,W,44,W,SSE,26,15,55,46,1026.5,1024.6,1,1,8.1,15.9,No,No,No,2015-07-04,True,1.0,0,0,2015,3,7,Jul,2015-07,Summer,11.2,10.0,0,0,None,Moderate (30-45 km/h),West
2557,2015-07-04,5.8,16.1,0.0,0.2,6.8,W,31,WNW,WNW,13,11,82,31,1022.7,1020.3,6,2,7.6,15.5,No,No,No,2015-07-05,True,1.0,0,0,2015,3,7,Jul,2015-07,Summer,10.95,10.3,0,0,None,Moderate (30-45 km/h),West
2558,2015-07-05,6.0,18.6,0.0,1.6,9.3,W,30,W,ESE,20,4,66,35,1022.2,1018.0,1,1,7.7,16.6,No,No,No,2015-07-06,True,1.0,0,0,2015,3,7,Jul,2015-07,Summer,12.3,12.6,0,0,None,Moderate (30-45 km/h),West
2559,2015-07-06,6.0,17.3,0.0,3.2,9.5,W,37,WNW,W,17,22,58,34,1016.3,1013.3,1,1,8.6,17.1,No,No,No,2015-07-07,True,1.0,0,0,2015,3,7,Jul,2015-07,Summer,11.65,11.3,0,0,None,Moderate (30-45 km/h),West
2560,2015-07-07,7.8,14.7,0.0,3.2,2.7,SSW,43,W,SSW,24,11,58,85,1019.8,1021.7,5,8,11.2,11.8,No,Yes,Yes,2015-07-08,True,1.0,0,0,2015,3,7,Jul,2015-07,Summer,11.25,6.9,0,0,None,Moderate (30-45 km/h),South
2561,2015-07-08,7.9,16.5,5.6,0.6,6.3,SSE,31,W,SSE,22,17,86,64,1028.7,1027.6,6,4,8.4,13.7,Yes,No,No,2015-07-09,True,1.0,0,0,2015,3,7,Jul,2015-07,Summer,12.2,8.6,0,1,Moderate,Moderate (30-45 km/h),South
2562,2015-07-09,6.6,17.6,0.0,2.0,9.6,W,24,WNW,E,19,7,92,46,1030.8,1026.9,1,1,8.3,16.4,No,No,No,2015-07-10,True,1.0,0,0,2015,3,7,Jul,2015-07,Summer,12.1,11.0,0,0,None,Light (<30 km/h),West
2563,2015-07-10,7.3,16.9,0.0,1.2,3.2,W,43,W,WNW,13,13,92,61,1022.6,1019.0,4,7,9.4,16.0,No,No,No,2015-07-11,True,1.0,0,0,2015,3,7,Jul,2015-07,Summer,12.1,9.6,0,0,None,Moderate (30-45 km/h),West
2564,2015-07-11,6.6,19.9,0.8,1.4,9.3,WNW,61,W,NNW,20,17,100,48,1015.4,1009.4,0,1,7.2,19.2,No,Yes,Yes,2015-07-12,True,1.0,0,0,2015,3,7,Jul,2015-07,Summer,13.25,13.3,0,0,Light,Gale (>60 km/h),West
2565,2015-07-12,7.1,15.1,2.2,2.8,4.0,WNW,57,WNW,WNW,22,33,60,42,1003.6,1001.5,7,2,9.8,13.1,Yes,Yes,Yes,2015-07-13,True,1.0,0,0,2015,3,7,Jul,2015-07,Summer,11.1,8.0,0,1,Light,Strong (45-60 km/h),West
2566,2015-07-13,8.1,16.9,4.8,4.8,5.5,WSW,76,W,WSW,15,39,96,41,1000.9,1002.9,7,1,8.6,16.5,Yes,No,No,2015-07-14,True,1.0,0,0,2015,3,7,Jul,2015-07,Summer,12.5,8.8,0,1,Moderate,Gale (>60 km/h),West
2567,2015-07-14,8.6,17.6,0.6,2.0,8.3,WSW,44,W,W,13,17,62,31,1011.5,1010.4,1,4,11.5,17.6,No,No,No,2015-07-15,True,1.0,0,0,2015,3,7,Jul,2015-07,Summer,13.1,9.0,0,0,Light,Moderate (30-45 km/h),West
2568,2015-07-15,6.2,16.8,0.2,3.4,9.6,WNW,24,W,ENE,9,13,62,42,1018.1,1016.1,1,3,8.7,14.9,No,No,No,2015-07-16,True,1.0,0,0,2015,3,7,Jul,2015-07,Summer,11.5,10.6,0,0,Light,Light (<30 km/h),West
2569,2015-07-16,8.3,13.4,0.2,3.4,2.6,NW,43,SSW,W,13,13,91,68,1016.8,1013.7,7,6,10.3,12.9,No,Yes,Yes,2015-07-17,True,1.0,0,0,2015,3,7,Jul,2015-07,Summer,10.85,5.1,0,0,Light,Moderate (30-45 km/h),North
2570,2015-07-17,6.2,14.3,17.2,0.0,1.7,SSW,57,W,SW,26,26,95,51,1010.1,1012.9,8,7,6.7,13.5,Yes,Yes,Yes,2015-07-18,True,1.0,0,0,2015,3,7,Jul,2015-07,Summer,10.25,8.1,0,1,Heavy,Strong (45-60 km/h),South
2571,2015-07-18,6.6,14.6,9.0,3.0,4.3,SSW,48,WNW,SSW,19,28,58,78,1025.6,1027.2,3,7,10.4,11.8,Yes,No,No,2015-07-19,True,1.0,0,0,2015,3,7,Jul,2015-07,Summer,10.6,8.0,0,1,Moderate,Strong (45-60 km/h),South
2572,2015-07-19,7.8,16.7,0.6,2.0,9.0,W,33,W,S,17,17,84,55,1032.6,1031.1,3,2,10.3,15.8,No,No,No,2015-07-20,True,1.0,0,0,2015,3,7,Jul,2015-07,Summer,12.25,8.9,0,0,Light,Moderate (30-45 km/h),West
2573,2015-07-20,7.8,17.9,0.0,1.6,4.2,W,26,W,SE,20,15,84,64,1034.6,1032.1,3,6,10.0,15.9,No,Yes,Yes,2015-07-21,True,1.0,0,0,2015,3,7,Jul,2015-07,Summer,12.85,10.1,0,0,None,Light (<30 km/h),West
2574,2015-07-21,8.2,19.3,3.0,0.8,9.9,NNE,33,WNW,NE,17,15,93,54,1033.1,1029.3,1,1,9.9,18.3,Yes,No,No,2015-07-22,True,1.0,0,0,2015,3,7,Jul,2015-07,Summer,13.75,11.1,0,1,Moderate,Moderate (30-45 km/h),North
2575,2015-07-22,9.9,16.9,0.0,4.0,0.9,N,28,SE,NNW,2,17,71,57,1027.4,1025.0,7,7,13.4,16.5,No,Yes,Yes,2015-07-23,True,1.0,0,0,2015,3,7,Jul,2015-07,Summer,13.4,7.0,0,0,None,Light (<30 km/h),North
2576,2015-07-23,11.2,19.1,1.8,0.8,2.2,W,28,W,ESE,24,9,96,70,1026.1,1023.4,8,7,12.0,16.4,Yes,No,No,2015-07-24,True,1.0,0,0,2015,3,7,Jul,2015-07,Summer,15.15,7.9,0,1,Light,Light (<30 km/h),West
2577,2015-07-24,11.6,20.0,0.0,2.0,3.7,NNW,33,W,E,13,9,95,58,1020.0,1014.5,7,7,12.9,18.6,No,No,No,2015-07-25,True,1.0,0,0,2015,3,7,Jul,2015-07,Summer,15.8,8.4,0,0,None,Moderate (30-45 km/h),North
2578,2015-07-25,10.8,20.8,0.0,2.6,10.1,NNW,31,NNW,WNW,11,15,50,29,1017.5,1015.8,1,1,14.3,20.5,No,No,No,2015-07-26,True,1.0,0,0,2015,3,7,Jul,2015-07,Summer,15.8,10.0,0,0,None,Moderate (30-45 km/h),North
2579,2015-07-26,11.0,20.2,0.0,4.6,9.3,NW,59,N,WNW,9,35,53,31,1017.0,1012.4,6,1,13.8,19.5,No,No,No,2015-07-27,True,1.0,0,0,2015,3,7,Jul,2015-07,Summer,15.6,9.2,0,0,None,Strong (45-60 km/h),North
2580,2015-07-27,7.3,15.7,0.0,5.0,10.1,W,63,W,WSW,20,26,41,28,1025.0,1024.5,1,1,10.2,15.2,No,No,No,2015-07-28,True,1.0,0,0,2015,3,7,Jul,2015-07,Summer,11.5,8.4,0,0,None,Gale (>60 km/h),West
2581,2015-07-28,6.4,17.3,0.0,4.8,9.6,W,41,WNW,S,24,19,56,40,1032.9,1030.8,1,2,9.6,16.6,No,No,No,2015-07-29,True,1.0,0,0,2015,3,7,Jul,2015-07,Summer,11.85,10.9,0,0,None,Moderate (30-45 km/h),West
2582,2015-07-29,8.1,18.4,0.0,4.8,8.5,W,41,W,ESE,20,11,70,50,1035.0,1030.2,3,1,9.3,16.4,No,No,No,2015-07-30,True,1.0,0,0,2015,3,7,Jul,2015-07,Summer,13.25,10.3,0,0,None,Moderate (30-45 km/h),West
2583,2015-07-30,8.2,20.5,0.0,1.0,7.6,W,41,W,E,11,19,80,30,1026.3,1020.1,5,5,10.7,19.2,No,No,No,2015-07-31,True,1.0,0,0,2015,3,7,Jul,2015-07,Summer,14.35,12.3,0,0,None,Moderate (30-45 km/h),West
2584,2015-07-31,10.7,21.0,0.0,4.8,9.5,W,41,N,WNW,6,9,49,31,1021.4,1019.5,2,1,14.7,20.4,No,No,No,2015-08-01,True,1.0,0,0,2015,3,7,Jul,2015-07,Summer,15.85,10.3,0,0,None,Moderate (30-45 km/h),West
2585,2015-08-01,9.4,22.3,0.0,3.4,9.2,WNW,61,NW,NW,15,28,54,28,1018.6,1015.6,6,6,14.3,20.7,No,No,No,2015-08-02,True,1.0,0,0,2015,3,8,Aug,2015-08,Summer,15.85,12.9,0,0,None,Gale (>60 km/h),West
2586,2015-08-02,14.3,24.7,0.0,5.4,7.8,WNW,43,WNW,NW,9,20,51,30,1015.1,1010.4,5,5,16.9,23.8,No,No,No,2015-08-03,True,1.0,0,0,2015,3,8,Aug,2015-08,Summer,19.5,10.4,0,0,None,Moderate (30-45 km/h),West
2587,2015-08-03,8.4,19.4,0.0,5.4,10.1,WSW,57,WNW,WSW,20,17,48,29,1015.2,1013.7,1,1,11.7,19.0,No,No,No,2015-08-04,True,1.0,0,0,2015,3,8,Aug,2015-08,Summer,13.9,11.0,0,0,None,Strong (45-60 km/h),West
2588,2015-08-04,8.3,15.1,0.0,3.8,4.6,WSW,33,W,SSE,19,2,57,42,1023.0,1018.9,7,4,8.9,14.4,No,No,No,2015-08-05,True,1.0,0,0,2015,3,8,Aug,2015-08,Summer,11.7,6.8,0,0,None,Moderate (30-45 km/h),West
2589,2015-08-05,5.0,14.2,0.0,0.6,4.8,W,48,WNW,WNW,20,19,46,46,1014.5,1010.3,6,6,9.4,13.0,No,No,No,2015-08-06,True,1.0,0,0,2015,3,8,Aug,2015-08,Summer,9.6,9.2,0,0,None,Strong (45-60 km/h),West
2590,2015-08-06,6.8,16.4,0.0,3.8,8.5,WSW,37,WNW,S,22,11,53,39,1016.5,1016.7,3,7,9.5,14.3,No,No,No,2015-08-07,True,1.0,0,0,2015,3,8,Aug,2015-08,Summer,11.6,9.6,0,0,None,Moderate (30-45 km/h),West
2591,2015-08-07,6.7,18.5,0.0,2.8,10.1,WNW,33,W,SSE,26,17,60,40,1024.0,1021.0,1,2,10.0,16.1,No,No,No,2015-08-08,True,1.0,0,0,2015,3,8,Aug,2015-08,Summer,12.6,11.8,0,0,None,Moderate (30-45 km/h),West
2592,2015-08-08,7.9,17.5,0.0,2.6,8.9,SSW,33,WNW,SSE,19,24,63,44,1024.7,1022.5,5,1,11.0,16.3,No,No,No,2015-08-09,True,1.0,0,0,2015,3,8,Aug,2015-08,Summer,12.7,9.6,0,0,None,Moderate (30-45 km/h),South
2593,2015-08-09,6.2,17.6,0.0,1.8,9.5,W,30,W,E,20,13,68,56,1024.8,1019.6,1,1,9.1,16.3,No,No,No,2015-08-10,True,1.0,0,0,2015,3,8,Aug,2015-08,Summer,11.9,11.4,0,0,None,Moderate (30-45 km/h),West
2594,2015-08-10,8.6,20.6,0.0,2.6,10.2,NNE,33,W,E,13,20,66,41,1017.7,1012.9,1,1,11.8,18.8,No,No,No,2015-08-11,True,1.0,0,0,2015,3,8,Aug,2015-08,Summer,14.6,12.0,0,0,None,Moderate (30-45 km/h),North
2595,2015-08-11,9.8,21.0,0.0,5.0,10.5,W,30,W,WNW,17,9,52,27,1014.6,1011.1,1,1,13.3,20.4,No,No,No,2015-08-12,True,1.0,0,0,2015,3,8,Aug,2015-08,Summer,15.4,11.2,0,0,None,Moderate (30-45 km/h),West
2596,2015-08-12,8.4,17.5,0.0,3.8,8.7,NW,74,W,WNW,19,28,54,37,1007.9,1004.0,1,1,11.1,16.2,No,No,No,2015-08-13,True,1.0,0,0,2015,3,8,Aug,2015-08,Summer,12.95,9.1,0,0,None,Gale (>60 km/h),North
2597,2015-08-13,9.4,19.8,0.0,4.8,10.5,WSW,48,WSW,SW,28,17,50,23,1014.9,1014.7,1,1,12.3,19.3,No,No,No,2015-08-14,True,1.0,0,0,2015,3,8,Aug,2015-08,Summer,14.6,10.4,0,0,None,Strong (45-60 km/h),West
2598,2015-08-14,7.9,20.4,0.0,4.0,10.5,WSW,30,W,E,15,19,55,38,1025.1,1023.4,1,1,11.8,18.0,No,No,No,2015-08-15,True,1.0,0,0,2015,3,8,Aug,2015-08,Summer,14.15,12.5,0,0,None,Moderate (30-45 km/h),West
2599,2015-08-15,8.2,18.1,0.0,3.0,7.3,W,30,WNW,SSE,20,19,63,61,1030.5,1028.8,3,5,12.4,17.0,No,No,No,2015-08-16,True,1.0,0,0,2015,3,8,Aug,2015-08,Summer,13.15,9.9,0,0,None,Moderate (30-45 km/h),West
2600,2015-08-16,10.5,19.8,0.0,3.0,9.2,NW,28,W,NE,13,15,70,63,1027.4,1021.4,5,4,14.0,17.4,No,Yes,Yes,2015-08-17,True,1.0,0,0,2015,3,8,Aug,2015-08,Summer,15.15,9.3,0,0,None,Light (<30 km/h),North
2601,2015-08-17,9.3,20.5,5.6,2.8,10.4,WSW,46,W,NW,13,13,53,29,1017.1,1013.3,3,1,13.4,20.4,Yes,No,No,2015-08-18,True,1.0,0,0,2015,3,8,Aug,2015-08,Summer,14.9,11.2,0,1,Moderate,Strong (45-60 km/h),West
2602,2015-08-18,10.9,16.2,0.0,4.4,10.4,SW,39,WSW,SSE,20,19,40,46,1020.8,1021.0,1,2,12.6,14.7,No,No,No,2015-08-19,True,1.0,0,0,2015,3,8,Aug,2015-08,Summer,13.55,5.3,0,0,None,Moderate (30-45 km/h),South
2603,2015-08-19,9.0,17.0,0.0,3.6,6.6,WNW,24,W,E,17,13,58,54,1027.2,1025.0,3,6,12.5,16.4,No,No,No,2015-08-20,True,1.0,0,0,2015,3,8,Aug,2015-08,Summer,13.0,8.0,0,0,None,Light (<30 km/h),West
2604,2015-08-20,8.2,18.9,0.0,2.6,9.8,NE,31,WNW,NE,11,20,71,59,1028.3,1025.0,1,1,12.1,18.7,No,No,No,2015-08-21,True,1.0,0,0,2015,3,8,Aug,2015-08,Summer,13.55,10.7,0,0,None,Moderate (30-45 km/h),North
2605,2015-08-21,9.4,21.0,0.0,3.8,9.4,NNE,31,WNW,NE,13,15,73,63,1025.8,1021.2,0,7,13.0,19.8,No,No,No,2015-08-22,True,1.0,0,0,2015,3,8,Aug,2015-08,Summer,15.2,11.6,0,0,None,Moderate (30-45 km/h),North
2606,2015-08-22,12.9,28.3,0.0,4.2,9.4,NNW,33,N,N,19,11,45,32,1021.0,1016.2,2,5,19.8,26.9,No,Yes,Yes,2015-08-23,True,1.0,0,0,2015,3,8,Aug,2015-08,Summer,20.6,15.4,0,0,None,Moderate (30-45 km/h),North
2607,2015-08-23,15.4,18.5,2.4,6.4,0.2,NNW,22,N,NNW,7,7,85,73,1021.8,1018.4,7,7,15.6,17.9,Yes,Yes,Yes,2015-08-24,True,1.0,0,0,2015,3,8,Aug,2015-08,Summer,16.95,3.1,0,1,Light,Light (<30 km/h),North
2608,2015-08-24,15.1,17.4,4.2,1.8,0.6,E,59,S,SSE,17,9,90,95,1018.4,1015.0,8,7,16.3,16.4,Yes,Yes,Yes,2015-08-25,True,1.0,0,0,2015,3,8,Aug,2015-08,Summer,16.25,2.3,0,1,Moderate,Strong (45-60 km/h),East
2609,2015-08-25,12.5,19.9,54.4,5.0,4.4,NW,56,WNW,W,22,20,66,53,1013.4,1012.8,7,7,16.1,18.7,Yes,Yes,Yes,2015-08-26,True,1.0,0,1,2015,3,8,Aug,2015-08,Summer,16.2,7.4,0,1,Extreme,Strong (45-60 km/h),North
2610,2015-08-26,12.3,20.2,5.2,2.8,6.3,SSW,28,SSE,S,13,13,80,59,1018.1,1017.8,7,7,16.3,18.9,Yes,No,No,2015-08-27,True,1.0,0,0,2015,3,8,Aug,2015-08,Summer,16.25,7.9,0,1,Moderate,Light (<30 km/h),South
2611,2015-08-27,11.6,20.5,0.0,3.0,4.3,W,52,W,NW,9,17,87,44,1019.7,1015.1,7,6,15.1,20.1,No,No,No,2015-08-28,True,1.0,0,0,2015,3,8,Aug,2015-08,Summer,16.05,8.9,0,0,None,Strong (45-60 km/h),West
2612,2015-08-28,10.6,20.8,0.0,2.8,9.2,WSW,48,W,S,22,20,48,43,1019.8,1018.9,3,5,14.6,18.5,No,No,No,2015-08-29,True,1.0,0,0,2015,3,8,Aug,2015-08,Summer,15.7,10.2,0,0,None,Strong (45-60 km/h),West
2613,2015-08-29,9.0,20.3,0.0,4.2,10.8,WSW,30,W,WNW,13,15,60,31,1022.7,1017.9,1,2,13.0,20.1,No,No,No,2015-08-30,True,1.0,0,0,2015,3,8,Aug,2015-08,Summer,14.65,11.3,0,0,None,Moderate (30-45 km/h),West
2614,2015-08-30,8.3,18.7,0.0,3.6,10.8,SSW,39,WNW,S,20,22,52,44,1020.3,1017.5,1,3,12.1,18.1,No,No,No,2015-08-31,True,1.0,0,0,2015,3,8,Aug,2015-08,Summer,13.5,10.4,0,0,None,Moderate (30-45 km/h),South
2615,2015-08-31,9.6,19.7,0.0,4.8,10.9,SSE,35,WSW,SSE,15,22,48,39,1017.3,1013.8,1,2,13.9,18.4,No,No,No,2015-09-01,True,1.0,0,0,2015,3,8,Aug,2015-08,Summer,14.65,10.1,0,0,None,Moderate (30-45 km/h),South
2616,2015-09-01,9.0,19.7,0.0,3.2,10.8,W,31,W,ESE,17,13,50,39,1015.8,1013.3,1,1,12.7,17.0,No,No,No,2015-09-02,True,1.0,0,0,2015,3,9,Sep,2015-09,Autumn,14.35,10.7,0,0,None,Moderate (30-45 km/h),West
2617,2015-09-02,8.0,18.8,0.0,4.0,10.4,WNW,31,W,ENE,11,19,61,46,1018.0,1012.0,5,1,11.9,18.6,No,Yes,Yes,2015-09-03,True,1.0,0,0,2015,3,9,Sep,2015-09,Autumn,13.4,10.8,0,0,None,Moderate (30-45 km/h),West
2618,2015-09-03,11.2,20.8,2.8,5.6,8.0,SW,52,WNW,WSW,20,24,69,28,1006.0,1005.6,3,6,14.4,20.6,Yes,Yes,Yes,2015-09-04,True,1.0,0,0,2015,3,9,Sep,2015-09,Autumn,16.0,9.6,0,1,Moderate,Strong (45-60 km/h),South
2619,2015-09-04,12.5,19.5,20.4,4.0,5.7,S,48,SSW,S,19,20,92,54,1021.5,1020.5,7,2,13.7,18.3,Yes,No,No,2015-09-05,True,1.0,0,0,2015,3,9,Sep,2015-09,Autumn,16.0,7.0,0,1,Heavy,Strong (45-60 km/h),South
2620,2015-09-05,11.5,21.7,0.0,2.8,9.3,ESE,37,WNW,SE,17,24,68,53,1022.3,1019.6,1,5,15.2,18.7,No,No,No,2015-09-06,True,1.0,0,0,2015,3,9,Sep,2015-09,Autumn,16.6,10.2,0,0,None,Moderate (30-45 km/h),East
2621,2015-09-06,12.7,17.5,0.4,5.4,1.0,ENE,24,NNE,ENE,11,6,84,68,1024.9,1021.9,7,7,14.6,16.0,No,No,No,2015-09-07,True,1.0,0,0,2015,3,9,Sep,2015-09,Autumn,15.1,4.8,0,0,Light,Light (<30 km/h),East
2622,2015-09-07,11.1,24.9,0.2,0.6,9.3,W,54,W,W,9,15,62,32,1018.3,1013.3,2,4,17.4,22.7,No,No,No,2015-09-08,True,1.0,0,0,2015,3,9,Sep,2015-09,Autumn,18.0,13.8,0,0,Light,Strong (45-60 km/h),West
2623,2015-09-08,10.0,20.0,0.0,6.8,11.0,W,52,WSW,W,30,24,42,32,1018.8,1015.7,1,2,13.3,19.7,No,No,No,2015-09-09,True,1.0,0,0,2015,3,9,Sep,2015-09,Autumn,15.0,10.0,0,0,None,Strong (45-60 km/h),West
2624,2015-09-09,9.8,20.2,0.0,5.0,10.9,W,41,W,SSE,20,17,48,39,1023.1,1022.0,1,1,15.4,18.9,No,No,No,2015-09-10,True,1.0,0,0,2015,3,9,Sep,2015-09,Autumn,15.0,10.4,0,0,None,Moderate (30-45 km/h),West
2625,2015-09-10,11.3,19.6,0.0,4.8,6.5,SSW,37,WNW,SSE,13,15,59,41,1030.9,1029.8,1,7,15.5,18.9,No,No,No,2015-09-11,True,1.0,0,0,2015,3,9,Sep,2015-09,Autumn,15.45,8.3,0,0,None,Moderate (30-45 km/h),South
2626,2015-09-11,14.0,21.3,0.0,4.0,9.1,NNE,39,WNW,NE,11,24,56,44,1032.1,1027.6,1,0,17.6,20.5,No,No,No,2015-09-12,True,1.0,0,0,2015,3,9,Sep,2015-09,Autumn,17.65,7.3,0,0,None,Moderate (30-45 km/h),North
2627,2015-09-12,10.9,25.4,0.0,7.4,10.4,ENE,24,W,E,11,19,61,51,1028.5,1024.7,1,5,17.2,21.3,No,No,No,2015-09-13,True,1.0,0,0,2015,3,9,Sep,2015-09,Autumn,18.15,14.5,0,0,None,Light (<30 km/h),East
2628,2015-09-13,12.4,22.3,0.0,3.8,10.6,NNE,30,WNW,E,11,20,61,60,1028.5,1025.0,1,1,18.3,21.4,No,No,No,2015-09-14,True,1.0,0,0,2015,3,9,Sep,2015-09,Autumn,17.35,9.9,0,0,None,Moderate (30-45 km/h),North
2629,2015-09-14,15.3,23.6,0.0,5.0,10.7,NE,43,NNE,NE,17,24,58,59,1025.9,1020.5,1,1,20.7,21.4,No,No,No,2015-09-15,True,1.0,0,0,2015,3,9,Sep,2015-09,Autumn,19.45,8.3,0,0,None,Moderate (30-45 km/h),North
2630,2015-09-15,15.8,29.8,0.0,6.4,11.0,W,41,NNE,NNW,9,35,33,25,1015.4,1009.0,1,3,23.5,29.2,No,No,No,2015-09-16,True,1.0,0,0,2015,3,9,Sep,2015-09,Autumn,22.8,14.0,0,0,None,Moderate (30-45 km/h),West
2631,2015-09-16,12.4,21.1,0.0,10.2,10.2,ESE,37,W,ESE,19,26,42,60,1017.7,1015.0,2,3,17.2,19.3,No,No,No,2015-09-17,True,1.0,0,0,2015,3,9,Sep,2015-09,Autumn,16.75,8.7,0,0,None,Moderate (30-45 km/h),East
2632,2015-09-17,12.2,19.9,0.0,4.2,8.2,S,43,WNW,SE,9,28,53,57,1018.4,1018.3,3,7,18.0,17.7,No,Yes,Yes,2015-09-18,True,1.0,0,0,2015,3,9,Sep,2015-09,Autumn,16.05,7.7,0,0,None,Moderate (30-45 km/h),South
2633,2015-09-18,13.6,20.0,2.2,6.4,7.7,S,52,S,S,20,26,65,44,1026.2,1025.5,5,2,15.8,18.9,Yes,Yes,Yes,2015-09-19,True,1.0,0,0,2015,3,9,Sep,2015-09,Autumn,16.8,6.4,0,1,Light,Strong (45-60 km/h),South
2634,2015-09-19,12.5,19.5,10.8,5.4,7.3,E,33,W,ESE,17,24,88,54,1026.5,1023.9,7,6,14.7,18.1,Yes,No,No,2015-09-20,True,1.0,0,0,2015,3,9,Sep,2015-09,Autumn,16.0,7.0,0,1,Heavy,Moderate (30-45 km/h),East
2635,2015-09-20,12.5,18.6,0.4,4.0,3.4,ENE,37,W,E,11,13,62,72,1024.5,1021.7,5,7,16.6,17.4,No,No,No,2015-09-21,True,1.0,0,0,2015,3,9,Sep,2015-09,Autumn,15.55,6.1,0,0,Light,Moderate (30-45 km/h),East
2636,2015-09-21,12.4,22.5,0.2,1.6,10.4,SSW,35,W,NE,15,15,74,60,1019.9,1015.2,1,2,16.3,21.3,No,No,No,2015-09-22,True,1.0,0,0,2015,3,9,Sep,2015-09,Autumn,17.45,10.1,0,0,Light,Moderate (30-45 km/h),South
2637,2015-09-22,14.6,19.5,0.2,6.2,9.2,SSW,59,SW,S,24,37,36,47,1016.8,1017.5,3,2,18.7,17.8,No,No,No,2015-09-23,True,1.0,0,0,2015,3,9,Sep,2015-09,Autumn,17.05,4.9,0,0,Light,Strong (45-60 km/h),South
2638,2015-09-23,10.0,16.2,0.2,8.8,6.5,S,69,SSW,SSW,31,35,55,74,1025.5,1025.4,3,7,13.3,11.7,No,Yes,Yes,2015-09-24,True,1.0,0,0,2015,3,9,Sep,2015-09,Autumn,13.1,6.2,0,0,Light,Gale (>60 km/h),South
2639,2015-09-24,8.3,16.3,3.2,4.0,6.1,S,65,SSW,SSW,22,28,63,62,1025.6,1024.6,7,7,13.0,13.6,Yes,Yes,Yes,2015-09-25,True,1.0,0,0,2015,3,9,Sep,2015-09,Autumn,12.3,8.0,0,1,Moderate,Gale (>60 km/h),South
2640,2015-09-25,10.1,16.4,31.8,2.8,4.3,S,54,S,SSE,13,26,91,63,1029.3,1027.8,7,7,13.4,15.9,Yes,Yes,Yes,2015-09-26,True,1.0,0,0,2015,3,9,Sep,2015-09,Autumn,13.25,6.3,0,1,Heavy,Strong (45-60 km/h),South
2641,2015-09-26,11.1,20.1,3.4,4.4,7.7,S,43,W,SSE,22,24,86,48,1028.5,1025.4,6,3,14.4,18.4,Yes,Yes,Yes,2015-09-27,True,1.0,0,0,2015,3,9,Sep,2015-09,Autumn,15.6,9.0,0,1,Moderate,Moderate (30-45 km/h),South
2642,2015-09-27,12.3,19.2,3.6,3.8,6.2,SW,46,SW,S,20,20,70,51,1023.7,1021.1,7,7,15.3,18.3,Yes,No,No,2015-09-28,True,1.0,0,0,2015,3,9,Sep,2015-09,Autumn,15.75,6.9,0,1,Moderate,Strong (45-60 km/h),South
2643,2015-09-28,10.9,20.8,0.2,4.2,11.0,W,28,W,ESE,15,17,56,49,1021.1,1017.8,1,1,17.3,19.1,No,No,No,2015-09-29,True,1.0,0,0,2015,3,9,Sep,2015-09,Autumn,15.85,9.9,0,0,Light,Light (<30 km/h),West
2644,2015-09-29,11.9,23.4,0.0,5.8,3.4,NW,50,N,NE,15,17,58,55,1019.5,1015.8,0,1,19.1,21.7,No,No,No,2015-09-30,True,1.0,0,0,2015,3,9,Sep,2015-09,Autumn,17.65,11.5,0,0,None,Strong (45-60 km/h),North
2645,2015-09-30,16.7,21.4,0.0,5.6,6.4,SSE,33,SSE,ESE,17,20,57,62,1022.1,1021.4,7,7,21.0,18.7,No,No,No,2015-10-01,True,1.0,0,0,2015,3,9,Sep,2015-09,Autumn,19.05,4.7,0,0,None,Moderate (30-45 km/h),South
2646,2015-10-01,16.8,22.9,0.0,5.6,9.6,ENE,33,W,E,6,24,68,65,1026.4,1022.8,4,1,19.9,21.7,No,No,No,2015-10-02,True,1.0,0,0,2015,4,10,Oct,2015-10,Autumn,19.85,6.1,0,0,None,Moderate (30-45 km/h),East
2647,2015-10-02,16.5,23.0,0.0,4.8,10.5,SSE,33,NNW,ENE,4,24,57,57,1033.4,1031.8,1,1,21.3,21.1,No,No,No,2015-10-03,True,1.0,0,0,2015,4,10,Oct,2015-10,Autumn,19.75,6.5,0,0,None,Moderate (30-45 km/h),South
2648,2015-10-03,14.2,27.5,0.0,7.2,11.1,E,22,W,E,13,11,62,47,1030.6,1024.7,0,1,21.5,27.3,No,No,No,2015-10-04,True,1.0,0,0,2015,4,10,Oct,2015-10,Autumn,20.85,13.3,0,0,None,Light (<30 km/h),East
2649,2015-10-04,19.8,33.8,0.0,8.0,8.2,WSW,46,W,W,4,28,28,13,1023.4,1021.8,7,7,26.4,32.6,No,No,No,2015-10-05,True,1.0,0,0,2015,4,10,Oct,2015-10,Autumn,26.8,14.0,0,0,None,Strong (45-60 km/h),West
2650,2015-10-05,16.1,37.0,0.0,11.0,11.4,S,20,WNW,E,11,11,42,16,1024.0,1021.1,1,7,21.1,35.6,No,No,No,2015-10-06,True,1.0,0,0,2015,4,10,Oct,2015-10,Autumn,26.55,20.9,1,0,None,Light (<30 km/h),South
2651,2015-10-06,20.3,32.3,0.0,8.6,11.4,NNE,43,WNW,ENE,15,17,37,26,1023.2,1019.7,1,1,23.8,30.6,No,No,No,2015-10-07,True,1.0,0,0,2015,4,10,Oct,2015-10,Autumn,26.3,12.0,0,0,None,Moderate (30-45 km/h),North
2652,2015-10-07,19.7,21.5,0.0,13.2,1.3,SSW,67,SSE,SE,39,26,61,56,1029.6,1033.6,5,7,20.3,19.0,No,No,No,2015-10-08,True,1.0,0,0,2015,4,10,Oct,2015-10,Autumn,20.6,1.8,0,0,None,Gale (>60 km/h),South
2653,2015-10-08,17.0,21.1,0.0,6.6,2.2,ENE,35,ESE,E,13,20,53,57,1038.8,1036.0,7,7,18.5,19.9,No,No,No,2015-10-09,True,1.0,0,0,2015,4,10,Oct,2015-10,Autumn,19.05,4.1,0,0,None,Moderate (30-45 km/h),East
2654,2015-10-09,16.8,22.7,0.0,5.4,8.7,ENE,43,N,NE,15,24,51,51,1034.4,1029.7,7,5,20.1,22.0,No,No,No,2015-10-10,True,1.0,0,0,2015,4,10,Oct,2015-10,Autumn,19.75,5.9,0,0,None,Moderate (30-45 km/h),East
2655,2015-10-10,15.7,24.3,0.0,6.8,9.5,E,24,SE,E,2,17,62,60,1028.9,1025.8,1,4,21.2,22.3,No,No,No,2015-10-11,True,1.0,0,0,2015,4,10,Oct,2015-10,Autumn,20.0,8.6,0,0,None,Light (<30 km/h),East
2656,2015-10-11,15.0,24.3,0.0,5.6,6.4,W,41,WNW,ENE,9,11,77,65,1022.7,1018.6,6,7,18.7,21.4,No,Yes,Yes,2015-10-12,True,1.0,0,0,2015,4,10,Oct,2015-10,Autumn,19.65,9.3,0,0,None,Moderate (30-45 km/h),West
2657,2015-10-12,16.5,29.5,3.6,5.0,9.6,SSE,43,WSW,NE,11,19,50,55,1016.7,1012.4,1,6,22.7,23.4,Yes,Yes,Yes,2015-10-13,True,1.0,0,0,2015,4,10,Oct,2015-10,Autumn,23.0,13.0,0,1,Moderate,Moderate (30-45 km/h),South
2658,2015-10-13,17.5,20.4,1.6,7.8,0.8,SSW,37,S,ESE,20,20,82,77,1022.3,1022.3,4,8,18.3,19.8,Yes,Yes,Yes,2015-10-14,True,1.0,0,0,2015,4,10,Oct,2015-10,Autumn,18.95,2.9,0,1,Light,Moderate (30-45 km/h),South
2659,2015-10-14,16.9,23.3,3.4,1.4,8.3,NE,37,W,NE,6,20,75,60,1026.8,1025.2,7,1,20.1,22.7,Yes,No,No,2015-10-15,True,1.0,0,0,2015,4,10,Oct,2015-10,Autumn,20.1,6.4,0,1,Moderate,Moderate (30-45 km/h),North
2660,2015-10-15,16.3,24.0,0.0,7.0,12.0,NE,44,NNE,ENE,13,30,65,63,1026.2,1022.0,1,0,21.6,23.1,No,No,No,2015-10-16,True,1.0,0,0,2015,4,10,Oct,2015-10,Autumn,20.15,7.7,0,0,None,Moderate (30-45 km/h),North
2661,2015-10-16,17.3,27.5,0.0,6.8,11.9,NNE,43,ESE,E,6,20,60,52,1021.7,1018.7,0,1,23.3,27.3,No,No,No,2015-10-17,True,1.0,0,0,2015,4,10,Oct,2015-10,Autumn,22.4,10.2,0,0,None,Moderate (30-45 km/h),North
2662,2015-10-17,19.1,26.0,0.0,9.8,9.7,SSE,31,SSE,ESE,17,15,66,64,1023.1,1021.4,1,4,21.5,23.0,No,Yes,Yes,2015-10-18,True,1.0,0,0,2015,4,10,Oct,2015-10,Autumn,22.55,6.9,0,0,None,Moderate (30-45 km/h),South
2663,2015-10-18,18.8,23.2,1.4,7.2,3.8,SSE,35,SE,E,17,15,69,56,1029.2,1027.9,8,7,19.5,22.1,Yes,No,No,2015-10-19,True,1.0,0,0,2015,4,10,Oct,2015-10,Autumn,21.0,4.4,0,1,Light,Moderate (30-45 km/h),South
2664,2015-10-19,19.4,24.6,0.2,4.2,8.2,NE,39,N,ENE,11,24,81,54,1026.6,1022.4,7,4,21.8,24.4,No,No,No,2015-10-20,True,1.0,0,0,2015,4,10,Oct,2015-10,Autumn,22.0,5.2,0,0,Light,Moderate (30-45 km/h),North
2665,2015-10-20,18.7,26.8,0.4,6.8,7.7,W,35,SE,ENE,6,15,60,55,1020.6,1016.3,2,2,23.7,26.0,No,No,No,2015-10-21,True,1.0,0,0,2015,4,10,Oct,2015-10,Autumn,22.75,8.1,0,0,Light,Moderate (30-45 km/h),West
2666,2015-10-21,19.7,27.9,1.0,7.6,3.4,NNE,31,WNW,W,2,9,58,43,1013.8,1011.5,4,7,24.5,26.3,No,Yes,Yes,2015-10-22,True,1.0,0,0,2015,4,10,Oct,2015-10,Autumn,23.8,8.2,0,1,Light,Moderate (30-45 km/h),North
2667,2015-10-22,18.6,20.5,8.4,5.0,0.7,S,61,S,SSW,11,31,89,74,1011.4,1010.3,7,7,19.6,20.1,Yes,Yes,Yes,2015-10-23,True,1.0,0,0,2015,4,10,Oct,2015-10,Autumn,19.55,1.9,0,1,Moderate,Gale (>60 km/h),South
2668,2015-10-23,14.5,21.4,14.8,2.8,3.4,SSW,41,SSW,SSW,19,17,70,55,1022.1,1021.6,7,7,16.6,19.4,Yes,No,No,2015-10-24,True,1.0,0,0,2015,4,10,Oct,2015-10,Autumn,17.95,6.9,0,1,Heavy,Moderate (30-45 km/h),South
2669,2015-10-24,12.9,22.3,0.2,4.6,12.0,ENE,39,WNW,ENE,13,26,62,54,1024.4,1020.9,5,1,17.8,20.7,No,No,No,2015-10-25,True,1.0,0,0,2015,4,10,Oct,2015-10,Autumn,17.6,9.4,0,0,Light,Moderate (30-45 km/h),East
2670,2015-10-25,15.2,24.9,0.0,7.4,10.2,NE,43,E,NE,7,19,62,59,1022.1,1017.8,2,3,21.1,22.3,No,No,No,2015-10-26,True,1.0,0,0,2015,4,10,Oct,2015-10,Autumn,20.05,9.7,0,0,None,Moderate (30-45 km/h),North
2671,2015-10-26,17.5,29.4,0.0,7.0,5.2,WSW,69,ESE,WSW,9,13,54,53,1014.4,1015.1,3,7,24.6,22.2,No,Yes,Yes,2015-10-27,True,1.0,0,0,2015,4,10,Oct,2015-10,Autumn,23.45,11.9,0,0,None,Gale (>60 km/h),West
2672,2015-10-27,15.5,19.6,7.6,7.8,2.0,S,54,S,SSE,19,30,65,47,1025.8,1025.8,8,7,16.5,19.3,Yes,No,No,2015-10-28,True,1.0,0,0,2015,4,10,Oct,2015-10,Autumn,17.55,4.1,0,1,Moderate,Strong (45-60 km/h),South
2673,2015-10-28,13.4,21.2,0.4,3.8,8.2,SSE,31,W,E,9,20,70,45,1025.3,1022.5,7,5,16.4,20.6,No,No,No,2015-10-29,True,1.0,0,0,2015,4,10,Oct,2015-10,Autumn,17.3,7.8,0,0,Light,Moderate (30-45 km/h),South
2674,2015-10-29,15.7,23.0,0.0,5.4,11.4,E,31,WNW,E,7,22,55,40,1023.6,1022.1,5,1,18.2,21.9,No,No,No,2015-10-30,True,1.0,0,0,2015,4,10,Oct,2015-10,Autumn,19.35,7.3,0,0,None,Moderate (30-45 km/h),East
2675,2015-10-30,14.1,23.1,0.0,8.0,9.3,ENE,39,W,NE,7,24,59,48,1023.8,1020.8,1,7,19.0,21.8,No,No,No,2015-10-31,True,1.0,0,0,2015,4,10,Oct,2015-10,Autumn,18.6,9.0,0,0,None,Moderate (30-45 km/h),East
2676,2015-10-31,17.1,24.2,0.0,8.0,5.7,NE,48,NE,NE,19,28,59,61,1021.8,1018.6,7,8,22.2,22.5,No,No,No,2015-11-01,True,1.0,0,0,2015,4,10,Oct,2015-10,Autumn,20.65,7.1,0,0,None,Strong (45-60 km/h),North
2677,2015-11-01,17.5,26.8,0.0,7.8,9.0,NE,44,E,NE,15,17,67,59,1015.2,1010.6,1,3,21.9,25.4,No,Yes,Yes,2015-11-02,True,1.0,0,0,2015,4,11,Nov,2015-11,Autumn,22.15,9.3,0,0,None,Moderate (30-45 km/h),North
2678,2015-11-02,18.2,30.7,26.0,6.6,9.1,WSW,46,NW,E,13,15,75,53,1011.2,1009.0,5,5,21.6,26.4,Yes,Yes,Yes,2015-11-03,True,1.0,0,0,2015,4,11,Nov,2015-11,Autumn,24.45,12.5,0,1,Heavy,Strong (45-60 km/h),West
2679,2015-11-03,18.6,20.0,1.4,6.8,0.0,S,35,SSE,SE,19,17,91,89,1017.0,1016.5,8,8,19.0,19.2,Yes,Yes,Yes,2015-11-04,True,1.0,0,0,2015,4,11,Nov,2015-11,Autumn,19.3,1.4,0,1,Light,Moderate (30-45 km/h),South
2680,2015-11-04,17.1,19.6,3.8,1.4,0.0,E,56,ESE,E,24,31,91,83,1017.6,1016.3,8,8,19.5,19.4,Yes,Yes,Yes,2015-11-05,True,1.0,0,0,2015,4,11,Nov,2015-11,Autumn,18.35,2.5,0,1,Moderate,Strong (45-60 km/h),East
2681,2015-11-05,16.0,23.4,13.0,0.0,0.7,ENE,50,NE,NE,30,26,94,80,1014.8,1010.5,8,8,18.2,20.5,Yes,Yes,Yes,2015-11-06,True,1.0,0,0,2015,4,11,Nov,2015-11,Autumn,19.7,7.4,0,1,Heavy,Strong (45-60 km/h),East
2682,2015-11-06,18.2,28.3,11.6,3.2,5.2,S,33,W,NE,9,13,77,87,1007.7,1006.3,4,7,23.3,20.5,Yes,Yes,Yes,2015-11-07,True,1.0,0,0,2015,4,11,Nov,2015-11,Autumn,23.25,10.1,0,1,Heavy,Moderate (30-45 km/h),South
2683,2015-11-07,18.4,24.6,10.0,5.6,5.3,SSE,46,ESE,ESE,9,28,69,69,1012.3,1012.3,3,7,22.5,21.8,Yes,No,No,2015-11-08,True,1.0,0,0,2015,4,11,Nov,2015-11,Autumn,21.5,6.2,0,1,Heavy,Strong (45-60 km/h),South
2684,2015-11-08,16.2,21.7,0.4,7.2,4.6,SSW,46,SSW,SSE,17,26,67,65,1020.7,1020.0,7,6,18.0,20.4,No,No,No,2015-11-09,True,1.0,0,0,2015,4,11,Nov,2015-11,Autumn,18.95,5.5,0,0,Light,Strong (45-60 km/h),South
2685,2015-11-09,13.7,23.3,0.0,6.4,12.3,E,30,W,E,11,17,59,48,1021.3,1017.5,5,1,19.5,21.8,No,No,No,2015-11-10,True,1.0,0,0,2015,4,11,Nov,2015-11,Autumn,18.5,9.6,0,0,None,Moderate (30-45 km/h),East
2686,2015-11-10,15.2,25.6,0.0,6.0,11.3,ENE,30,S,ENE,2,19,61,45,1016.0,1013.5,3,7,20.6,24.8,No,No,No,2015-11-11,True,1.0,0,0,2015,4,11,Nov,2015-11,Autumn,20.4,10.4,0,0,None,Moderate (30-45 km/h),East
2687,2015-11-11,18.9,23.9,0.0,8.6,0.0,SSW,31,S,ESE,13,11,82,66,1020.3,1020.3,7,7,20.0,22.1,No,Yes,Yes,2015-11-12,True,1.0,0,0,2015,4,11,Nov,2015-11,Autumn,21.4,5.0,0,0,None,Moderate (30-45 km/h),South
2688,2015-11-12,18.3,25.5,2.4,4.8,4.2,NNE,43,NNE,ENE,17,17,53,69,1020.4,1018.0,7,8,23.5,22.2,Yes,No,No,2015-11-13,True,1.0,0,0,2015,4,11,Nov,2015-11,Autumn,21.9,7.2,0,1,Light,Moderate (30-45 km/h),North
2689,2015-11-13,18.0,28.8,0.4,8.4,7.4,SSW,48,W,NE,7,6,63,60,1013.1,1009.8,1,7,22.7,23.3,No,Yes,Yes,2015-11-14,True,1.0,0,0,2015,4,11,Nov,2015-11,Autumn,23.4,10.8,0,0,Light,Strong (45-60 km/h),South
2690,2015-11-14,17.7,20.1,18.2,9.0,0.0,SSE,33,S,ESE,15,19,81,70,1014.4,1013.4,8,8,18.7,18.9,Yes,Yes,Yes,2015-11-15,True,1.0,0,0,2015,4,11,Nov,2015-11,Autumn,18.9,2.4,0,1,Heavy,Moderate (30-45 km/h),South
2691,2015-11-15,14.9,20.9,29.6,2.2,0.8,SSW,46,SSE,S,24,19,64,70,1017.7,1017.4,7,7,18.2,18.5,Yes,Yes,Yes,2015-11-16,True,1.0,0,0,2015,4,11,Nov,2015-11,Autumn,17.9,6.0,0,1,Heavy,Strong (45-60 km/h),South
2692,2015-11-16,14.3,22.6,5.0,4.4,13.0,ESE,31,SSE,ESE,17,20,56,43,1020.0,1018.0,5,1,19.1,21.7,Yes,No,No,2015-11-17,True,1.0,0,0,2015,4,11,Nov,2015-11,Autumn,18.45,8.3,0,1,Moderate,Moderate (30-45 km/h),East
2693,2015-11-17,14.4,25.1,0.0,8.0,12.6,NNE,44,W,NE,6,22,55,46,1019.1,1016.0,0,2,20.2,23.7,No,No,No,2015-11-18,True,1.0,0,0,2015,4,11,Nov,2015-11,Autumn,19.75,10.7,0,0,None,Moderate (30-45 km/h),North
2694,2015-11-18,17.4,36.5,0.0,11.0,13.0,SSW,57,W,W,11,22,45,17,1013.6,1009.7,5,1,25.1,35.6,No,No,No,2015-11-19,True,1.0,0,0,2015,4,11,Nov,2015-11,Autumn,26.95,19.1,1,0,None,Strong (45-60 km/h),South
2695,2015-11-19,18.8,31.2,0.0,10.4,12.5,SSW,28,W,E,9,17,62,54,1015.0,1011.7,1,4,23.1,28.6,No,No,No,2015-11-20,True,1.0,0,0,2015,4,11,Nov,2015-11,Autumn,25.0,12.4,0,0,None,Light (<30 km/h),South
2696,2015-11-20,21.4,40.9,0.0,8.8,12.4,W,54,SW,WNW,2,28,63,13,1012.5,1006.3,1,1,25.2,40.7,No,No,No,2015-11-21,True,1.0,0,1,2015,4,11,Nov,2015-11,Autumn,31.15,19.5,1,0,None,Strong (45-60 km/h),West
2697,2015-11-21,20.3,22.1,0.0,14.6,0.3,S,54,SE,SE,13,24,65,56,1015.6,1017.3,7,7,20.8,20.7,No,No,No,2015-11-22,True,1.0,0,0,2015,4,11,Nov,2015-11,Autumn,21.2,1.8,0,0,None,Strong (45-60 km/h),South
2698,2015-11-22,19.0,22.4,0.0,6.2,2.7,NNE,33,E,ENE,17,17,59,58,1019.7,1016.7,7,8,19.8,20.8,No,No,No,2015-11-23,True,1.0,0,0,2015,4,11,Nov,2015-11,Autumn,20.7,3.4,0,0,None,Moderate (30-45 km/h),North
2699,2015-11-23,17.1,26.5,0.0,3.8,11.5,SSE,52,WNW,SE,11,30,60,52,1011.9,1010.8,1,2,22.4,25.4,No,No,No,2015-11-24,True,1.0,0,0,2015,4,11,Nov,2015-11,Autumn,21.8,9.4,0,0,None,Strong (45-60 km/h),South
2700,2015-11-24,18.7,25.2,0.0,8.0,11.4,NE,52,ENE,NE,13,28,57,55,1017.4,1014.1,4,1,23.6,23.0,No,No,No,2015-11-26,False,1.0,0,0,2015,4,11,Nov,2015-11,Autumn,21.95,6.5,0,0,None,Strong (45-60 km/h),North
2701,2015-11-26,22.4,37.8,0.0,12.6,9.6,W,74,NNW,W,28,35,31,14,999.8,1000.0,1,2,32.4,36.0,No,No,No,2015-11-27,True,2.0,1,0,2015,4,11,Nov,2015-11,Autumn,30.1,15.4,1,0,None,Gale (>60 km/h),West
2702,2015-11-27,16.5,22.6,0.6,14.6,7.1,ENE,37,SE,ESE,4,22,54,60,1016.1,1013.8,7,4,21.1,21.6,No,No,No,2015-11-28,True,1.0,0,0,2015,4,11,Nov,2015-11,Autumn,19.55,6.1,0,0,Light,Moderate (30-45 km/h),East
2703,2015-11-28,19.1,23.8,0.0,7.4,0.3,ENE,37,ENE,NE,20,17,69,55,1016.7,1016.0,8,8,21.5,22.5,No,No,No,2015-11-29,True,1.0,0,0,2015,4,11,Nov,2015-11,Autumn,21.45,4.7,0,0,None,Moderate (30-45 km/h),East
2704,2015-11-29,19.9,26.0,0.0,6.4,7.1,ENE,43,NNE,NE,17,22,80,65,1013.7,1009.7,7,2,21.1,25.1,No,No,No,2015-11-30,True,1.0,0,0,2015,4,11,Nov,2015-11,Autumn,22.95,6.1,0,0,None,Moderate (30-45 km/h),East
2705,2015-11-30,18.2,26.3,0.2,7.4,11.1,S,48,WSW,E,7,22,65,65,1012.4,1008.7,4,1,21.1,23.8,No,No,No,2015-12-01,True,1.0,0,0,2015,4,11,Nov,2015-11,Autumn,22.25,8.1,0,0,Light,Strong (45-60 km/h),South
2706,2015-12-01,19.0,33.3,0.0,8.0,10.4,S,63,ESE,NE,9,31,58,34,1010.3,1006.7,1,5,26.3,32.0,No,No,No,2015-12-02,True,1.0,0,0,2015,4,12,Dec,2015-12,Winter,26.15,14.3,0,0,None,Gale (>60 km/h),South
2707,2015-12-02,19.2,22.8,0.0,14.2,5.3,SSE,61,S,S,22,35,66,59,1015.1,1017.0,7,7,21.0,19.4,No,No,No,2015-12-03,True,1.0,0,0,2015,4,12,Dec,2015-12,Winter,21.0,3.6,0,0,None,Gale (>60 km/h),South
2708,2015-12-03,17.1,21.7,0.0,9.2,8.1,ESE,31,ESE,ESE,11,20,52,49,1027.1,1026.0,7,5,19.4,20.3,No,No,No,2015-12-04,True,1.0,0,0,2015,4,12,Dec,2015-12,Winter,19.4,4.6,0,0,None,Moderate (30-45 km/h),East
2709,2015-12-04,14.6,23.6,0.0,6.4,9.3,E,28,WNW,E,6,19,53,44,1026.3,1024.1,4,3,20.3,22.8,No,No,No,2015-12-06,False,1.0,0,0,2015,4,12,Dec,2015-12,Winter,19.1,9.0,0,0,None,Light (<30 km/h),East
2710,2015-12-06,16.6,25.8,0.0,9.0,12.7,ENE,35,SE,ENE,7,24,58,46,1020.5,1017.8,3,5,23.0,24.9,No,No,No,2015-12-07,True,2.0,1,0,2015,4,12,Dec,2015-12,Winter,21.2,9.2,0,0,None,Moderate (30-45 km/h),East
2711,2015-12-07,18.8,25.5,0.0,9.2,7.9,E,39,ESE,E,9,22,61,57,1021.4,1019.9,7,7,23.2,24.1,No,No,No,2015-12-08,True,1.0,0,0,2015,4,12,Dec,2015-12,Winter,22.15,6.7,0,0,None,Moderate (30-45 km/h),East
2712,2015-12-08,20.9,25.0,0.0,7.6,0.3,NE,43,NE,ENE,11,17,68,64,1018.6,1015.8,7,7,22.7,24.4,No,No,No,2015-12-09,True,1.0,0,0,2015,4,12,Dec,2015-12,Winter,22.95,4.1,0,0,None,Moderate (30-45 km/h),North
2713,2015-12-09,21.3,33.3,0.8,4.6,8.6,S,61,NNE,ENE,7,17,70,58,1014.2,1012.1,5,3,24.6,27.5,No,Yes,Yes,2015-12-10,True,1.0,0,0,2015,4,12,Dec,2015-12,Winter,27.3,12.0,0,0,Light,Gale (>60 km/h),South
2714,2015-12-10,20.2,25.5,15.2,10.0,6.4,SSW,44,S,E,7,19,80,63,1015.9,1011.7,7,3,21.3,25.0,Yes,No,No,2015-12-11,True,1.0,0,0,2015,4,12,Dec,2015-12,Winter,22.85,5.3,0,1,Heavy,Moderate (30-45 km/h),South
2715,2015-12-11,21.2,35.3,0.2,6.4,8.8,W,59,W,WNW,17,30,66,13,1005.8,1001.1,3,7,24.4,34.7,No,No,No,2015-12-12,True,1.0,0,0,2015,4,12,Dec,2015-12,Winter,28.25,14.1,1,0,Light,Strong (45-60 km/h),West
2716,2015-12-12,18.4,22.6,0.0,12.2,5.8,ESE,39,E,ESE,15,28,57,50,1014.7,1015.1,3,4,20.8,21.4,No,No,No,2015-12-13,True,1.0,0,0,2015,4,12,Dec,2015-12,Winter,20.5,4.2,0,0,None,Moderate (30-45 km/h),East
2717,2015-12-13,18.2,24.4,0.0,7.6,6.5,NE,48,NE,NE,19,30,58,56,1019.3,1016.1,5,7,21.4,23.2,No,No,No,2015-12-14,True,1.0,0,0,2015,4,12,Dec,2015-12,Winter,21.3,6.2,0,0,None,Strong (45-60 km/h),North
2718,2015-12-14,18.3,29.6,0.0,8.0,13.1,ENE,28,WNW,E,9,19,63,59,1015.4,1013.4,3,3,23.4,25.5,No,No,No,2015-12-15,True,1.0,0,0,2015,4,12,Dec,2015-12,Winter,23.95,11.3,0,0,None,Light (<30 km/h),East
2719,2015-12-15,20.6,26.9,0.0,10.0,5.7,ENE,43,ENE,ENE,11,22,72,65,1015.3,1012.5,6,8,23.1,25.0,No,No,No,2015-12-16,True,1.0,0,0,2015,4,12,Dec,2015-12,Winter,23.75,6.3,0,0,None,Moderate (30-45 km/h),East
2720,2015-12-16,21.1,23.4,0.6,5.4,1.8,SSE,80,NE,N,22,13,87,82,1014.8,1016.7,7,8,22.9,18.2,No,Yes,Yes,2015-12-17,True,1.0,0,1,2015,4,12,Dec,2015-12,Winter,22.25,2.3,0,0,Light,Gale (>60 km/h),South
2721,2015-12-17,16.6,26.1,9.8,4.8,12.0,E,37,WNW,E,9,24,70,60,1018.5,1016.9,4,1,21.6,24.6,Yes,No,No,2015-12-18,True,1.0,0,0,2015,4,12,Dec,2015-12,Winter,21.35,9.5,0,1,Moderate,Moderate (30-45 km/h),East
2722,2015-12-18,19.0,27.5,0.0,13.6,12.3,NNE,46,E,ENE,15,30,58,53,1016.8,1014.0,0,1,24.5,27.1,No,No,No,2015-12-19,True,1.0,0,0,2015,4,12,Dec,2015-12,Winter,23.25,8.5,0,0,None,Strong (45-60 km/h),North
2723,2015-12-19,20.3,29.0,0.0,9.4,13.2,NE,52,ESE,NE,9,20,59,53,1014.6,1012.8,1,1,26.3,27.5,No,No,No,2015-12-21,False,1.0,0,0,2015,4,12,Dec,2015-12,Winter,24.65,8.7,0,0,None,Strong (45-60 km/h),North
2724,2015-12-21,23.6,29.1,0.0,14.0,3.6,SSE,50,ENE,S,7,22,56,79,1014.8,1017.2,6,8,27.1,21.5,No,Yes,Yes,2015-12-22,True,2.0,1,0,2015,4,12,Dec,2015-12,Winter,26.35,5.5,0,0,None,Strong (45-60 km/h),South
2725,2015-12-22,17.7,21.8,29.8,4.4,0.0,ESE,44,SSW,NE,19,2,89,90,1023.2,1021.5,8,8,17.8,17.7,Yes,Yes,Yes,2015-12-23,True,1.0,0,0,2015,4,12,Dec,2015-12,Winter,19.75,4.1,0,1,Heavy,Moderate (30-45 km/h),East
2726,2015-12-23,17.3,23.0,34.0,3.6,4.5,ESE,31,SE,ESE,13,22,65,59,1019.4,1017.7,7,7,21.8,22.0,Yes,No,No,2015-12-24,True,1.0,0,0,2015,4,12,Dec,2015-12,Winter,20.15,5.7,0,1,Heavy,Moderate (30-45 km/h),East
2727,2015-12-24,16.9,24.6,1.0,5.0,9.5,E,37,ESE,ESE,20,20,60,52,1019.9,1018.7,4,2,21.6,23.9,No,No,No,2015-12-25,True,1.0,0,0,2015,4,12,Dec,2015-12,Winter,20.75,7.7,0,1,Light,Moderate (30-45 km/h),East
2728,2015-12-25,17.5,25.2,0.0,7.0,9.6,ENE,35,ENE,E,4,20,55,48,1018.7,1015.4,5,4,21.8,24.5,No,No,No,2015-12-26,True,1.0,0,0,2015,4,12,Dec,2015-12,Winter,21.35,7.7,0,0,None,Moderate (30-45 km/h),East
2729,2015-12-26,18.8,26.1,0.6,7.4,6.1,NE,39,N,NE,17,17,74,77,1009.7,1006.0,5,7,22.7,23.4,No,Yes,Yes,2015-12-27,True,1.0,0,0,2015,4,12,Dec,2015-12,Winter,22.45,7.3,0,0,Light,Moderate (30-45 km/h),North
2730,2015-12-27,17.1,23.0,1.8,8.8,5.7,S,59,SSE,S,22,28,74,47,1016.7,1018.4,8,1,17.1,22.3,Yes,Yes,Yes,2015-12-28,True,1.0,0,0,2015,4,12,Dec,2015-12,Winter,20.05,5.9,0,1,Light,Strong (45-60 km/h),South
2731,2015-12-28,15.3,22.6,2.6,5.8,4.8,SSW,44,SW,SSE,20,24,78,50,1023.7,1023.0,7,7,16.7,21.6,Yes,No,No,2015-12-29,True,1.0,0,0,2015,4,12,Dec,2015-12,Winter,18.95,7.3,0,1,Moderate,Moderate (30-45 km/h),South
2732,2015-12-29,15.4,24.9,0.2,7.4,12.5,SSE,35,SE,ESE,20,22,51,38,1022.4,1020.7,6,1,21.2,24.1,No,No,No,2015-12-30,True,1.0,0,0,2015,4,12,Dec,2015-12,Winter,20.15,9.5,0,0,Light,Moderate (30-45 km/h),South
2733,2015-12-30,15.0,25.6,0.0,7.4,13.1,ESE,26,NW,E,6,19,60,50,1019.9,1018.7,0,1,20.2,23.7,No,No,No,2015-12-31,True,1.0,0,0,2015,4,12,Dec,2015-12,Winter,20.3,10.6,0,0,None,Light (<30 km/h),East
2734,2015-12-31,17.4,26.7,0.0,8.0,12.7,W,41,WNW,E,9,24,62,52,1019.4,1016.8,1,5,21.3,24.2,No,No,No,2016-01-01,True,1.0,0,0,2015,4,12,Dec,2015-12,Winter,22.05,9.3,0,0,None,Moderate (30-45 km/h),West
2735,2016-01-01,17.9,25.6,0.0,11.0,12.3,E,35,SSW,E,2,28,57,52,1016.4,1013.7,6,4,22.9,24.2,No,No,No,2016-01-02,True,1.0,0,0,2016,1,1,Jan,2016-01,Winter,21.75,7.7,0,0,None,Moderate (30-45 km/h),East
2736,2016-01-02,18.0,25.4,0.0,6.8,3.3,ESE,28,W,ESE,0,19,60,51,1013.4,1012.3,7,7,22.3,23.5,No,No,No,2016-01-03,True,1.0,0,0,2016,1,1,Jan,2016-01,Winter,21.7,7.4,0,0,None,Light (<30 km/h),East
2737,2016-01-03,20.2,24.6,0.0,8.0,0.0,SE,44,SSE,SE,20,22,63,84,1015.2,1014.7,8,8,22.2,19.9,No,Yes,Yes,2016-01-04,True,1.0,0,0,2016,1,1,Jan,2016-01,Winter,22.4,4.4,0,0,None,Moderate (30-45 km/h),East
2738,2016-01-04,18.6,23.6,15.0,6.4,0.7,ESE,46,ESE,ESE,6,7,86,89,1016.8,1016.3,8,8,18.8,19.1,Yes,Yes,Yes,2016-01-05,True,1.0,0,0,2016,1,1,Jan,2016-01,Winter,21.1,5.0,0,1,Heavy,Strong (45-60 km/h),East
2739,2016-01-05,17.8,20.3,34.2,0.0,0.0,ESE,54,SE,SE,26,26,87,87,1016.5,1014.6,8,8,19.1,19.5,Yes,Yes,Yes,2016-01-06,True,1.0,0,0,2016,1,1,Jan,2016-01,Winter,19.05,2.5,0,1,Heavy,Strong (45-60 km/h),East
2740,2016-01-06,17.4,18.6,51.4,8.0,0.0,SE,48,SE,SSE,19,20,92,91,1012.3,1011.6,8,8,18.2,17.9,Yes,Yes,Yes,2016-01-07,True,1.0,0,1,2016,1,1,Jan,2016-01,Winter,18.0,1.2,0,1,Extreme,Strong (45-60 km/h),East
2741,2016-01-07,16.5,24.4,41.4,2.0,7.6,W,41,SSW,SSW,22,24,91,66,1014.0,1015.8,7,7,18.1,21.0,Yes,No,No,2016-01-08,True,1.0,0,0,2016,1,1,Jan,2016-01,Winter,20.45,7.9,0,1,Heavy,Moderate (30-45 km/h),West
2742,2016-01-08,15.5,25.4,0.4,6.6,12.1,W,41,NW,E,4,19,58,53,1020.1,1019.0,5,1,20.6,24.1,No,No,No,2016-01-09,True,1.0,0,0,2016,1,1,Jan,2016-01,Winter,20.45,9.9,0,0,Light,Moderate (30-45 km/h),West
2743,2016-01-09,18.5,25.5,0.0,7.0,8.6,ENE,31,N,E,2,22,71,52,1021.9,1018.8,5,6,21.2,24.5,No,No,No,2016-01-10,True,1.0,0,0,2016,1,1,Jan,2016-01,Winter,22.0,7.0,0,0,None,Moderate (30-45 km/h),East
2744,2016-01-10,18.5,27.1,0.0,8.0,12.2,ENE,41,W,ENE,9,26,67,53,1020.4,1017.5,3,1,22.9,26.2,No,No,No,2016-01-11,True,1.0,0,0,2016,1,1,Jan,2016-01,Winter,22.8,8.6,0,0,None,Moderate (30-45 km/h),East
2745,2016-01-11,20.5,31.6,0.0,9.0,12.1,E,28,ESE,E,7,15,69,52,1013.3,1009.1,1,1,24.5,31.1,No,No,No,2016-01-12,True,1.0,0,0,2016,1,1,Jan,2016-01,Winter,26.05,11.1,0,0,None,Light (<30 km/h),East
2746,2016-01-12,23.5,34.0,0.0,10.6,4.4,S,52,W,SSE,2,24,56,70,1010.4,1012.1,6,7,26.5,25.9,No,No,No,2016-01-13,True,1.0,0,0,2016,1,1,Jan,2016-01,Winter,28.75,10.5,0,0,None,Strong (45-60 km/h),South
2747,2016-01-13,21.3,31.0,0.0,6.0,11.0,NE,37,NNE,E,4,28,69,59,1019.7,1016.2,3,1,23.2,26.7,No,No,Yes,2016-01-15,False,1.0,0,0,2016,1,1,Jan,2016-01,Winter,26.15,9.7,0,0,None,Moderate (30-45 km/h),North
2748,2016-01-15,14.3,21.7,34.0,12.2,2.7,S,54,W,S,19,22,92,71,1024.4,1024.0,8,7,14.5,19.4,Yes,Yes,Yes,2016-01-16,True,2.0,1,0,2016,1,1,Jan,2016-01,Winter,18.0,7.4,0,1,Heavy,Strong (45-60 km/h),South
2749,2016-01-16,14.3,23.8,5.4,6.0,7.2,SE,43,SSE,SSE,20,20,66,45,1026.9,1026.1,7,5,19.7,22.8,Yes,No,No,2016-01-17,True,1.0,0,0,2016,1,1,Jan,2016-01,Winter,19.05,9.5,0,1,Moderate,Moderate (30-45 km/h),East
2750,2016-01-17,16.0,26.1,0.0,5.6,11.8,SE,33,SSE,ESE,13,22,71,49,1025.1,1022.6,6,4,20.4,25.1,No,No,No,2016-01-18,True,1.0,0,0,2016,1,1,Jan,2016-01,Winter,21.05,10.1,0,0,None,Moderate (30-45 km/h),East
2751,2016-01-18,16.7,27.0,0.0,7.0,13.5,NNE,35,WNW,E,6,20,64,55,1020.6,1017.7,2,2,22.1,25.1,No,No,No,2016-01-19,True,1.0,0,0,2016,1,1,Jan,2016-01,Winter,21.85,10.3,0,0,None,Moderate (30-45 km/h),North
2752,2016-01-19,19.2,30.2,0.0,8.0,13.0,NNE,41,N,ENE,6,13,60,54,1017.4,1013.3,3,3,24.2,29.2,No,No,No,2016-01-20,True,1.0,0,0,2016,1,1,Jan,2016-01,Winter,24.7,11.0,0,0,None,Moderate (30-45 km/h),North
2753,2016-01-20,21.9,37.5,0.0,11.8,10.0,NNE,39,ESE,E,4,9,39,39,1012.6,1009.8,1,6,27.9,32.1,No,No,No,2016-01-21,True,1.0,0,0,2016,1,1,Jan,2016-01,Winter,29.7,15.6,1,0,None,Moderate (30-45 km/h),North
2754,2016-01-21,23.6,33.5,0.0,11.6,6.9,SW,61,SW,ENE,4,20,66,48,1010.5,1007.4,5,4,26.2,32.3,No,Yes,Yes,2016-01-22,True,1.0,0,0,2016,1,1,Jan,2016-01,Winter,28.55,9.9,0,0,None,Gale (>60 km/h),South
2755,2016-01-22,22.8,29.2,30.6,10.4,1.4,NE,30,SSW,E,7,13,85,76,1011.0,1006.4,7,7,24.9,25.7,Yes,Yes,Yes,2016-01-23,True,1.0,0,0,2016,1,1,Jan,2016-01,Winter,26.0,6.4,0,1,Heavy,Moderate (30-45 km/h),North
2756,2016-01-23,22.3,26.0,13.0,3.4,9.5,W,41,S,S,17,33,60,59,1006.7,1008.6,3,6,25.6,25.5,Yes,No,No,2016-01-24,True,1.0,0,0,2016,1,1,Jan,2016-01,Winter,24.15,3.7,0,1,Heavy,Moderate (30-45 km/h),West
2757,2016-01-24,20.8,25.0,0.0,6.6,0.6,SSE,31,SSW,ESE,11,15,73,62,1013.4,1012.1,8,7,21.9,24.1,No,No,No,2016-01-25,True,1.0,0,0,2016,1,1,Jan,2016-01,Winter,22.9,4.2,0,0,None,Moderate (30-45 km/h),South
2758,2016-01-25,21.6,25.2,0.0,4.6,0.0,W,41,E,E,13,13,73,64,1014.5,1013.3,8,8,23.2,24.7,No,No,No,2016-01-26,True,1.0,0,0,2016,1,1,Jan,2016-01,Winter,23.4,3.6,0,0,None,Moderate (30-45 km/h),West
2759,2016-01-26,21.6,27.8,0.0,2.4,8.7,W,41,E,ENE,11,19,73,54,1017.7,1017.3,8,4,22.9,26.4,No,Yes,Yes,2016-01-27,True,1.0,0,0,2016,1,1,Jan,2016-01,Winter,24.7,6.2,0,0,None,Moderate (30-45 km/h),West
2760,2016-01-27,20.8,24.9,2.2,9.8,0.5,NE,48,NE,NE,17,15,66,63,1016.2,1014.0,6,8,24.0,24.3,Yes,No,No,2016-01-28,True,1.0,0,0,2016,1,1,Jan,2016-01,Winter,22.85,4.1,0,1,Light,Strong (45-60 km/h),North
2761,2016-01-28,21.4,27.6,0.4,5.6,6.7,NNE,39,N,ENE,17,15,74,64,1008.2,1004.7,7,7,23.5,27.2,No,No,No,2016-01-29,True,1.0,0,0,2016,1,1,Jan,2016-01,Winter,24.5,6.2,0,0,Light,Moderate (30-45 km/h),North
2762,2016-01-29,22.4,28.1,0.0,5.0,8.2,NW,65,NNE,ESE,11,6,72,86,1003.3,1001.9,3,7,26.3,23.2,No,Yes,Yes,2016-01-30,True,1.0,0,0,2016,1,1,Jan,2016-01,Winter,25.25,5.7,0,0,None,Gale (>60 km/h),North
2763,2016-01-30,19.5,28.7,9.0,3.0,3.0,ESE,70,W,ESE,17,17,84,62,1004.9,1002.7,8,7,22.4,28.1,Yes,Yes,Yes,2016-01-31,True,1.0,0,0,2016,1,1,Jan,2016-01,Winter,24.1,9.2,0,1,Moderate,Gale (>60 km/h),East
2764,2016-01-31,19.7,31.1,12.8,5.8,10.0,WNW,48,W,WNW,15,26,83,26,1004.4,1003.3,1,5,22.6,31.0,Yes,No,No,2016-02-01,True,1.0,0,0,2016,1,1,Jan,2016-01,Winter,25.4,11.4,0,1,Heavy,Strong (45-60 km/h),West
2765,2016-02-01,21.8,26.5,0.2,8.0,7.4,SSE,43,NNW,SE,2,15,42,52,1004.2,1001.1,5,4,26.0,25.5,No,Yes,Yes,2016-02-02,True,1.0,0,0,2016,1,2,Feb,2016-02,Winter,24.15,4.7,0,0,Light,Moderate (30-45 km/h),South
2766,2016-02-02,17.0,27.9,2.0,5.0,12.9,SE,33,WNW,ESE,17,24,62,45,1006.3,1004.0,2,3,20.9,26.6,Yes,No,No,2016-02-03,True,1.0,0,0,2016,1,2,Feb,2016-02,Winter,22.45,10.9,0,1,Light,Moderate (30-45 km/h),East
2767,2016-02-03,19.3,28.3,0.0,7.6,10.7,SSE,43,W,E,4,26,67,59,1003.6,1002.2,5,4,23.4,27.7,No,Yes,Yes,2016-02-04,True,1.0,0,0,2016,1,2,Feb,2016-02,Winter,23.8,9.0,0,0,None,Moderate (30-45 km/h),South
2768,2016-02-04,19.1,24.8,10.8,7.6,0.8,S,59,SSW,S,24,33,87,55,1012.0,1012.8,8,7,19.7,23.5,Yes,Yes,Yes,2016-02-05,True,1.0,0,0,2016,1,2,Feb,2016-02,Winter,21.95,5.7,0,1,Heavy,Strong (45-60 km/h),South
2769,2016-02-05,19.6,26.1,3.6,9.6,6.8,SSE,56,S,SSE,31,39,59,56,1017.4,1017.6,6,5,22.0,23.9,Yes,Yes,Yes,2016-02-06,True,1.0,0,0,2016,1,2,Feb,2016-02,Winter,22.85,6.5,0,1,Moderate,Strong (45-60 km/h),South
2770,2016-02-06,19.9,27.0,1.8,8.8,8.1,SSE,37,SE,ESE,20,20,75,49,1018.0,1016.9,7,3,22.8,26.4,Yes,No,No,2016-02-07,True,1.0,0,0,2016,1,2,Feb,2016-02,Winter,23.45,7.1,0,1,Light,Moderate (30-45 km/h),South
2771,2016-02-07,19.1,27.4,0.0,7.2,10.1,ESE,30,WNW,ESE,9,17,76,54,1018.0,1016.6,5,3,22.5,25.7,No,No,No,2016-02-08,True,1.0,0,0,2016,1,2,Feb,2016-02,Winter,23.25,8.3,0,0,None,Moderate (30-45 km/h),East
2772,2016-02-08,19.0,28.0,0.0,4.6,12.6,E,24,WNW,ESE,11,17,68,54,1019.1,1017.9,2,1,23.0,27.0,No,No,No,2016-02-09,True,1.0,0,0,2016,1,2,Feb,2016-02,Winter,23.5,9.0,0,0,None,Light (<30 km/h),East
2773,2016-02-09,21.0,27.7,0.0,9.8,10.3,SSE,39,SSE,SE,26,19,70,47,1020.7,1019.6,6,1,25.0,27.3,No,No,No,2016-02-10,True,1.0,0,0,2016,1,2,Feb,2016-02,Winter,24.35,6.7,0,0,None,Moderate (30-45 km/h),South
2774,2016-02-10,19.6,28.5,0.2,7.6,12.7,NE,43,W,ENE,11,22,68,46,1016.7,1012.9,2,1,23.2,27.6,No,No,No,2016-02-11,True,1.0,0,0,2016,1,2,Feb,2016-02,Winter,24.05,8.9,0,0,Light,Moderate (30-45 km/h),North
2775,2016-02-11,20.7,28.4,0.0,10.4,9.6,E,26,WSW,E,6,20,65,58,1015.8,1014.2,3,7,24.6,26.7,No,No,No,2016-02-12,True,1.0,0,0,2016,1,2,Feb,2016-02,Winter,24.55,7.7,0,0,None,Light (<30 km/h),East
2776,2016-02-12,21.5,28.8,0.0,6.4,12.0,ENE,33,W,E,7,22,63,58,1017.0,1015.1,2,1,25.4,27.5,No,No,No,2016-02-13,True,1.0,0,0,2016,1,2,Feb,2016-02,Winter,25.15,7.3,0,0,None,Moderate (30-45 km/h),East
2777,2016-02-13,20.7,28.9,0.0,8.8,12.1,NNE,46,N,NE,9,24,60,54,1014.6,1011.5,1,1,25.3,27.7,No,No,No,2016-02-14,True,1.0,0,0,2016,1,2,Feb,2016-02,Winter,24.8,8.2,0,0,None,Strong (45-60 km/h),North
2778,2016-02-14,21.1,32.5,0.0,9.6,10.4,SSE,48,NE,SSE,2,4,58,53,1008.4,1005.3,1,5,26.2,31.5,No,No,No,2016-02-15,True,1.0,0,0,2016,1,2,Feb,2016-02,Winter,26.8,11.4,0,0,None,Strong (45-60 km/h),South
2779,2016-02-15,22.3,29.3,0.0,8.0,6.9,SW,31,W,ESE,15,20,75,62,1011.8,1007.7,7,3,24.1,27.4,No,No,No,2016-02-16,True,1.0,0,0,2016,1,2,Feb,2016-02,Winter,25.8,7.0,0,0,None,Moderate (30-45 km/h),South
2780,2016-02-16,21.5,27.9,0.0,7.0,10.8,SSE,48,SSW,SE,17,31,36,51,1009.1,1008.8,1,2,25.3,25.6,No,No,No,2016-02-17,True,1.0,0,0,2016,1,2,Feb,2016-02,Winter,24.7,6.4,0,0,None,Strong (45-60 km/h),South
2781,2016-02-17,19.5,26.0,0.0,8.8,10.4,SSE,39,SSW,ESE,22,22,57,34,1011.4,1008.4,3,1,20.5,25.5,No,No,No,2016-02-18,True,1.0,0,0,2016,1,2,Feb,2016-02,Winter,22.75,6.5,0,0,None,Moderate (30-45 km/h),South
2782,2016-02-18,18.3,26.4,0.0,8.0,11.7,E,30,SSW,ESE,11,19,59,47,1009.8,1008.7,3,1,22.9,26.1,No,No,No,2016-02-19,True,1.0,0,0,2016,1,2,Feb,2016-02,Winter,22.35,8.1,0,0,None,Moderate (30-45 km/h),East
2783,2016-02-19,20.5,29.4,0.0,8.0,11.1,ENE,35,NW,ENE,9,20,70,60,1012.4,1009.8,4,1,23.7,28.6,No,No,No,2016-02-20,True,1.0,0,0,2016,1,2,Feb,2016-02,Winter,24.95,8.9,0,0,None,Moderate (30-45 km/h),East
2784,2016-02-20,23.1,29.3,0.0,9.4,5.9,S,52,SSW,S,24,26,75,52,1017.7,1018.2,7,5,24.6,28.8,No,Yes,Yes,2016-02-21,True,1.0,0,0,2016,1,2,Feb,2016-02,Winter,26.2,6.2,0,0,None,Strong (45-60 km/h),South
2785,2016-02-21,21.4,27.0,6.0,8.2,4.8,E,37,S,ESE,9,13,89,67,1025.4,1024.6,6,4,21.9,26.6,Yes,Yes,Yes,2016-02-22,True,1.0,0,0,2016,1,2,Feb,2016-02,Winter,24.2,5.6,0,1,Moderate,Moderate (30-45 km/h),East
2786,2016-02-22,20.8,28.8,1.2,3.8,11.6,ENE,39,W,ENE,11,24,71,59,1025.4,1022.0,1,6,24.3,28.0,Yes,No,No,2016-02-23,True,1.0,0,0,2016,1,2,Feb,2016-02,Winter,24.8,8.0,0,1,Light,Moderate (30-45 km/h),East
2787,2016-02-23,21.8,29.7,0.0,9.4,12.4,NNE,43,N,ENE,9,22,62,51,1021.3,1017.7,1,1,25.4,28.2,No,No,No,2016-02-24,True,1.0,0,0,2016,1,2,Feb,2016-02,Winter,25.75,7.9,0,0,None,Moderate (30-45 km/h),North
2788,2016-02-24,20.9,29.5,0.0,11.0,12.3,NNE,46,NNE,ENE,11,26,60,58,1016.1,1012.9,0,1,26.1,28.4,No,No,No,2016-02-25,True,1.0,0,0,2016,1,2,Feb,2016-02,Winter,25.2,8.6,0,0,None,Strong (45-60 km/h),North
2789,2016-02-25,21.9,32.8,0.0,8.4,12.2,NNE,44,NE,E,7,17,62,45,1012.4,1009.3,0,0,26.1,32.2,No,No,No,2016-02-26,True,1.0,0,0,2016,1,2,Feb,2016-02,Winter,27.35,10.9,0,0,None,Moderate (30-45 km/h),North
2790,2016-02-26,23.2,27.8,0.0,12.2,5.2,S,63,SSW,SE,28,22,67,60,1014.9,1015.5,1,7,25.4,26.7,No,No,No,2016-02-27,True,1.0,0,0,2016,1,2,Feb,2016-02,Winter,25.5,4.6,0,0,None,Gale (>60 km/h),South
2791,2016-02-27,22.5,27.5,0.0,6.0,10.0,ESE,33,ESE,ESE,17,22,60,55,1019.3,1019.0,7,5,26.0,25.2,No,No,No,2016-02-28,True,1.0,0,0,2016,1,2,Feb,2016-02,Winter,25.0,5.0,0,0,None,Moderate (30-45 km/h),East
2792,2016-02-28,20.7,28.1,0.0,8.0,10.1,E,28,W,E,11,17,62,53,1018.8,1017.2,1,1,23.7,26.3,No,No,No,2016-02-29,True,1.0,0,0,2016,1,2,Feb,2016-02,Winter,24.4,7.4,0,0,None,Light (<30 km/h),East
2793,2016-02-29,20.5,27.7,0.0,11.2,5.7,ESE,31,W,SE,9,20,73,60,1021.2,1020.4,7,5,23.0,27.5,No,No,No,2016-03-01,True,1.0,0,0,2016,1,2,Feb,2016-02,Winter,24.1,7.2,0,0,None,Moderate (30-45 km/h),East
2794,2016-03-01,21.3,28.2,0.0,4.2,7.7,ENE,33,E,ENE,4,26,72,47,1022.0,1019.9,4,1,23.6,27.6,No,No,No,2016-03-02,True,1.0,0,0,2016,1,3,Mar,2016-03,Spring,24.75,6.9,0,0,None,Moderate (30-45 km/h),East
2795,2016-03-02,20.3,28.8,0.0,7.8,10.7,NNE,50,NNE,ENE,13,30,59,52,1021.1,1018.9,7,7,25.1,28.1,No,No,No,2016-03-03,True,1.0,0,0,2016,1,3,Mar,2016-03,Spring,24.55,8.5,0,0,None,Strong (45-60 km/h),North
2796,2016-03-03,22.2,28.7,0.0,8.2,10.2,NE,46,NNE,NE,4,26,71,58,1021.3,1019.4,3,4,25.2,28.4,No,No,No,2016-03-04,True,1.0,0,0,2016,1,3,Mar,2016-03,Spring,25.45,6.5,0,0,None,Strong (45-60 km/h),North
2797,2016-03-04,22.8,28.3,0.0,9.6,10.1,NE,39,N,NE,20,24,70,53,1022.0,1020.1,7,2,24.9,26.9,No,No,No,2016-03-05,True,1.0,0,0,2016,1,3,Mar,2016-03,Spring,25.55,5.5,0,0,None,Moderate (30-45 km/h),North
2798,2016-03-05,20.6,27.6,0.0,9.2,10.6,NE,41,NNE,NE,11,24,64,55,1021.7,1019.4,1,1,24.6,27.2,No,No,No,2016-03-06,True,1.0,0,0,2016,1,3,Mar,2016-03,Spring,24.1,7.0,0,0,None,Moderate (30-45 km/h),North
2799,2016-03-06,20.8,27.9,0.0,9.8,10.5,NE,46,N,NE,4,20,64,59,1022.9,1021.2,2,1,24.9,26.3,No,No,No,2016-03-07,True,1.0,0,0,2016,1,3,Mar,2016-03,Spring,24.35,7.1,0,0,None,Strong (45-60 km/h),North
2800,2016-03-07,21.0,28.3,0.0,8.0,11.8,ENE,44,E,NE,7,26,71,57,1021.6,1018.8,2,1,24.5,26.8,No,No,No,2016-03-08,True,1.0,0,0,2016,1,3,Mar,2016-03,Spring,24.65,7.3,0,0,None,Moderate (30-45 km/h),East
2801,2016-03-08,22.4,28.1,0.0,8.8,10.8,ENE,33,NE,ENE,7,20,61,57,1023.4,1022.6,1,3,26.2,27.0,No,No,No,2016-03-09,True,1.0,0,0,2016,1,3,Mar,2016-03,Spring,25.25,5.7,0,0,None,Moderate (30-45 km/h),East
2802,2016-03-09,22.9,29.3,0.0,9.2,10.1,NNE,43,N,NE,13,24,71,55,1021.6,1017.9,4,4,24.8,29.1,No,No,No,2016-03-10,True,1.0,0,0,2016,1,3,Mar,2016-03,Spring,26.1,6.4,0,0,None,Moderate (30-45 km/h),North
2803,2016-03-10,22.0,30.6,0.0,8.0,6.5,SE,31,SSE,SSE,2,24,84,59,1019.7,1018.9,7,7,24.0,28.5,No,No,No,2016-03-11,True,1.0,0,0,2016,1,3,Mar,2016-03,Spring,26.3,8.6,0,0,None,Moderate (30-45 km/h),East
2804,2016-03-11,22.8,27.8,0.0,5.8,2.3,ENE,37,ENE,ENE,6,19,79,66,1020.1,1017.9,8,7,23.8,26.8,No,No,No,2016-03-12,True,1.0,0,0,2016,1,3,Mar,2016-03,Spring,25.3,5.0,0,0,None,Moderate (30-45 km/h),East
2805,2016-03-12,21.8,28.7,0.0,4.6,10.7,NE,43,WNW,E,9,24,73,60,1019.6,1018.0,1,2,24.6,27.6,No,No,No,2016-03-13,True,1.0,0,0,2016,1,3,Mar,2016-03,Spring,25.25,6.9,0,0,None,Moderate (30-45 km/h),North
2806,2016-03-13,22.6,27.7,0.0,9.0,7.7,ENE,30,NE,ENE,11,20,63,63,1020.5,1017.9,4,7,25.8,26.2,No,No,No,2016-03-14,True,1.0,0,0,2016,1,3,Mar,2016-03,Spring,25.15,5.1,0,0,None,Moderate (30-45 km/h),East
2807,2016-03-14,21.8,30.7,0.0,7.2,4.9,SSW,41,WNW,SE,9,20,84,54,1016.3,1014.3,7,6,22.9,29.9,No,Yes,Yes,2016-03-15,True,1.0,0,0,2016,1,3,Mar,2016-03,Spring,26.25,8.9,0,0,None,Moderate (30-45 km/h),South
2808,2016-03-15,19.9,25.6,16.8,7.0,4.5,SSW,44,SW,S,11,26,89,66,1019.5,1018.6,7,6,20.2,24.3,Yes,Yes,Yes,2016-03-16,True,1.0,0,0,2016,1,3,Mar,2016-03,Spring,22.75,5.7,0,1,Heavy,Moderate (30-45 km/h),South
2809,2016-03-16,19.7,26.2,23.0,6.0,7.6,ESE,39,S,SSW,9,20,88,58,1019.7,1018.0,8,4,20.7,25.4,Yes,Yes,Yes,2016-03-17,True,1.0,0,0,2016,1,3,Mar,2016-03,Spring,22.95,6.5,0,1,Heavy,Moderate (30-45 km/h),East
2810,2016-03-17,19.0,26.1,13.6,5.2,7.5,W,41,NW,E,4,15,92,59,1017.0,1012.9,7,4,19.6,25.5,Yes,Yes,Yes,2016-03-18,True,1.0,0,0,2016,1,3,Mar,2016-03,Spring,22.55,7.1,0,1,Heavy,Moderate (30-45 km/h),West
2811,2016-03-18,19.6,28.2,3.4,5.6,4.4,SSW,52,NNE,NNE,11,13,71,67,1003.6,997.6,7,7,23.4,26.4,Yes,Yes,Yes,2016-03-19,True,1.0,0,0,2016,1,3,Mar,2016-03,Spring,23.9,8.6,0,1,Moderate,Strong (45-60 km/h),South
2812,2016-03-19,16.2,24.4,4.8,5.4,11.0,W,44,WSW,SE,20,22,43,36,1010.9,1011.2,1,1,18.4,23.8,Yes,No,No,2016-03-20,True,1.0,0,0,2016,1,3,Mar,2016-03,Spring,20.3,8.2,0,1,Moderate,Moderate (30-45 km/h),West
2813,2016-03-20,17.4,22.0,0.2,7.8,3.4,S,52,SSW,S,15,20,63,81,1017.5,1016.8,7,8,18.6,18.1,No,Yes,Yes,2016-03-21,True,1.0,0,0,2016,1,3,Mar,2016-03,Spring,19.7,4.6,0,0,Light,Strong (45-60 km/h),South
2814,2016-03-21,15.4,21.2,61.2,5.8,2.7,S,43,WSW,SSW,19,24,91,65,1018.8,1016.5,8,7,15.6,20.7,Yes,Yes,Yes,2016-03-22,True,1.0,0,1,2016,1,3,Mar,2016-03,Spring,18.3,5.8,0,1,Extreme,Moderate (30-45 km/h),South
2815,2016-03-22,14.3,23.8,25.4,2.8,6.9,S,50,W,S,20,19,74,63,1017.5,1015.5,3,7,17.1,21.5,Yes,Yes,Yes,2016-03-23,True,1.0,0,0,2016,1,3,Mar,2016-03,Spring,19.05,9.5,0,1,Heavy,Strong (45-60 km/h),South
2816,2016-03-23,14.9,25.3,1.6,4.2,9.5,W,33,W,ESE,20,15,66,51,1018.2,1016.9,1,3,18.3,23.9,Yes,No,No,2016-03-24,True,1.0,0,0,2016,1,3,Mar,2016-03,Spring,20.1,10.4,0,1,Light,Moderate (30-45 km/h),West
2817,2016-03-24,16.5,27.4,0.0,5.2,9.3,ENE,31,W,E,11,24,73,51,1020.7,1019.0,6,3,19.4,25.8,No,No,No,2016-03-25,True,1.0,0,0,2016,1,3,Mar,2016-03,Spring,21.95,10.9,0,0,None,Moderate (30-45 km/h),East
2818,2016-03-25,19.3,25.2,0.0,6.8,0.3,S,24,WNW,WNW,11,9,78,62,1018.9,1016.3,7,7,20.4,22.9,No,No,No,2016-03-26,True,1.0,0,0,2016,1,3,Mar,2016-03,Spring,22.25,5.9,0,0,None,Light (<30 km/h),South
2819,2016-03-26,17.1,26.0,0.0,3.0,10.2,ENE,28,WNW,ENE,17,17,71,59,1018.6,1016.0,2,2,20.0,24.5,No,No,No,2016-03-27,True,1.0,0,0,2016,1,3,Mar,2016-03,Spring,21.55,8.9,0,0,None,Light (<30 km/h),East
2820,2016-03-27,19.3,24.2,0.2,4.0,5.7,ESE,41,S,E,9,20,83,63,1018.2,1017.0,5,6,22.2,23.0,No,Yes,Yes,2016-03-28,True,1.0,0,0,2016,1,3,Mar,2016-03,Spring,21.75,4.9,0,0,Light,Moderate (30-45 km/h),East
2821,2016-03-28,19.4,26.0,34.8,5.8,4.1,SSW,26,S,ESE,15,20,88,64,1018.7,1015.7,6,6,20.6,26.0,Yes,No,No,2016-03-29,True,1.0,0,0,2016,1,3,Mar,2016-03,Spring,22.7,6.6,0,1,Heavy,Light (<30 km/h),South
2822,2016-03-29,20.6,23.3,0.0,4.0,0.0,SSW,37,SSW,SSW,13,19,84,84,1017.5,1016.0,7,8,21.2,21.1,No,Yes,Yes,2016-03-30,True,1.0,0,0,2016,1,3,Mar,2016-03,Spring,21.95,2.7,0,0,None,Moderate (30-45 km/h),South
2823,2016-03-30,19.0,28.7,7.0,1.4,7.5,WNW,30,W,NW,17,7,81,31,1015.0,1012.0,1,6,20.5,26.8,Yes,Yes,Yes,2016-03-31,True,1.0,0,0,2016,1,3,Mar,2016-03,Spring,23.85,9.7,0,1,Moderate,Moderate (30-45 km/h),West
2824,2016-03-31,16.5,25.6,1.2,6.8,10.6,SSE,39,W,SSE,20,20,51,42,1017.1,1016.2,1,2,19.9,24.7,Yes,No,No,2016-04-01,True,1.0,0,0,2016,1,3,Mar,2016-03,Spring,21.05,9.1,0,1,Light,Moderate (30-45 km/h),South
2825,2016-04-01,16.6,25.6,0.0,5.4,10.2,NE,37,W,ENE,15,28,69,58,1019.1,1015.1,3,1,20.2,24.9,No,No,No,2016-04-02,True,1.0,0,0,2016,2,4,Apr,2016-04,Spring,21.1,9.0,0,0,None,Moderate (30-45 km/h),North
2826,2016-04-02,18.3,31.2,0.0,6.8,10.3,SSE,35,W,SW,19,9,63,19,1016.4,1014.6,7,3,19.9,29.7,No,No,No,2016-04-03,True,1.0,0,0,2016,2,4,Apr,2016-04,Spring,24.75,12.9,0,0,None,Moderate (30-45 km/h),South
2827,2016-04-03,19.5,25.2,0.0,6.8,6.7,SSE,35,SSW,ESE,17,19,74,64,1024.6,1022.1,6,2,21.2,23.3,No,Yes,Yes,2016-04-04,True,1.0,0,0,2016,2,4,Apr,2016-04,Spring,22.35,5.7,0,0,None,Moderate (30-45 km/h),South
2828,2016-04-04,18.7,23.5,94.4,3.4,0.8,ENE,33,SE,ESE,6,17,91,71,1023.2,1019.6,8,7,19.5,23.3,Yes,Yes,Yes,2016-04-05,True,1.0,0,1,2016,2,4,Apr,2016-04,Spring,21.1,4.8,0,1,Extreme,Moderate (30-45 km/h),East
2829,2016-04-05,18.6,26.2,6.4,3.0,10.4,W,41,NNE,NNE,9,24,64,58,1020.1,1015.2,1,3,23.5,25.6,Yes,No,No,2016-04-06,True,1.0,0,0,2016,2,4,Apr,2016-04,Spring,22.4,7.6,0,1,Moderate,Moderate (30-45 km/h),West
2830,2016-04-06,19.9,34.2,0.0,6.8,10.6,NE,43,ESE,NNE,7,26,54,46,1015.9,1011.6,1,1,25.0,29.3,No,No,No,2016-04-07,True,1.0,0,0,2016,2,4,Apr,2016-04,Spring,27.05,14.3,0,0,None,Moderate (30-45 km/h),North
2831,2016-04-07,19.9,20.5,0.2,8.4,0.0,SSE,43,SSE,SSE,26,19,59,54,1023.2,1022.3,8,7,20.1,19.9,No,No,No,2016-04-08,True,1.0,0,0,2016,2,4,Apr,2016-04,Spring,20.2,0.6,0,0,Light,Moderate (30-45 km/h),South
2832,2016-04-08,17.7,20.6,0.0,4.0,0.0,ENE,31,W,E,13,2,71,70,1023.5,1021.2,8,8,18.8,20.5,No,No,No,2016-04-09,True,1.0,0,0,2016,2,4,Apr,2016-04,Spring,19.15,2.9,0,0,None,Moderate (30-45 km/h),East
2833,2016-04-09,16.0,25.0,0.4,1.2,9.5,ESE,26,WNW,SE,17,15,65,57,1022.0,1018.8,2,7,19.3,24.0,No,No,No,2016-04-10,True,1.0,0,0,2016,2,4,Apr,2016-04,Spring,20.5,9.0,0,0,Light,Light (<30 km/h),East
2834,2016-04-10,16.1,27.3,0.0,3.8,9.6,W,41,WNW,E,19,19,70,51,1019.8,1015.5,5,3,19.3,23.7,No,No,No,2016-04-11,True,1.0,0,0,2016,2,4,Apr,2016-04,Spring,21.7,11.2,0,0,None,Moderate (30-45 km/h),West
2835,2016-04-11,16.1,26.5,0.0,6.4,9.4,WSW,31,WNW,SE,15,19,51,46,1017.5,1016.4,3,6,19.6,24.1,No,Yes,Yes,2016-04-12,True,1.0,0,0,2016,2,4,Apr,2016-04,Spring,21.3,10.4,0,0,None,Moderate (30-45 km/h),West
2836,2016-04-12,17.4,22.9,8.2,5.6,5.7,S,35,SE,SSE,7,22,85,68,1023.1,1021.8,7,5,18.3,20.5,Yes,No,No,2016-04-13,True,1.0,0,0,2016,2,4,Apr,2016-04,Spring,20.15,5.5,0,1,Moderate,Moderate (30-45 km/h),South
2837,2016-04-13,15.5,24.2,0.6,4.2,8.3,ESE,28,WNW,ESE,11,19,72,57,1027.4,1026.3,6,2,19.7,22.5,No,No,No,2016-04-14,True,1.0,0,0,2016,2,4,Apr,2016-04,Spring,19.85,8.7,0,0,Light,Light (<30 km/h),East
2838,2016-04-14,15.7,22.9,0.6,3.4,2.4,ENE,33,S,NE,6,15,88,62,1030.2,1027.5,7,7,18.6,22.3,No,No,No,2016-04-15,True,1.0,0,0,2016,2,4,Apr,2016-04,Spring,19.3,7.2,0,0,Light,Moderate (30-45 km/h),East
2839,2016-04-15,16.5,24.6,1.0,3.4,9.9,NE,33,W,NE,2,19,66,51,1026.4,1021.8,6,5,21.3,24.2,No,No,No,2016-04-16,True,1.0,0,0,2016,2,4,Apr,2016-04,Spring,20.55,8.1,0,1,Light,Moderate (30-45 km/h),North
2840,2016-04-16,16.6,25.5,0.0,5.0,9.3,SSE,28,W,ENE,7,11,69,49,1021.2,1017.8,6,7,19.8,24.7,No,No,No,2016-04-17,True,1.0,0,0,2016,2,4,Apr,2016-04,Spring,21.05,8.9,0,0,None,Light (<30 km/h),South
2841,2016-04-17,19.1,23.2,0.0,4.6,3.2,SSW,43,SSW,SSE,15,17,73,77,1022.1,1020.4,7,7,20.1,20.5,No,Yes,Yes,2016-04-18,True,1.0,0,0,2016,2,4,Apr,2016-04,Spring,21.15,4.1,0,0,None,Moderate (30-45 km/h),South
2842,2016-04-18,15.1,24.2,2.0,3.0,7.6,SSE,37,W,SSE,17,17,75,68,1021.8,1019.2,6,7,18.9,21.2,Yes,Yes,Yes,2016-04-19,True,1.0,0,0,2016,2,4,Apr,2016-04,Spring,19.65,9.1,0,1,Light,Moderate (30-45 km/h),South
2843,2016-04-19,16.9,23.9,15.0,5.0,6.9,W,24,W,ESE,13,17,83,68,1021.7,1020.1,3,7,19.5,22.2,Yes,Yes,Yes,2016-04-20,True,1.0,0,0,2016,2,4,Apr,2016-04,Spring,20.4,7.0,0,1,Heavy,Light (<30 km/h),West
2844,2016-04-20,16.7,25.5,15.8,3.4,10.3,E,22,W,E,15,13,82,66,1024.6,1022.0,3,2,19.3,23.2,Yes,No,No,2016-04-21,True,1.0,0,0,2016,2,4,Apr,2016-04,Spring,21.1,8.8,0,1,Heavy,Light (<30 km/h),East
2845,2016-04-21,17.3,24.5,0.0,3.4,10.5,ENE,30,W,NE,9,13,79,69,1023.1,1019.1,2,5,20.2,24.1,No,No,No,2016-04-22,True,1.0,0,0,2016,2,4,Apr,2016-04,Spring,20.9,7.2,0,0,None,Moderate (30-45 km/h),East
2846,2016-04-22,17.1,25.9,0.0,4.0,7.1,SSW,44,WNW,S,13,24,70,69,1020.1,1019.1,1,7,20.2,21.8,No,Yes,Yes,2016-04-23,True,1.0,0,0,2016,2,4,Apr,2016-04,Spring,21.5,8.8,0,0,None,Moderate (30-45 km/h),South
2847,2016-04-23,16.2,20.2,6.6,3.4,1.3,SSW,52,SSW,SSW,22,17,83,85,1024.2,1024.5,7,6,16.8,16.5,Yes,Yes,Yes,2016-04-24,True,1.0,0,0,2016,2,4,Apr,2016-04,Spring,18.2,4.0,0,1,Moderate,Strong (45-60 km/h),South
2848,2016-04-24,15.3,23.1,3.8,2.6,9.9,SSE,43,ESE,ESE,22,20,61,49,1029.8,1029.3,5,3,20.1,21.5,Yes,No,No,2016-04-25,True,1.0,0,0,2016,2,4,Apr,2016-04,Spring,19.2,7.8,0,1,Moderate,Moderate (30-45 km/h),South
2849,2016-04-25,13.1,22.8,0.0,4.8,10.4,W,20,WNW,ESE,13,15,76,53,1032.0,1029.4,1,1,16.3,21.7,No,No,No,2016-04-26,True,1.0,0,0,2016,2,4,Apr,2016-04,Spring,17.95,9.7,0,0,None,Light (<30 km/h),West
2850,2016-04-26,14.2,23.7,0.0,2.8,9.6,W,22,WNW,E,13,13,75,56,1030.9,1027.6,3,3,17.2,22.2,No,No,No,2016-04-27,True,1.0,0,0,2016,2,4,Apr,2016-04,Spring,18.95,9.5,0,0,None,Light (<30 km/h),West
2851,2016-04-27,15.3,23.7,0.0,2.8,10.7,NE,35,WNW,NE,15,19,78,54,1028.1,1023.7,1,2,17.8,23.0,No,No,No,2016-04-28,True,1.0,0,0,2016,2,4,Apr,2016-04,Spring,19.5,8.4,0,0,None,Moderate (30-45 km/h),North
2852,2016-04-28,15.7,25.1,0.0,5.2,7.7,E,24,W,E,11,20,84,61,1024.9,1021.5,7,1,18.4,23.7,No,No,No,2016-04-29,True,1.0,0,0,2016,2,4,Apr,2016-04,Spring,20.4,9.4,0,0,None,Light (<30 km/h),East
2853,2016-04-29,16.0,24.2,0.0,4.8,4.6,NE,26,W,NE,13,11,75,65,1022.8,1018.5,4,8,18.8,23.3,No,No,No,2016-04-30,True,1.0,0,0,2016,2,4,Apr,2016-04,Spring,20.1,8.2,0,0,None,Light (<30 km/h),North
2854,2016-04-30,18.8,26.5,0.0,3.4,4.5,N,33,NE,WNW,4,9,74,54,1018.7,1015.6,8,6,20.5,26.0,No,Yes,Yes,2016-05-01,True,1.0,0,0,2016,2,4,Apr,2016-04,Spring,22.65,7.7,0,0,None,Moderate (30-45 km/h),North
2855,2016-05-01,18.1,26.1,2.8,3.4,4.7,NNW,44,N,N,19,20,86,55,1013.6,1009.6,7,5,19.4,25.4,Yes,No,No,2016-05-02,True,1.0,0,0,2016,2,5,May,2016-05,Spring,22.1,8.0,0,1,Moderate,Moderate (30-45 km/h),North
2856,2016-05-02,13.9,21.3,0.0,4.8,6.1,W,41,NW,NE,7,9,56,60,1017.3,1012.2,0,7,16.3,21.2,No,No,No,2016-05-03,True,1.0,0,0,2016,2,5,May,2016-05,Spring,17.6,7.4,0,0,None,Moderate (30-45 km/h),West
2857,2016-05-03,12.8,26.4,0.0,3.4,10.4,NW,33,W,WNW,11,20,61,27,1012.6,1006.4,1,0,16.0,25.8,No,No,No,2016-05-04,True,1.0,0,0,2016,2,5,May,2016-05,Spring,19.6,13.6,0,0,None,Moderate (30-45 km/h),North
2858,2016-05-04,16.0,26.2,0.0,8.0,10.2,NNW,26,W,E,17,15,49,41,1015.2,1014.2,1,2,19.1,23.1,No,No,No,2016-05-05,True,1.0,0,0,2016,2,5,May,2016-05,Spring,21.1,10.2,0,0,None,Light (<30 km/h),North
2859,2016-05-05,13.5,22.4,0.0,4.0,10.1,W,28,WNW,E,13,20,55,54,1020.7,1016.9,1,1,16.2,21.3,No,No,No,2016-05-06,True,1.0,0,0,2016,2,5,May,2016-05,Spring,17.95,8.9,0,0,None,Light (<30 km/h),West
2860,2016-05-06,14.0,26.7,0.0,3.4,9.9,W,41,W,ESE,19,13,69,42,1019.6,1017.2,4,1,16.4,23.2,No,No,No,2016-05-07,True,1.0,0,0,2016,2,5,May,2016-05,Spring,20.35,12.7,0,0,None,Moderate (30-45 km/h),West
2861,2016-05-07,12.4,22.9,0.0,5.6,8.7,W,24,W,ENE,13,13,75,60,1021.3,1018.4,0,6,15.4,21.6,No,No,No,2016-05-08,True,1.0,0,0,2016,2,5,May,2016-05,Spring,17.65,10.5,0,0,None,Light (<30 km/h),West
2862,2016-05-08,15.3,20.8,0.0,1.4,0.0,WNW,22,W,E,11,9,86,74,1018.5,1013.8,7,7,18.2,20.5,No,Yes,Yes,2016-05-09,True,1.0,0,0,2016,2,5,May,2016-05,Spring,18.05,5.5,0,0,None,Light (<30 km/h),West
2863,2016-05-09,18.0,22.2,1.6,1.0,0.0,NW,43,NNE,NNE,11,17,76,72,1008.8,1003.7,7,7,20.1,21.8,Yes,No,No,2016-05-10,True,1.0,0,0,2016,2,5,May,2016-05,Spring,20.1,4.2,0,1,Light,Moderate (30-45 km/h),North
2864,2016-05-10,17.3,24.6,0.0,4.4,9.7,NW,72,NW,WNW,20,35,51,35,1006.5,1004.3,1,1,19.8,23.8,No,No,No,2016-05-11,True,1.0,0,0,2016,2,5,May,2016-05,Spring,20.95,7.3,0,0,None,Gale (>60 km/h),North
2865,2016-05-11,12.6,23.1,0.0,8.0,7.5,W,43,WSW,WSW,9,17,51,21,1015.5,1012.2,1,6,15.3,21.3,No,No,No,2016-05-12,True,1.0,0,0,2016,2,5,May,2016-05,Spring,17.85,10.5,0,0,None,Moderate (30-45 km/h),West
2866,2016-05-12,13.7,24.5,0.0,6.0,9.1,W,46,NNW,WNW,15,22,52,35,1014.7,1013.9,2,6,17.5,23.3,No,No,No,2016-05-13,True,1.0,0,0,2016,2,5,May,2016-05,Spring,19.1,10.8,0,0,None,Strong (45-60 km/h),West
2867,2016-05-13,13.9,25.9,0.0,4.0,10.0,WSW,30,WNW,WNW,13,11,60,32,1021.8,1019.6,1,1,17.3,25.6,No,No,No,2016-05-14,True,1.0,0,0,2016,2,5,May,2016-05,Spring,19.9,12.0,0,0,None,Moderate (30-45 km/h),West
2868,2016-05-14,12.4,26.6,0.0,7.2,10.2,W,28,WNW,ENE,19,15,62,50,1023.7,1019.9,0,0,14.7,22.3,No,No,No,2016-05-15,True,1.0,0,0,2016,2,5,May,2016-05,Spring,19.5,14.2,0,0,None,Light (<30 km/h),West
2869,2016-05-15,13.2,24.4,0.0,2.2,5.2,W,30,W,N,20,9,42,41,1017.4,1013.7,6,5,17.8,22.4,No,No,No,2016-05-16,True,1.0,0,0,2016,2,5,May,2016-05,Spring,18.8,11.2,0,0,None,Moderate (30-45 km/h),West
2870,2016-05-16,13.6,22.9,0.0,3.2,9.1,ENE,28,W,NE,17,15,66,59,1021.4,1017.7,1,1,16.4,22.4,No,No,No,2016-05-17,True,1.0,0,0,2016,2,5,May,2016-05,Spring,18.25,9.3,0,0,None,Light (<30 km/h),East
2871,2016-05-17,16.3,28.2,0.0,4.8,8.9,WSW,31,WNW,WNW,7,15,55,26,1017.0,1014.3,2,1,18.3,27.7,No,No,No,2016-05-18,True,1.0,0,0,2016,2,5,May,2016-05,Spring,22.25,11.9,0,0,None,Moderate (30-45 km/h),West
2872,2016-05-18,12.7,21.9,0.0,6.6,3.0,WSW,39,W,N,17,11,49,34,1018.8,1015.2,7,7,14.6,21.4,No,No,No,2016-05-19,True,1.0,0,0,2016,2,5,May,2016-05,Spring,17.3,9.2,0,0,None,Moderate (30-45 km/h),West
2873,2016-05-19,11.9,23.2,0.0,4.0,9.9,W,37,WNW,WNW,9,17,54,29,1017.9,1013.4,0,1,14.5,23.0,No,No,No,2016-05-20,True,1.0,0,0,2016,2,5,May,2016-05,Spring,17.55,11.3,0,0,None,Moderate (30-45 km/h),West
2874,2016-05-20,12.8,24.9,0.0,4.0,9.2,W,41,WSW,SE,19,17,53,51,1020.3,1019.3,0,1,17.3,22.2,No,No,No,2016-05-21,True,1.0,0,0,2016,2,5,May,2016-05,Spring,18.85,12.1,0,0,None,Moderate (30-45 km/h),West
2875,2016-05-21,13.6,21.5,0.0,3.4,4.4,W,24,W,E,13,9,72,56,1027.3,1024.0,6,7,15.5,20.8,No,No,No,2016-05-22,True,1.0,0,0,2016,2,5,May,2016-05,Spring,17.55,7.9,0,0,None,Light (<30 km/h),West
2876,2016-05-22,14.5,22.0,0.0,2.0,9.1,NNE,24,W,E,13,9,82,66,1024.4,1020.2,1,4,16.0,21.8,No,No,No,2016-05-23,True,1.0,0,0,2016,2,5,May,2016-05,Spring,18.25,7.5,0,0,None,Light (<30 km/h),North
2877,2016-05-23,15.2,26.8,0.0,4.0,9.2,WSW,61,NW,SSW,9,22,53,32,1013.9,1012.4,3,1,21.5,23.8,No,No,No,2016-05-24,True,1.0,0,0,2016,2,5,May,2016-05,Spring,21.0,11.6,0,0,None,Gale (>60 km/h),West
2878,2016-05-24,12.1,22.3,0.0,7.6,9.9,W,44,W,WSW,17,19,50,21,1018.1,1013.6,1,2,14.1,20.8,No,No,No,2016-05-25,True,1.0,0,0,2016,2,5,May,2016-05,Spring,17.2,10.2,0,0,None,Moderate (30-45 km/h),West
2879,2016-05-25,10.4,21.2,0.0,3.2,8.7,W,33,W,E,22,6,54,29,1017.8,1013.5,4,7,12.9,20.8,No,No,No,2016-05-26,True,1.0,0,0,2016,2,5,May,2016-05,Spring,15.8,10.8,0,0,None,Moderate (30-45 km/h),West
2880,2016-05-26,12.9,20.2,0.2,4.6,4.8,NW,48,NNW,NW,22,24,52,48,1006.9,1000.4,7,2,15.0,19.9,No,No,No,2016-05-27,True,1.0,0,0,2016,2,5,May,2016-05,Spring,16.55,7.3,0,0,Light,Strong (45-60 km/h),North
2881,2016-05-27,12.8,18.6,0.2,4.0,9.9,W,61,W,W,17,37,42,27,1003.5,1001.7,1,1,14.0,17.9,No,No,No,2016-05-28,True,1.0,0,0,2016,2,5,May,2016-05,Spring,15.7,5.8,0,0,Light,Gale (>60 km/h),West
2882,2016-05-28,9.8,14.8,0.0,5.6,2.1,W,39,NNW,W,9,13,63,70,1007.2,1006.0,6,6,12.9,14.3,No,Yes,Yes,2016-05-29,True,1.0,0,0,2016,2,5,May,2016-05,Spring,12.3,5.0,0,0,None,Moderate (30-45 km/h),West
2883,2016-05-29,9.2,19.3,2.2,1.6,9.8,W,37,W,W,17,15,59,29,1017.2,1016.5,1,1,11.0,18.7,Yes,No,No,2016-05-30,True,1.0,0,0,2016,2,5,May,2016-05,Spring,14.25,10.1,0,1,Light,Moderate (30-45 km/h),West
2884,2016-05-30,7.3,19.9,0.2,2.6,9.5,W,39,W,WSW,24,9,62,30,1025.5,1024.1,1,1,9.5,19.1,No,No,No,2016-05-31,True,1.0,0,0,2016,2,5,May,2016-05,Spring,13.6,12.6,0,0,Light,Moderate (30-45 km/h),West
2885,2016-05-31,8.7,17.5,0.0,2.2,1.7,SE,35,W,SE,17,6,76,87,1029.6,1027.2,7,7,11.0,15.8,No,Yes,Yes,2016-06-01,True,1.0,0,0,2016,2,5,May,2016-05,Spring,13.1,8.8,0,0,None,Moderate (30-45 km/h),East
2886,2016-06-01,10.9,17.9,29.4,0.6,1.4,W,24,W,ENE,15,7,89,74,1029.1,1026.6,7,7,13.1,16.0,Yes,No,No,2016-06-02,True,1.0,0,0,2016,2,6,Jun,2016-06,Summer,14.4,7.0,0,1,Heavy,Light (<30 km/h),West
2887,2016-06-02,11.1,19.1,1.0,2.4,8.7,W,41,W,SSE,19,15,85,60,1027.0,1024.3,2,7,12.3,18.6,No,No,No,2016-06-03,True,1.0,0,0,2016,2,6,Jun,2016-06,Summer,15.1,8.0,0,1,Light,Moderate (30-45 km/h),West
2888,2016-06-03,11.7,18.3,0.2,2.4,1.3,WSW,28,WNW,S,11,11,78,73,1025.4,1021.6,7,7,13.3,18.3,No,Yes,Yes,2016-06-04,True,1.0,0,0,2016,2,6,Jun,2016-06,Summer,15.0,6.6,0,0,Light,Light (<30 km/h),West
2889,2016-06-04,13.3,21.1,64.4,4.8,0.0,ENE,89,NNE,NE,13,30,91,82,1015.4,1009.5,8,8,17.0,18.8,Yes,Yes,Yes,2016-06-05,True,1.0,0,1,2016,2,6,Jun,2016-06,Summer,17.2,7.8,0,1,Extreme,Gale (>60 km/h),East
2890,2016-06-05,16.3,19.7,93.8,4.8,0.0,ENE,96,NE,ENE,31,57,89,85,1002.5,995.9,8,8,18.8,19.7,Yes,Yes,Yes,2016-06-06,True,1.0,0,1,2016,2,6,Jun,2016-06,Summer,18.0,3.4,0,1,Extreme,Gale (>60 km/h),East
2891,2016-06-06,13.7,18.4,68.4,12.6,2.2,W,59,W,WSW,28,28,59,43,999.8,998.4,7,7,14.9,17.9,Yes,No,No,2016-06-07,True,1.0,0,1,2016,2,6,Jun,2016-06,Summer,16.05,4.7,0,1,Extreme,Strong (45-60 km/h),West
2892,2016-06-07,11.3,19.9,0.0,5.2,3.6,WNW,44,NNW,WNW,20,20,59,40,1004.1,1002.7,4,7,13.8,17.9,No,No,No,2016-06-08,True,1.0,0,0,2016,2,6,Jun,2016-06,Summer,15.6,8.6,0,0,None,Moderate (30-45 km/h),West
2893,2016-06-08,10.9,20.7,0.0,1.8,9.3,WNW,31,WNW,WNW,15,15,65,40,1011.4,1009.2,1,1,13.8,20.2,No,No,No,2016-06-09,True,1.0,0,0,2016,2,6,Jun,2016-06,Summer,15.8,9.8,0,0,None,Moderate (30-45 km/h),West
2894,2016-06-09,13.8,22.0,0.2,4.8,6.0,NW,59,NNW,WNW,31,17,62,32,1006.8,1005.9,7,1,17.4,21.6,No,No,No,2016-06-10,True,1.0,0,0,2016,2,6,Jun,2016-06,Summer,17.9,8.2,0,0,Light,Strong (45-60 km/h),North
2895,2016-06-10,13.1,21.4,0.2,6.2,9.1,W,35,WNW,WNW,15,7,64,41,1017.4,1016.8,1,1,15.3,20.8,No,No,No,2016-06-11,True,1.0,0,0,2016,2,6,Jun,2016-06,Summer,17.25,8.3,0,0,Light,Moderate (30-45 km/h),West
2896,2016-06-11,10.1,19.8,0.0,3.2,8.7,WSW,54,W,W,24,19,53,34,1022.5,1020.7,1,5,13.4,19.3,No,No,No,2016-06-12,True,1.0,0,0,2016,2,6,Jun,2016-06,Summer,14.95,9.7,0,0,None,Strong (45-60 km/h),West
2897,2016-06-12,7.9,18.1,0.0,5.4,8.3,SW,33,W,S,22,7,62,34,1036.2,1034.9,4,1,9.4,17.6,No,No,No,2016-06-13,True,1.0,0,0,2016,2,6,Jun,2016-06,Summer,13.0,10.2,0,0,None,Moderate (30-45 km/h),South
2898,2016-06-13,8.5,20.3,0.0,1.0,6.5,W,30,W,E,20,9,65,51,1039.0,1035.5,5,1,10.3,17.7,No,No,No,2016-06-14,True,1.0,0,0,2016,2,6,Jun,2016-06,Summer,14.4,11.8,0,0,None,Moderate (30-45 km/h),West
2899,2016-06-14,9.9,21.2,0.0,2.2,9.6,W,41,W,WNW,15,6,80,42,1035.8,1031.6,1,4,11.6,20.9,No,No,No,2016-06-15,True,1.0,0,0,2016,2,6,Jun,2016-06,Summer,15.55,11.3,0,0,None,Moderate (30-45 km/h),West
2900,2016-06-15,9.1,20.5,0.0,3.4,8.2,WNW,26,WNW,E,17,9,72,45,1033.4,1029.8,5,3,10.6,19.2,No,No,No,2016-06-16,True,1.0,0,0,2016,2,6,Jun,2016-06,Summer,14.8,11.4,0,0,None,Light (<30 km/h),West
2901,2016-06-16,10.2,22.2,0.0,2.2,9.6,NNW,30,W,N,13,11,81,42,1025.5,1019.3,1,1,12.9,21.2,No,No,No,2016-06-17,True,1.0,0,0,2016,2,6,Jun,2016-06,Summer,16.2,12.0,0,0,None,Moderate (30-45 km/h),North
2902,2016-06-17,12.7,19.3,0.0,3.6,1.4,NNW,30,NNW,N,20,17,53,60,1017.7,1014.6,6,7,17.4,18.7,No,Yes,Yes,2016-06-18,True,1.0,0,0,2016,2,6,Jun,2016-06,Summer,16.0,6.6,0,0,None,Moderate (30-45 km/h),North
2903,2016-06-18,14.7,21.1,5.0,3.6,3.4,SSW,31,E,ESE,6,4,90,64,1017.4,1015.4,7,6,15.4,20.7,Yes,No,No,2016-06-19,True,1.0,0,0,2016,2,6,Jun,2016-06,Summer,17.9,6.4,0,1,Moderate,Moderate (30-45 km/h),South
2904,2016-06-19,14.5,19.5,0.4,0.8,0.0,NNE,52,W,ESE,13,20,81,89,1017.2,1010.4,7,8,15.2,16.7,No,Yes,Yes,2016-06-20,True,1.0,0,0,2016,2,6,Jun,2016-06,Summer,17.0,5.0,0,0,Light,Strong (45-60 km/h),North
2905,2016-06-20,15.0,20.4,38.8,2.2,3.5,NNW,52,NNW,NW,9,22,76,52,999.5,994.2,6,6,16.2,17.9,Yes,No,No,2016-06-21,True,1.0,0,0,2016,2,6,Jun,2016-06,Summer,17.7,5.4,0,1,Heavy,Strong (45-60 km/h),North
2906,2016-06-21,14.9,18.4,0.0,6.0,5.5,NW,59,NW,WNW,22,28,56,38,1003.3,1002.0,7,4,15.8,17.8,No,No,No,2016-06-22,True,1.0,0,0,2016,2,6,Jun,2016-06,Summer,16.65,3.5,0,0,None,Strong (45-60 km/h),North
2907,2016-06-22,12.8,19.7,0.0,4.4,9.0,W,50,NW,W,17,28,60,34,1004.8,1005.0,2,1,15.0,19.3,No,No,No,2016-06-23,True,1.0,0,0,2016,2,6,Jun,2016-06,Summer,16.25,6.9,0,0,None,Strong (45-60 km/h),West
2908,2016-06-23,9.4,18.5,0.0,5.0,8.2,NNW,35,NNW,NNW,7,24,58,43,1012.6,1007.4,7,4,12.8,17.4,No,No,No,2016-06-24,True,1.0,0,0,2016,2,6,Jun,2016-06,Summer,13.95,9.1,0,0,None,Moderate (30-45 km/h),North
2909,2016-06-24,12.7,16.3,0.0,3.8,6.5,W,69,WNW,W,13,43,52,33,1003.8,1003.2,5,3,15.8,14.4,No,No,No,2016-06-25,True,1.0,0,0,2016,2,6,Jun,2016-06,Summer,14.5,3.6,0,0,None,Gale (>60 km/h),West
2910,2016-06-25,7.3,15.1,0.6,5.4,9.6,W,54,W,S,28,17,49,31,1018.1,1018.1,1,1,8.4,14.3,No,No,No,2016-06-26,True,1.0,0,0,2016,2,6,Jun,2016-06,Summer,11.2,7.8,0,0,Light,Strong (45-60 km/h),West
2911,2016-06-26,5.6,15.3,0.0,3.6,5.2,W,39,W,W,20,7,61,45,1021.1,1017.0,6,7,7.4,13.7,No,No,No,2016-06-27,True,1.0,0,0,2016,2,6,Jun,2016-06,Summer,10.45,9.7,0,0,None,Moderate (30-45 km/h),West
2912,2016-06-27,7.4,11.7,0.0,2.2,0.0,W,46,W,SW,26,9,74,74,1015.3,1013.6,8,8,9.3,11.0,No,Yes,Yes,2016-06-28,True,1.0,0,0,2016,2,6,Jun,2016-06,Summer,9.55,4.3,0,0,None,Strong (45-60 km/h),West
2913,2016-06-28,7.7,17.3,2.4,1.4,8.9,WSW,46,W,SSW,31,13,57,36,1022.9,1023.1,1,1,9.6,16.9,Yes,No,No,2016-06-29,True,1.0,0,0,2016,2,6,Jun,2016-06,Summer,12.5,9.6,0,1,Light,Strong (45-60 km/h),West
2914,2016-06-29,6.7,18.8,0.2,4.0,9.6,W,31,W,N,22,4,66,33,1028.4,1025.4,1,1,8.8,18.6,No,No,No,2016-07-02,False,1.0,0,0,2016,2,6,Jun,2016-06,Summer,12.75,12.1,0,0,Light,Moderate (30-45 km/h),West
2915,2016-07-02,8.2,18.2,0.0,2.8,9.5,W,37,W,W,24,17,62,36,1025.5,1023.2,1,1,10.1,17.8,No,No,No,2016-07-03,True,3.0,1,0,2016,3,7,Jul,2016-07,Summer,13.2,10.0,0,0,None,Moderate (30-45 km/h),West
2916,2016-07-03,6.5,18.1,0.0,3.6,9.5,W,24,W,ENE,17,13,72,42,1026.6,1022.6,1,0,9.2,16.5,No,No,No,2016-07-04,True,1.0,0,0,2016,3,7,Jul,2016-07,Summer,12.3,11.6,0,0,None,Light (<30 km/h),West
2917,2016-07-04,6.4,15.6,0.0,3.4,7.5,W,22,WNW,SE,13,6,77,58,1020.8,1016.2,5,7,7.6,14.4,No,Yes,Yes,2016-07-05,True,1.0,0,0,2016,3,7,Jul,2016-07,Summer,11.0,9.2,0,0,None,Light (<30 km/h),West
2918,2016-07-05,7.5,18.8,4.8,0.6,5.8,NW,46,W,NW,11,17,90,55,1011.9,1006.1,8,2,9.6,17.7,Yes,No,No,2016-07-06,True,1.0,0,0,2016,3,7,Jul,2016-07,Summer,13.15,11.3,0,1,Moderate,Strong (45-60 km/h),North
2919,2016-07-06,9.5,17.7,0.2,4.4,4.8,W,61,WNW,WSW,22,31,54,47,1004.0,1003.0,6,6,12.9,15.9,No,Yes,Yes,2016-07-07,True,1.0,0,0,2016,3,7,Jul,2016-07,Summer,13.6,8.2,0,0,Light,Gale (>60 km/h),West
2920,2016-07-07,12.9,17.2,29.4,6.4,1.6,S,50,S,WSW,19,22,85,86,1015.4,1016.5,7,7,14.9,14.6,Yes,Yes,Yes,2016-07-08,True,1.0,0,0,2016,3,7,Jul,2016-07,Summer,15.05,4.3,0,1,Heavy,Strong (45-60 km/h),South
2921,2016-07-08,12.4,15.6,22.4,4.8,0.0,W,28,W,SSW,17,7,92,80,1019.8,1018.4,8,8,12.7,15.5,Yes,Yes,Yes,2016-07-09,True,1.0,0,0,2016,3,7,Jul,2016-07,Summer,14.0,3.2,0,1,Heavy,Light (<30 km/h),West
2922,2016-07-09,8.7,18.0,2.2,0.6,5.2,SW,30,WNW,S,20,13,88,64,1023.5,1022.4,3,5,10.5,16.4,Yes,No,No,2016-07-10,True,1.0,0,0,2016,3,7,Jul,2016-07,Summer,13.35,9.3,0,1,Light,Moderate (30-45 km/h),South
2923,2016-07-10,10.5,17.9,1.0,1.8,7.3,W,30,WNW,E,13,15,90,69,1025.1,1021.3,3,3,11.9,16.7,No,No,No,2016-07-11,True,1.0,0,0,2016,3,7,Jul,2016-07,Summer,14.2,7.4,0,1,Light,Moderate (30-45 km/h),West
2924,2016-07-11,11.8,18.6,0.0,3.2,0.3,NW,69,N,N,20,39,63,54,1015.2,1009.7,7,7,15.5,18.3,No,No,No,2016-07-12,True,1.0,0,0,2016,3,7,Jul,2016-07,Summer,15.2,6.8,0,0,None,Gale (>60 km/h),North
2925,2016-07-12,14.8,20.2,0.2,1.2,7.8,NW,54,WNW,NW,15,33,41,26,1010.3,1007.1,6,7,16.6,18.7,No,No,No,2016-07-13,True,1.0,0,0,2016,3,7,Jul,2016-07,Summer,17.5,5.4,0,0,Light,Strong (45-60 km/h),North
2926,2016-07-13,9.6,14.0,0.0,8.0,9.8,W,72,WNW,WSW,37,37,40,26,1017.3,1019.8,3,7,10.5,13.3,No,No,No,2016-07-14,True,1.0,0,0,2016,3,7,Jul,2016-07,Summer,11.8,4.4,0,0,None,Gale (>60 km/h),West
2927,2016-07-14,6.7,17.0,0.0,5.2,9.6,WSW,50,W,W,30,20,54,27,1029.4,1025.9,7,2,8.6,16.4,No,No,No,2016-07-15,True,1.0,0,0,2016,3,7,Jul,2016-07,Summer,11.85,10.3,0,0,None,Strong (45-60 km/h),West
2928,2016-07-15,6.4,17.7,0.0,3.0,9.5,W,31,W,E,22,4,60,35,1030.3,1027.3,1,2,8.8,16.9,No,No,No,2016-07-16,True,1.0,0,0,2016,3,7,Jul,2016-07,Summer,12.05,11.3,0,0,None,Moderate (30-45 km/h),West
2929,2016-07-16,6.9,18.9,0.0,1.8,4.7,W,28,W,SSE,19,15,71,65,1033.3,1030.2,2,7,9.3,17.1,No,No,No,2016-07-17,True,1.0,0,0,2016,3,7,Jul,2016-07,Summer,12.9,12.0,0,0,None,Light (<30 km/h),West
2930,2016-07-17,9.2,18.8,0.8,1.8,3.2,WNW,24,W,ESE,13,2,91,73,1031.2,1027.1,7,7,13.3,17.8,No,No,No,2016-07-18,True,1.0,0,0,2016,3,7,Jul,2016-07,Summer,14.0,9.6,0,0,Light,Light (<30 km/h),West
2931,2016-07-18,11.0,24.2,0.0,1.2,8.9,WNW,30,W,WNW,9,15,92,45,1024.6,1019.8,1,0,11.5,23.9,No,No,No,2016-07-19,True,1.0,0,0,2016,3,7,Jul,2016-07,Summer,17.6,13.2,0,0,None,Moderate (30-45 km/h),West
2932,2016-07-19,11.4,24.9,0.2,3.2,6.2,NW,20,W,NE,0,6,71,58,1021.7,1019.1,7,5,18.0,23.0,No,Yes,Yes,2016-07-20,True,1.0,0,0,2016,3,7,Jul,2016-07,Summer,18.15,13.5,0,0,Light,Light (<30 km/h),North
2933,2016-07-20,16.5,16.9,17.0,2.4,0.0,SW,35,S,WSW,9,13,91,90,1019.7,1018.4,8,8,16.7,16.2,Yes,Yes,Yes,2016-07-21,True,1.0,0,0,2016,3,7,Jul,2016-07,Summer,16.7,0.4,0,1,Heavy,Moderate (30-45 km/h),South
2934,2016-07-21,13.9,19.3,20.4,1.8,2.6,W,31,W,NW,15,2,92,79,1019.9,1016.1,7,5,14.6,17.6,Yes,No,No,2016-07-22,True,1.0,0,0,2016,3,7,Jul,2016-07,Summer,16.6,5.4,0,1,Heavy,Moderate (30-45 km/h),West
2935,2016-07-22,13.1,25.7,0.0,0.2,7.4,NNW,52,NNW,NW,30,30,66,44,1009.1,1001.0,6,4,19.3,25.1,No,Yes,Yes,2016-07-23,True,1.0,0,0,2016,3,7,Jul,2016-07,Summer,19.4,12.6,0,0,None,Strong (45-60 km/h),North
2936,2016-07-23,14.5,17.4,6.0,7.6,10.0,WNW,69,WNW,W,44,43,35,31,1004.3,1003.8,1,1,14.5,17.0,Yes,No,No,2016-07-24,True,1.0,0,0,2016,3,7,Jul,2016-07,Summer,15.95,2.9,0,1,Moderate,Gale (>60 km/h),West
2937,2016-07-24,7.8,14.3,0.0,4.0,5.4,WSW,46,W,NW,22,15,50,39,1015.8,1012.1,7,2,8.7,13.6,No,No,No,2016-07-25,True,1.0,0,0,2016,3,7,Jul,2016-07,Summer,11.05,6.5,0,0,None,Strong (45-60 km/h),West
2938,2016-07-25,8.4,17.9,0.0,4.0,9.9,W,44,NNW,WNW,19,24,50,31,1012.7,1011.3,1,1,12.2,17.1,No,No,No,2016-07-26,True,1.0,0,0,2016,3,7,Jul,2016-07,Summer,13.15,9.5,0,0,None,Moderate (30-45 km/h),West
2939,2016-07-26,10.2,17.9,0.0,4.8,9.9,WNW,39,N,E,6,9,52,47,1014.7,1012.8,1,1,14.0,17.7,No,No,No,2016-07-27,True,1.0,0,0,2016,3,7,Jul,2016-07,Summer,14.05,7.7,0,0,None,Moderate (30-45 km/h),West
2940,2016-07-27,10.8,18.6,0.0,5.4,10.1,W,63,NW,WSW,19,26,53,32,1012.2,1013.3,2,3,14.7,18.5,No,No,No,2016-07-28,True,1.0,0,0,2016,3,7,Jul,2016-07,Summer,14.7,7.8,0,0,None,Gale (>60 km/h),West
2941,2016-07-28,8.8,19.4,0.0,4.0,10.1,WSW,48,W,WNW,19,11,57,34,1024.3,1020.5,1,0,11.1,19.0,No,No,No,2016-07-29,True,1.0,0,0,2016,3,7,Jul,2016-07,Summer,14.1,10.6,0,0,None,Strong (45-60 km/h),West
2942,2016-07-29,7.3,18.5,0.0,4.0,10.1,WSW,50,W,WNW,24,11,61,34,1023.0,1018.0,1,2,9.8,17.6,No,No,No,2016-07-30,True,1.0,0,0,2016,3,7,Jul,2016-07,Summer,12.9,11.2,0,0,None,Strong (45-60 km/h),West
2943,2016-07-30,8.7,19.8,0.0,4.2,10.0,W,33,W,ESE,26,9,63,50,1023.3,1020.2,1,3,10.4,17.9,No,No,No,2016-07-31,True,1.0,0,0,2016,3,7,Jul,2016-07,Summer,14.25,11.1,0,0,None,Moderate (30-45 km/h),West
2944,2016-07-31,10.4,20.9,0.0,2.8,3.2,W,24,W,WNW,15,7,75,37,1018.0,1015.3,7,2,11.9,20.5,No,No,No,2016-08-01,True,1.0,0,0,2016,3,7,Jul,2016-07,Summer,15.65,10.5,0,0,None,Light (<30 km/h),West
2945,2016-08-01,10.9,18.4,0.0,2.2,0.7,W,22,WNW,W,6,6,66,54,1017.2,1013.0,6,8,13.3,17.0,No,No,No,2016-08-02,True,1.0,0,0,2016,3,8,Aug,2016-08,Summer,14.65,7.5,0,0,None,Light (<30 km/h),West
2946,2016-08-02,11.5,15.8,0.4,1.0,0.9,SE,54,W,S,15,24,76,77,1013.7,1013.9,7,8,12.8,13.2,No,Yes,Yes,2016-08-03,True,1.0,0,0,2016,3,8,Aug,2016-08,Summer,13.65,4.3,0,0,Light,Strong (45-60 km/h),East
2947,2016-08-03,10.7,14.6,24.8,2.6,0.2,S,63,SE,SSE,31,24,77,89,1018.0,1017.7,8,8,13.6,12.6,Yes,Yes,Yes,2016-08-05,False,1.0,0,0,2016,3,8,Aug,2016-08,Summer,12.65,3.9,0,1,Heavy,Gale (>60 km/h),South
2948,2016-08-05,9.7,16.2,4.0,3.2,2.7,SW,35,W,SSW,20,17,90,67,1030.4,1028.3,6,6,11.2,14.7,Yes,Yes,Yes,2016-08-06,True,2.0,1,0,2016,3,8,Aug,2016-08,Summer,12.95,6.5,0,1,Moderate,Moderate (30-45 km/h),South
2949,2016-08-06,9.2,15.5,1.8,2.6,2.2,SSE,31,W,SE,17,7,78,71,1029.0,1026.8,7,7,10.8,14.7,Yes,No,No,2016-08-07,True,1.0,0,0,2016,3,8,Aug,2016-08,Summer,12.35,6.3,0,1,Light,Moderate (30-45 km/h),South
2950,2016-08-07,10.3,16.4,0.6,0.6,2.6,W,33,W,ESE,15,7,80,64,1027.4,1024.7,7,6,12.4,15.9,No,No,No,2016-08-08,True,1.0,0,0,2016,3,8,Aug,2016-08,Summer,13.35,6.1,0,0,Light,Moderate (30-45 km/h),West
2951,2016-08-08,8.7,19.7,0.0,2.6,10.8,W,28,WNW,E,22,11,75,52,1026.4,1022.9,1,1,11.0,17.9,No,No,No,2016-08-09,True,1.0,0,0,2016,3,8,Aug,2016-08,Summer,14.2,11.0,0,0,None,Light (<30 km/h),West
2952,2016-08-09,8.1,19.1,0.0,2.0,6.9,NNE,28,W,NE,17,11,73,52,1023.1,1017.9,5,7,11.0,18.8,No,No,No,2016-08-10,True,1.0,0,0,2016,3,8,Aug,2016-08,Summer,13.6,11.0,0,0,None,Light (<30 km/h),North
2953,2016-08-10,10.9,25.2,0.0,4.8,9.2,NW,44,NNW,NNW,17,24,52,33,1015.6,1011.4,3,3,17.6,24.6,No,No,No,2016-08-11,True,1.0,0,0,2016,3,8,Aug,2016-08,Summer,18.05,14.3,0,0,None,Moderate (30-45 km/h),North
2954,2016-08-11,11.2,20.3,0.0,6.2,10.6,W,46,W,WSW,17,22,48,30,1018.4,1017.0,1,1,14.0,19.6,No,No,No,2016-08-12,True,1.0,0,0,2016,3,8,Aug,2016-08,Summer,15.75,9.1,0,0,None,Strong (45-60 km/h),West
2955,2016-08-12,7.1,19.4,0.0,6.4,8.6,NW,41,WNW,E,20,13,56,37,1024.4,1019.8,0,7,9.7,17.3,No,No,No,2016-08-13,True,1.0,0,0,2016,3,8,Aug,2016-08,Summer,13.25,12.3,0,0,None,Moderate (30-45 km/h),North
2956,2016-08-13,8.3,20.3,0.0,3.2,10.6,W,41,W,WSW,24,19,49,31,1022.5,1020.2,1,2,12.4,19.8,No,No,No,2016-08-14,True,1.0,0,0,2016,3,8,Aug,2016-08,Summer,14.3,12.0,0,0,None,Moderate (30-45 km/h),West
2957,2016-08-14,9.5,20.0,0.0,5.4,10.5,W,28,W,SE,20,13,52,46,1027.7,1027.2,1,1,14.2,17.6,No,No,No,2016-08-15,True,1.0,0,0,2016,3,8,Aug,2016-08,Summer,14.75,10.5,0,0,None,Light (<30 km/h),West
2958,2016-08-15,8.9,19.6,0.0,3.2,10.1,NE,30,WNW,NE,17,17,72,54,1032.7,1029.7,1,1,12.0,19.2,No,No,No,2016-08-16,True,1.0,0,0,2016,3,8,Aug,2016-08,Summer,14.25,10.7,0,0,None,Moderate (30-45 km/h),North
2959,2016-08-16,9.8,20.3,0.0,4.0,10.5,ENE,24,W,ENE,13,19,75,59,1031.0,1025.8,0,0,12.8,19.6,No,No,No,2016-08-17,True,1.0,0,0,2016,3,8,Aug,2016-08,Summer,15.05,10.5,0,0,None,Light (<30 km/h),East
2960,2016-08-17,10.6,24.2,0.0,3.8,10.2,ENE,24,W,ENE,15,11,63,35,1026.3,1022.1,1,6,14.2,22.7,No,No,No,2016-08-18,True,1.0,0,0,2016,3,8,Aug,2016-08,Summer,17.4,13.6,0,0,None,Light (<30 km/h),East
2961,2016-08-18,11.6,22.9,0.0,4.6,10.5,N,31,W,ENE,15,19,62,40,1024.5,1020.7,1,1,14.2,20.7,No,No,No,2016-08-19,True,1.0,0,0,2016,3,8,Aug,2016-08,Summer,17.25,11.3,0,0,None,Moderate (30-45 km/h),North
2962,2016-08-19,11.2,24.3,0.0,4.8,10.0,NNE,48,W,NNW,11,24,66,37,1020.1,1013.9,0,6,14.2,22.4,No,No,No,2016-08-20,True,1.0,0,0,2016,3,8,Aug,2016-08,Summer,17.75,13.1,0,0,None,Strong (45-60 km/h),North
2963,2016-08-20,11.0,17.9,0.4,6.6,10.7,WSW,59,W,WSW,19,22,51,35,1015.3,1013.8,1,3,13.2,15.7,No,No,No,2016-08-21,True,1.0,0,0,2016,3,8,Aug,2016-08,Summer,14.45,6.9,0,0,Light,Strong (45-60 km/h),West
2964,2016-08-21,8.2,20.4,0.0,5.2,10.7,W,39,W,WNW,24,9,48,32,1019.8,1016.4,1,1,12.5,19.9,No,No,No,2016-08-22,True,1.0,0,0,2016,3,8,Aug,2016-08,Summer,14.3,12.2,0,0,None,Moderate (30-45 km/h),West
2965,2016-08-22,9.5,13.8,0.0,3.0,0.2,W,35,WNW,W,15,24,66,67,1016.8,1015.0,7,7,11.4,12.2,No,Yes,Yes,2016-08-23,True,1.0,0,0,2016,3,8,Aug,2016-08,Summer,11.65,4.3,0,0,None,Moderate (30-45 km/h),West
2966,2016-08-23,8.5,18.4,1.8,0.6,6.8,SSE,37,WNW,SSW,19,20,69,57,1014.4,1013.5,1,7,11.9,15.4,Yes,Yes,Yes,2016-08-24,True,1.0,0,0,2016,3,8,Aug,2016-08,Summer,13.45,9.9,0,1,Light,Moderate (30-45 km/h),South
2967,2016-08-24,11.8,14.7,2.4,3.2,0.0,S,43,SSE,ESE,11,9,79,90,1013.3,1007.5,8,8,13.4,13.7,Yes,Yes,Yes,2016-08-25,True,1.0,0,0,2016,3,8,Aug,2016-08,Summer,13.25,2.9,0,1,Light,Moderate (30-45 km/h),South
2968,2016-08-25,9.0,17.3,52.8,5.2,6.7,W,48,SW,S,22,15,67,48,1010.2,1010.6,7,3,11.4,15.7,Yes,No,No,2016-08-26,True,1.0,0,1,2016,3,8,Aug,2016-08,Summer,13.15,8.3,0,1,Extreme,Strong (45-60 km/h),West
2969,2016-08-26,7.3,17.3,0.0,4.6,7.8,W,43,W,S,20,20,57,50,1018.7,1017.6,7,7,10.4,16.4,No,Yes,Yes,2016-08-27,True,1.0,0,0,2016,3,8,Aug,2016-08,Summer,12.3,10.0,0,0,None,Moderate (30-45 km/h),West
2970,2016-08-27,7.4,19.9,1.4,2.8,10.7,W,33,W,ENE,24,15,57,45,1023.6,1020.3,1,1,11.3,17.7,Yes,No,No,2016-08-28,True,1.0,0,0,2016,3,8,Aug,2016-08,Summer,13.65,12.5,0,1,Light,Moderate (30-45 km/h),West
2971,2016-08-28,8.4,20.5,0.0,3.8,10.7,W,33,W,ESE,22,17,50,36,1022.9,1020.9,1,2,12.2,18.0,No,No,No,2016-08-29,True,1.0,0,0,2016,3,8,Aug,2016-08,Summer,14.45,12.1,0,0,None,Moderate (30-45 km/h),West
2972,2016-08-29,8.4,19.6,0.0,4.0,6.1,W,22,W,W,17,9,57,38,1027.4,1025.0,7,7,12.9,18.1,No,No,No,2016-08-30,True,1.0,0,0,2016,3,8,Aug,2016-08,Summer,14.0,11.2,0,0,None,Light (<30 km/h),West
2973,2016-08-30,10.7,19.9,0.0,3.2,4.4,NNE,31,W,ENE,17,15,71,62,1026.9,1023.1,7,6,13.8,19.6,No,No,No,2016-08-31,True,1.0,0,0,2016,3,8,Aug,2016-08,Summer,15.3,9.2,0,0,None,Moderate (30-45 km/h),North
2974,2016-08-31,13.6,23.6,0.0,4.8,2.3,NNW,54,N,NNW,20,39,61,53,1018.7,1013.9,7,7,18.8,21.2,No,No,No,2016-09-01,True,1.0,0,0,2016,3,8,Aug,2016-08,Summer,18.6,10.0,0,0,None,Strong (45-60 km/h),North
2975,2016-09-01,12.1,22.5,0.0,4.6,9.2,NE,28,W,NE,11,15,63,46,1020.3,1015.3,2,3,16.9,20.7,No,Yes,Yes,2016-09-02,True,1.0,0,0,2016,3,9,Sep,2016-09,Autumn,17.3,10.4,0,0,None,Light (<30 km/h),North
2976,2016-09-02,14.5,18.0,14.4,6.2,0.0,NE,31,SSE,SSE,6,9,90,91,1011.6,1006.0,8,8,15.7,15.9,Yes,Yes,Yes,2016-09-03,True,1.0,0,0,2016,3,9,Sep,2016-09,Autumn,16.25,3.5,0,1,Heavy,Moderate (30-45 km/h),North
2977,2016-09-03,15.4,20.5,23.4,2.2,9.1,WNW,65,WNW,WNW,33,30,50,39,998.3,1004.3,4,5,17.6,20.1,Yes,No,No,2016-09-04,True,1.0,0,0,2016,3,9,Sep,2016-09,Autumn,17.95,5.1,0,1,Heavy,Gale (>60 km/h),West
2978,2016-09-04,10.1,21.3,0.0,5.6,10.9,WSW,39,WNW,ESE,11,15,48,33,1021.6,1022.0,1,1,15.5,19.2,No,No,No,2016-09-05,True,1.0,0,0,2016,3,9,Sep,2016-09,Autumn,15.7,11.2,0,0,None,Moderate (30-45 km/h),West
2979,2016-09-05,10.0,21.2,0.0,3.4,11.1,ENE,26,W,ENE,20,19,55,54,1030.4,1027.1,0,0,14.1,19.0,No,No,No,2016-09-06,True,1.0,0,0,2016,3,9,Sep,2016-09,Autumn,15.6,11.2,0,0,None,Light (<30 km/h),East
2980,2016-09-06,10.0,20.5,0.0,5.0,10.8,E,24,WNW,ENE,13,19,66,58,1030.4,1026.3,0,0,15.0,20.2,No,No,No,2016-09-07,True,1.0,0,0,2016,3,9,Sep,2016-09,Autumn,15.25,10.5,0,0,None,Light (<30 km/h),East
2981,2016-09-07,12.2,22.0,0.0,3.2,8.2,NE,30,WNW,E,13,17,82,55,1031.7,1029.3,6,3,16.0,21.0,No,No,No,2016-09-08,True,1.0,0,0,2016,3,9,Sep,2016-09,Autumn,17.1,9.8,0,0,None,Moderate (30-45 km/h),North
2982,2016-09-08,15.4,21.2,0.0,3.8,7.1,NE,41,N,NE,9,24,69,67,1029.7,1024.8,7,5,18.7,20.1,No,No,No,2016-09-09,True,1.0,0,0,2016,3,9,Sep,2016-09,Autumn,18.3,5.8,0,0,None,Moderate (30-45 km/h),North
2983,2016-09-09,14.7,22.7,0.0,5.0,8.9,NNE,52,ENE,NE,6,22,61,60,1021.9,1015.9,6,4,19.5,21.2,No,Yes,Yes,2016-09-10,True,1.0,0,0,2016,3,9,Sep,2016-09,Autumn,18.7,8.0,0,0,None,Strong (45-60 km/h),North
2984,2016-09-10,14.1,22.7,1.2,7.4,9.3,NNE,57,NNW,W,26,31,54,31,1012.7,1010.9,2,7,17.9,21.8,Yes,No,No,2016-09-11,True,1.0,0,0,2016,3,9,Sep,2016-09,Autumn,18.4,8.6,0,1,Light,Strong (45-60 km/h),North
2985,2016-09-11,13.0,21.0,0.0,6.2,8.7,W,33,WSW,ESE,17,17,44,53,1019.0,1017.1,1,6,16.8,17.6,No,No,No,2016-09-12,True,1.0,0,0,2016,3,9,Sep,2016-09,Autumn,17.0,8.0,0,0,None,Moderate (30-45 km/h),West
2986,2016-09-12,12.4,20.9,0.0,4.2,9.7,W,28,W,E,20,19,47,53,1021.5,1018.5,3,3,16.6,18.3,No,No,No,2016-09-13,True,1.0,0,0,2016,3,9,Sep,2016-09,Autumn,16.65,8.5,0,0,None,Light (<30 km/h),West
2987,2016-09-13,16.0,20.2,0.0,5.6,1.5,SSW,30,SSW,S,15,9,73,69,1021.4,1017.8,8,7,17.5,18.9,No,Yes,Yes,2016-09-14,True,1.0,0,0,2016,3,9,Sep,2016-09,Autumn,18.1,4.2,0,0,None,Moderate (30-45 km/h),South
2988,2016-09-14,16.0,24.6,5.8,1.8,3.9,NNW,37,NNW,N,6,19,86,55,1014.1,1008.4,8,7,17.4,23.1,Yes,No,No,2016-09-15,True,1.0,0,0,2016,3,9,Sep,2016-09,Autumn,20.3,8.6,0,1,Moderate,Moderate (30-45 km/h),North
2989,2016-09-15,14.1,22.1,0.0,6.6,8.1,W,41,NW,WNW,41,35,35,31,1009.8,1007.5,1,7,17.4,20.9,No,No,No,2016-09-16,True,1.0,0,0,2016,3,9,Sep,2016-09,Autumn,18.1,8.0,0,0,None,Moderate (30-45 km/h),West
2990,2016-09-16,13.5,22.5,0.0,6.8,8.5,W,43,W,W,19,28,55,29,1016.5,1015.5,6,3,16.9,21.7,No,No,No,2016-09-17,True,1.0,0,0,2016,3,9,Sep,2016-09,Autumn,18.0,9.0,0,0,None,Moderate (30-45 km/h),West
2991,2016-09-17,10.7,22.4,0.0,5.4,8.8,NNE,37,W,NE,6,19,52,44,1022.0,1018.0,1,7,17.5,19.2,No,No,No,2016-09-18,True,1.0,0,0,2016,3,9,Sep,2016-09,Autumn,16.55,11.7,0,0,None,Moderate (30-45 km/h),North
2992,2016-09-18,14.2,17.8,0.0,6.6,0.0,WSW,30,W,W,17,6,66,79,1012.6,1005.7,8,8,14.9,15.1,No,Yes,Yes,2016-09-19,True,1.0,0,0,2016,3,9,Sep,2016-09,Autumn,16.0,3.6,0,0,None,Moderate (30-45 km/h),West
2993,2016-09-19,13.1,21.4,13.4,1.0,10.1,W,59,W,W,30,28,53,38,1008.5,1008.7,1,1,17.7,20.6,Yes,No,No,2016-09-20,True,1.0,0,0,2016,3,9,Sep,2016-09,Autumn,17.25,8.3,0,1,Heavy,Strong (45-60 km/h),West
2994,2016-09-20,10.0,20.6,0.0,6.4,8.7,WSW,28,WNW,NE,17,17,48,47,1018.9,1016.0,7,7,15.1,18.5,No,No,No,2016-09-21,True,1.0,0,0,2016,3,9,Sep,2016-09,Autumn,15.3,10.6,0,0,None,Light (<30 km/h),West
2995,2016-09-21,14.0,21.2,0.0,4.8,2.9,N,31,W,NE,9,15,61,78,1012.5,1007.5,7,8,16.0,16.8,No,Yes,Yes,2016-09-22,True,1.0,0,0,2016,3,9,Sep,2016-09,Autumn,17.6,7.2,0,0,None,Moderate (30-45 km/h),North
2996,2016-09-22,13.5,20.1,2.0,4.0,4.1,WSW,56,W,W,20,24,54,63,1006.9,1005.9,3,7,18.4,17.0,Yes,No,No,2016-09-23,True,1.0,0,0,2016,3,9,Sep,2016-09,Autumn,16.8,6.6,0,1,Light,Strong (45-60 km/h),West
2997,2016-09-23,15.2,22.0,0.6,3.0,8.2,SSW,61,WSW,SSW,17,24,55,48,1011.7,1010.7,6,2,17.3,21.5,No,No,No,2016-09-24,True,1.0,0,0,2016,3,9,Sep,2016-09,Autumn,18.6,6.8,0,0,Light,Gale (>60 km/h),South
2998,2016-09-24,12.5,22.3,0.0,4.8,10.1,W,30,WNW,ESE,13,17,55,63,1012.6,1007.9,1,1,18.4,20.6,No,Yes,Yes,2016-09-25,True,1.0,0,0,2016,3,9,Sep,2016-09,Autumn,17.4,9.8,0,0,None,Moderate (30-45 km/h),West
2999,2016-09-25,13.6,22.1,3.4,5.2,2.1,WSW,41,W,SE,15,15,74,75,1006.7,1006.1,7,7,15.5,16.3,Yes,Yes,Yes,2016-09-26,True,1.0,0,0,2016,3,9,Sep,2016-09,Autumn,17.85,8.5,0,1,Moderate,Moderate (30-45 km/h),West
3000,2016-09-26,12.0,21.8,4.0,4.2,10.1,WSW,41,WSW,E,20,19,41,44,1013.0,1009.0,1,1,16.5,18.9,Yes,No,No,2016-09-27,True,1.0,0,0,2016,3,9,Sep,2016-09,Autumn,16.9,9.8,0,1,Moderate,Moderate (30-45 km/h),West
3001,2016-09-27,10.9,23.2,0.0,6.2,9.7,WSW,61,N,WSW,20,26,37,22,1009.7,1006.8,2,2,18.6,20.6,No,No,No,2016-09-28,True,1.0,0,0,2016,3,9,Sep,2016-09,Autumn,17.05,12.3,0,0,None,Gale (>60 km/h),West
3002,2016-09-28,10.2,21.3,0.0,7.2,11.4,W,35,WNW,E,17,17,46,42,1014.7,1011.3,1,1,16.2,19.6,No,Yes,Yes,2016-09-29,True,1.0,0,0,2016,3,9,Sep,2016-09,Autumn,15.75,11.1,0,0,None,Moderate (30-45 km/h),West
3003,2016-09-29,14.2,22.8,1.4,5.4,4.2,NW,56,NNE,N,11,22,76,50,1000.5,994.0,8,2,14.8,22.3,Yes,No,No,2016-09-30,True,1.0,0,0,2016,3,9,Sep,2016-09,Autumn,18.5,8.6,0,1,Light,Strong (45-60 km/h),North
3004,2016-09-30,12.3,20.1,0.4,7.2,8.6,NNW,67,NNW,NW,28,39,42,40,999.1,998.3,6,3,16.1,17.3,No,No,No,2016-10-01,True,1.0,0,0,2016,3,9,Sep,2016-09,Autumn,16.2,7.8,0,0,Light,Gale (>60 km/h),North
3005,2016-10-01,12.4,22.1,0.0,7.4,10.4,W,41,WNW,W,35,39,40,34,1005.0,1005.5,3,3,19.5,20.2,No,No,No,2016-10-02,True,1.0,0,0,2016,4,10,Oct,2016-10,Autumn,17.25,9.7,0,0,None,Moderate (30-45 km/h),West
3006,2016-10-02,12.5,24.7,0.0,8.0,11.1,NE,41,NW,ENE,7,20,44,45,1012.9,1008.3,0,0,18.4,22.7,No,No,No,2016-10-03,True,1.0,0,0,2016,4,10,Oct,2016-10,Autumn,18.6,12.2,0,0,None,Moderate (30-45 km/h),North
3007,2016-10-03,18.4,25.6,0.0,9.0,8.3,WSW,72,NNE,WNW,15,31,41,14,999.4,997.8,7,7,21.5,22.9,No,No,No,2016-10-04,True,1.0,0,0,2016,4,10,Oct,2016-10,Autumn,22.0,7.2,0,0,None,Gale (>60 km/h),West
3008,2016-10-04,12.7,23.4,0.0,10.2,11.1,W,70,NW,W,17,43,34,25,1007.8,1003.7,1,1,17.5,23.0,No,No,No,2016-10-05,True,1.0,0,0,2016,4,10,Oct,2016-10,Autumn,18.05,10.7,0,0,None,Gale (>60 km/h),West
3009,2016-10-05,11.7,23.7,0.0,11.0,11.0,SW,57,W,WSW,30,26,34,16,1016.4,1013.2,0,1,14.7,22.9,No,No,No,2016-10-06,True,1.0,0,0,2016,4,10,Oct,2016-10,Autumn,17.7,12.0,0,0,None,Strong (45-60 km/h),South
3010,2016-10-06,13.0,27.8,0.0,7.6,11.1,WSW,48,W,WSW,7,30,34,20,1019.1,1017.0,4,8,19.9,27.2,No,No,No,2016-10-07,True,1.0,0,0,2016,4,10,Oct,2016-10,Autumn,20.4,14.8,0,0,None,Strong (45-60 km/h),West
3011,2016-10-07,16.0,31.0,0.0,8.6,9.3,WNW,37,W,W,9,22,40,16,1021.0,1015.6,7,5,22.5,30.8,No,No,No,2016-10-08,True,1.0,0,0,2016,4,10,Oct,2016-10,Autumn,23.5,15.0,0,0,None,Moderate (30-45 km/h),West
3012,2016-10-08,20.1,22.2,0.2,10.0,7.4,SSE,54,S,SSE,28,30,63,50,1016.3,1017.6,6,5,21.0,20.1,No,No,No,2016-10-09,True,1.0,0,0,2016,4,10,Oct,2016-10,Autumn,21.15,2.1,0,0,Light,Strong (45-60 km/h),South
3013,2016-10-09,13.8,25.5,0.0,7.4,8.4,NE,52,W,NE,11,24,51,40,1022.9,1018.1,7,7,17.5,20.3,No,No,No,2016-10-10,True,1.0,0,0,2016,4,10,Oct,2016-10,Autumn,19.65,11.7,0,0,None,Strong (45-60 km/h),North
3014,2016-10-10,16.8,33.6,0.0,8.4,6.6,W,41,NE,WSW,9,28,37,24,1007.7,1004.1,6,7,25.3,31.8,No,Yes,Yes,2016-10-11,True,1.0,0,0,2016,4,10,Oct,2016-10,Autumn,25.2,16.8,0,0,None,Moderate (30-45 km/h),West
3015,2016-10-11,12.3,21.3,3.8,10.2,11.4,WSW,61,WSW,SE,35,9,33,26,1013.2,1012.9,1,3,14.9,20.1,Yes,No,No,2016-10-12,True,1.0,0,0,2016,4,10,Oct,2016-10,Autumn,16.8,9.0,0,1,Moderate,Gale (>60 km/h),West
3016,2016-10-12,10.7,23.6,0.0,6.6,9.3,WSW,39,W,E,26,24,45,32,1016.5,1012.5,1,5,14.3,20.7,No,Yes,Yes,2016-10-13,True,1.0,0,0,2016,4,10,Oct,2016-10,Autumn,17.15,12.9,0,0,None,Moderate (30-45 km/h),West
3017,2016-10-13,11.8,18.3,4.4,7.4,7.9,SSW,57,SSW,S,26,24,56,57,1021.2,1022.4,2,7,15.9,15.6,Yes,No,No,2016-10-14,True,1.0,0,0,2016,4,10,Oct,2016-10,Autumn,15.05,6.5,0,1,Moderate,Strong (45-60 km/h),South
3018,2016-10-14,9.0,21.3,0.2,8.2,11.6,W,30,WNW,E,17,19,50,37,1025.9,1023.2,1,1,15.1,19.4,No,No,No,2016-10-15,True,1.0,0,0,2016,4,10,Oct,2016-10,Autumn,15.15,12.3,0,0,Light,Moderate (30-45 km/h),West
3019,2016-10-15,11.1,23.9,0.0,5.6,12.2,NNE,50,W,NE,11,26,57,36,1023.1,1017.5,0,0,15.9,23.0,No,No,No,2016-10-16,True,1.0,0,0,2016,4,10,Oct,2016-10,Autumn,17.5,12.8,0,0,None,Strong (45-60 km/h),North
3020,2016-10-16,15.9,29.0,0.0,10.0,11.0,NNE,56,N,NE,22,28,31,37,1014.9,1008.7,0,1,23.1,25.4,No,No,No,2016-10-17,True,1.0,0,0,2016,4,10,Oct,2016-10,Autumn,22.45,13.1,0,0,None,Strong (45-60 km/h),North
3021,2016-10-17,21.7,22.4,0.0,11.8,2.4,W,41,WNW,NNW,28,15,43,78,1005.8,1008.3,7,7,22.4,14.5,No,Yes,Yes,2016-10-18,True,1.0,0,0,2016,4,10,Oct,2016-10,Autumn,22.05,0.7,0,0,None,Moderate (30-45 km/h),West
3022,2016-10-18,11.5,25.8,3.0,3.0,12.2,W,48,NNW,WNW,19,26,39,23,1014.5,1010.8,1,3,18.3,25.5,Yes,No,No,2016-10-19,True,1.0,0,0,2016,4,10,Oct,2016-10,Autumn,18.65,14.3,0,1,Moderate,Strong (45-60 km/h),West
3023,2016-10-19,16.2,24.5,0.2,11.0,11.1,W,50,WSW,NW,24,6,30,20,1017.9,1017.0,3,2,19.1,22.9,No,No,No,2016-10-20,True,1.0,0,0,2016,4,10,Oct,2016-10,Autumn,20.35,8.3,0,0,Light,Strong (45-60 km/h),West
3024,2016-10-20,16.4,21.6,0.0,8.0,10.3,NNE,44,ENE,NE,19,26,47,47,1024.4,1021.4,6,5,19.0,20.4,No,No,No,2016-10-21,True,1.0,0,0,2016,4,10,Oct,2016-10,Autumn,19.0,5.2,0,0,None,Moderate (30-45 km/h),North
3025,2016-10-21,15.3,25.2,0.0,7.4,8.4,NNE,46,NNW,NE,20,26,55,55,1018.9,1012.8,5,7,21.5,23.3,No,Yes,Yes,2016-10-22,True,1.0,0,0,2016,4,10,Oct,2016-10,Autumn,20.25,9.9,0,0,None,Strong (45-60 km/h),North
3026,2016-10-22,16.1,18.0,11.8,8.4,4.1,WSW,57,SE,S,15,22,84,69,1010.0,1010.1,7,7,17.0,16.4,Yes,No,No,2016-10-23,True,1.0,0,0,2016,4,10,Oct,2016-10,Autumn,17.05,1.9,0,1,Heavy,Strong (45-60 km/h),West
3027,2016-10-23,10.2,19.8,0.6,4.8,10.4,SSW,59,W,S,22,28,53,42,1018.3,1017.7,7,2,13.1,17.5,No,No,No,2016-10-24,True,1.0,0,0,2016,4,10,Oct,2016-10,Autumn,15.0,9.6,0,0,Light,Strong (45-60 km/h),South
3028,2016-10-24,10.2,21.5,0.8,5.8,12.4,ESE,37,W,SSE,15,22,45,33,1019.6,1016.7,1,1,15.0,19.8,No,No,No,2016-10-25,True,1.0,0,0,2016,4,10,Oct,2016-10,Autumn,15.85,11.3,0,0,Light,Moderate (30-45 km/h),East
3029,2016-10-25,11.4,23.3,0.0,6.8,12.3,ENE,37,W,NE,13,22,56,46,1018.9,1014.4,7,1,17.6,22.8,No,No,No,2016-10-26,True,1.0,0,0,2016,4,10,Oct,2016-10,Autumn,17.35,11.9,0,0,None,Moderate (30-45 km/h),East
3030,2016-10-26,14.3,27.0,0.0,7.8,8.5,ENE,26,W,E,11,20,52,34,1016.6,1013.0,7,7,18.7,25.8,No,No,No,2016-10-27,True,1.0,0,0,2016,4,10,Oct,2016-10,Autumn,20.65,12.7,0,0,None,Light (<30 km/h),East
3031,2016-10-27,18.4,21.7,0.0,8.0,6.2,SE,41,SSE,SSE,20,26,65,63,1015.9,1015.7,4,7,20.8,19.9,No,Yes,Yes,2016-10-28,True,1.0,0,0,2016,4,10,Oct,2016-10,Autumn,20.05,3.3,0,0,None,Moderate (30-45 km/h),East
3032,2016-10-28,14.7,19.6,1.4,4.6,0.5,SSE,30,W,ESE,19,7,73,57,1020.6,1018.5,8,8,15.4,19.1,Yes,Yes,Yes,2016-10-29,True,1.0,0,0,2016,4,10,Oct,2016-10,Autumn,17.15,4.9,0,1,Light,Moderate (30-45 km/h),South
3033,2016-10-29,15.3,24.3,3.2,1.6,7.9,NE,41,W,NE,13,20,86,66,1020.1,1017.7,6,5,18.3,22.0,Yes,No,No,2016-10-30,True,1.0,0,0,2016,4,10,Oct,2016-10,Autumn,19.8,9.0,0,1,Moderate,Moderate (30-45 km/h),North
3034,2016-10-30,18.2,25.5,0.2,7.0,4.6,NW,50,NE,ENE,9,11,65,61,1013.7,1006.5,7,8,23.0,25.3,No,Yes,Yes,2016-10-31,True,1.0,0,0,2016,4,10,Oct,2016-10,Autumn,21.85,7.3,0,0,Light,Strong (45-60 km/h),North
3035,2016-10-31,16.1,23.3,1.6,6.6,12.9,NNW,52,SSW,E,28,20,24,28,1011.0,1010.8,1,1,18.3,21.7,Yes,No,No,2016-11-01,True,1.0,0,0,2016,4,10,Oct,2016-10,Autumn,19.7,7.2,0,1,Light,Strong (45-60 km/h),North
3036,2016-11-01,12.1,24.5,0.0,10.6,12.1,W,33,W,E,17,20,31,37,1014.4,1010.0,4,1,16.8,20.9,No,No,No,2016-11-02,True,1.0,0,0,2016,4,11,Nov,2016-11,Autumn,18.3,12.4,0,0,None,Moderate (30-45 km/h),West
3037,2016-11-02,13.0,24.1,0.0,7.2,12.8,W,39,WSW,E,20,20,34,32,1014.6,1013.0,1,1,19.1,21.6,No,No,No,2016-11-03,True,1.0,0,0,2016,4,11,Nov,2016-11,Autumn,18.55,11.1,0,0,None,Moderate (30-45 km/h),West
3038,2016-11-03,13.6,25.2,0.0,7.4,12.2,E,37,WNW,ENE,11,26,57,50,1018.9,1014.8,1,1,19.7,23.7,No,No,No,2016-11-04,True,1.0,0,0,2016,4,11,Nov,2016-11,Autumn,19.4,11.6,0,0,None,Moderate (30-45 km/h),East
3039,2016-11-04,15.3,30.6,0.0,8.4,12.8,NE,35,W,NE,11,20,58,33,1014.8,1009.2,2,1,21.0,27.1,No,No,No,2016-11-05,True,1.0,0,0,2016,4,11,Nov,2016-11,Autumn,22.95,15.3,0,0,None,Moderate (30-45 km/h),North
3040,2016-11-05,21.0,25.7,0.0,13.4,12.4,W,76,SW,WSW,20,28,21,16,1002.9,1006.2,1,1,25.7,24.9,No,No,No,2016-11-06,True,1.0,0,0,2016,4,11,Nov,2016-11,Autumn,23.35,4.7,0,0,None,Gale (>60 km/h),West
3041,2016-11-06,15.7,26.0,0.0,14.4,12.3,W,57,WSW,ESE,22,26,25,27,1009.1,1007.8,1,7,19.6,23.2,No,No,No,2016-11-07,True,1.0,0,0,2016,4,11,Nov,2016-11,Autumn,20.85,10.3,0,0,None,Strong (45-60 km/h),West
3042,2016-11-07,14.8,28.1,0.0,7.6,12.4,NE,44,W,NE,13,24,34,46,1011.1,1006.4,2,1,22.6,25.5,No,No,No,2016-11-08,True,1.0,0,0,2016,4,11,Nov,2016-11,Autumn,21.45,13.3,0,0,None,Moderate (30-45 km/h),North
3043,2016-11-08,21.2,28.3,0.0,11.0,4.1,S,54,SE,SSE,6,24,25,57,1007.3,1007.1,7,7,26.8,24.7,No,Yes,Yes,2016-11-09,True,1.0,0,0,2016,4,11,Nov,2016-11,Autumn,24.75,7.1,0,0,None,Strong (45-60 km/h),South
3044,2016-11-09,17.8,22.7,2.0,5.2,2.5,SSW,37,S,SSE,13,19,72,67,1013.3,1009.8,7,7,20.1,21.3,Yes,Yes,Yes,2016-11-10,True,1.0,0,0,2016,4,11,Nov,2016-11,Autumn,20.25,4.9,0,1,Light,Moderate (30-45 km/h),South
3045,2016-11-10,16.9,24.6,10.2,2.8,10.7,E,28,W,E,7,19,71,62,1009.4,1007.0,6,2,20.0,23.4,Yes,No,No,2016-11-11,True,1.0,0,0,2016,4,11,Nov,2016-11,Autumn,20.75,7.7,0,1,Heavy,Light (<30 km/h),East
3046,2016-11-11,17.8,24.3,0.0,7.0,11.1,E,33,SSW,ESE,9,20,68,59,1012.9,1009.9,5,1,20.2,22.6,No,Yes,Yes,2016-11-12,True,1.0,0,0,2016,4,11,Nov,2016-11,Autumn,21.05,6.5,0,0,None,Moderate (30-45 km/h),East
3047,2016-11-12,18.4,32.5,9.0,7.6,9.1,N,48,NNW,E,15,22,72,59,1002.5,996.9,7,3,22.1,26.4,Yes,No,No,2016-11-13,True,1.0,0,0,2016,4,11,Nov,2016-11,Autumn,25.45,14.1,0,1,Moderate,Strong (45-60 km/h),North
3048,2016-11-13,18.9,30.3,0.0,8.0,13.0,W,72,NNW,W,4,41,29,21,998.6,995.4,1,1,24.9,28.0,No,No,No,2016-11-14,True,1.0,0,0,2016,4,11,Nov,2016-11,Autumn,24.6,11.4,0,0,None,Gale (>60 km/h),West
3049,2016-11-14,17.4,24.4,0.0,15.8,7.0,WSW,56,W,SSE,33,28,40,52,1002.0,1004.5,3,7,20.5,20.3,No,No,No,2016-11-15,True,1.0,0,0,2016,4,11,Nov,2016-11,Autumn,20.9,7.0,0,0,None,Strong (45-60 km/h),West
3050,2016-11-15,15.4,23.2,0.6,5.8,9.4,S,39,S,ESE,13,19,61,45,1016.1,1015.0,7,3,17.9,20.5,No,No,No,2016-11-16,True,1.0,0,0,2016,4,11,Nov,2016-11,Autumn,19.3,7.8,0,0,Light,Moderate (30-45 km/h),South
3051,2016-11-16,14.3,25.2,0.0,5.2,12.7,ESE,39,WNW,ESE,13,22,54,52,1020.0,1021.3,0,3,19.9,22.0,No,No,No,2016-11-17,True,1.0,0,0,2016,4,11,Nov,2016-11,Autumn,19.75,10.9,0,0,None,Moderate (30-45 km/h),East
3052,2016-11-17,17.3,23.9,0.0,7.4,12.8,NNE,43,ESE,E,4,28,57,53,1025.6,1021.9,4,1,21.1,23.1,No,No,No,2016-11-18,True,1.0,0,0,2016,4,11,Nov,2016-11,Autumn,20.6,6.6,0,0,None,Moderate (30-45 km/h),North
3053,2016-11-18,16.4,31.4,0.0,9.2,12.1,NNE,37,W,NE,13,11,52,36,1017.4,1013.5,1,2,23.0,30.0,No,No,No,2016-11-19,True,1.0,0,0,2016,4,11,Nov,2016-11,Autumn,23.9,15.0,0,0,None,Moderate (30-45 km/h),North
3054,2016-11-19,19.3,24.8,0.0,8.6,3.7,SSE,44,SSE,SE,30,20,67,58,1018.3,1018.4,7,7,21.7,22.1,No,No,No,2016-11-20,True,1.0,0,0,2016,4,11,Nov,2016-11,Autumn,22.05,5.5,0,0,None,Moderate (30-45 km/h),South
3055,2016-11-20,19.1,25.1,0.0,6.0,8.5,E,33,E,E,13,26,58,55,1021.3,1018.2,4,7,22.3,23.2,No,No,No,2016-11-21,True,1.0,0,0,2016,4,11,Nov,2016-11,Autumn,22.1,6.0,0,0,None,Moderate (30-45 km/h),East
3056,2016-11-21,19.7,28.4,0.0,7.4,6.0,E,35,E,ENE,11,17,67,64,1018.4,1015.1,6,5,24.6,25.5,No,No,No,2016-11-22,True,1.0,0,0,2016,4,11,Nov,2016-11,Autumn,24.05,8.7,0,0,None,Moderate (30-45 km/h),East
3057,2016-11-22,21.0,31.0,0.0,8.0,9.7,NE,46,E,ENE,15,24,51,54,1014.8,1012.1,1,3,26.6,26.2,No,No,Yes,2016-11-24,False,1.0,0,0,2016,4,11,Nov,2016-11,Autumn,26.0,10.0,0,0,None,Strong (45-60 km/h),North
3058,2016-11-24,13.5,23.4,5.4,6.6,13.1,SSE,52,WSW,SE,22,26,42,39,1013.0,1011.8,1,1,18.3,21.8,Yes,No,No,2016-11-25,True,2.0,1,0,2016,4,11,Nov,2016-11,Autumn,18.45,9.9,0,1,Moderate,Strong (45-60 km/h),South
3059,2016-11-25,14.7,25.5,0.0,8.8,13.1,ESE,37,W,ESE,20,22,33,46,1012.8,1012.5,4,2,20.6,23.4,No,No,No,2016-11-26,True,1.0,0,0,2016,4,11,Nov,2016-11,Autumn,20.1,10.8,0,0,None,Moderate (30-45 km/h),East
3060,2016-11-26,18.1,24.4,0.0,8.0,12.3,NE,46,ENE,NE,7,24,55,53,1017.4,1013.7,3,1,22.3,23.9,No,No,No,2016-11-27,True,1.0,0,0,2016,4,11,Nov,2016-11,Autumn,21.25,6.3,0,0,None,Strong (45-60 km/h),North
3061,2016-11-27,19.6,23.5,0.0,9.8,1.7,SE,35,SE,ESE,19,22,71,66,1017.8,1016.9,7,7,20.5,21.6,No,No,No,2016-11-28,True,1.0,0,0,2016,4,11,Nov,2016-11,Autumn,21.55,3.9,0,0,None,Moderate (30-45 km/h),East
3062,2016-11-28,20.3,26.1,0.0,6.0,8.1,NE,37,NE,E,15,28,71,63,1015.0,1010.4,6,1,22.8,25.5,No,No,No,2016-11-29,True,1.0,0,0,2016,4,11,Nov,2016-11,Autumn,23.2,5.8,0,0,None,Moderate (30-45 km/h),North
3063,2016-11-29,19.3,25.3,0.0,7.8,7.0,SE,44,S,SE,22,20,65,57,1011.8,1010.8,7,6,22.4,24.1,No,No,No,2016-11-30,True,1.0,0,0,2016,4,11,Nov,2016-11,Autumn,22.3,6.0,0,0,None,Moderate (30-45 km/h),East
3064,2016-11-30,18.2,25.2,0.0,6.4,4.4,NE,50,ESE,E,6,31,61,57,1012.4,1008.8,7,2,22.4,24.2,No,No,No,2016-12-01,True,1.0,0,0,2016,4,11,Nov,2016-11,Autumn,21.7,7.0,0,0,None,Strong (45-60 km/h),North
3065,2016-12-01,18.1,28.5,0.0,7.4,8.1,ENE,37,W,ENE,9,19,68,51,1008.0,1005.3,7,7,21.2,25.4,No,No,No,2016-12-02,True,1.0,0,0,2016,4,12,Dec,2016-12,Winter,23.3,10.4,0,0,None,Moderate (30-45 km/h),East
3066,2016-12-02,18.7,35.7,0.2,6.0,9.8,SSW,57,WNW,ESE,13,17,44,24,1008.4,1007.7,3,5,25.6,30.9,No,No,No,2016-12-03,True,1.0,0,0,2016,4,12,Dec,2016-12,Winter,27.2,17.0,1,0,Light,Strong (45-60 km/h),South
3067,2016-12-03,21.0,26.8,0.0,11.2,9.7,S,41,SSE,ESE,11,19,64,55,1016.0,1015.0,7,5,22.6,23.8,No,No,No,2016-12-04,True,1.0,0,0,2016,4,12,Dec,2016-12,Winter,23.9,5.8,0,0,None,Moderate (30-45 km/h),South
3068,2016-12-04,19.7,26.9,0.0,8.0,9.3,NE,39,E,E,6,26,64,60,1016.0,1013.1,7,7,23.0,25.1,No,No,No,2016-12-05,True,1.0,0,0,2016,4,12,Dec,2016-12,Winter,23.3,7.2,0,0,None,Moderate (30-45 km/h),North
3069,2016-12-05,22.1,29.9,0.4,7.6,2.9,SSW,59,NE,E,13,17,71,65,1009.6,1005.9,7,7,26.1,27.1,No,Yes,Yes,2016-12-06,True,1.0,0,0,2016,4,12,Dec,2016-12,Winter,26.0,7.8,0,0,Light,Strong (45-60 km/h),South
3070,2016-12-06,20.4,23.6,3.2,7.0,0.0,S,33,W,NE,15,7,86,83,1012.4,1010.6,8,8,20.6,22.2,Yes,Yes,Yes,2016-12-07,True,1.0,0,0,2016,4,12,Dec,2016-12,Winter,22.0,3.2,0,1,Moderate,Moderate (30-45 km/h),South
3071,2016-12-07,18.6,25.1,7.8,1.4,9.3,SSW,37,SE,E,15,24,86,56,1015.2,1014.4,5,4,20.7,24.4,Yes,No,No,2016-12-08,True,1.0,0,0,2016,4,12,Dec,2016-12,Winter,21.85,6.5,0,1,Moderate,Moderate (30-45 km/h),South
3072,2016-12-08,20.2,27.9,0.2,8.0,12.2,NNE,56,NNE,NE,9,26,60,61,1008.7,999.4,1,2,24.6,26.9,No,No,No,2016-12-09,True,1.0,0,0,2016,4,12,Dec,2016-12,Winter,24.05,7.7,0,0,Light,Strong (45-60 km/h),North
3073,2016-12-09,18.1,27.8,0.4,13.6,13.4,W,72,W,WSW,44,31,35,14,1007.9,1009.9,1,1,20.2,26.4,No,No,No,2016-12-10,True,1.0,0,0,2016,4,12,Dec,2016-12,Winter,22.95,9.7,0,0,Light,Gale (>60 km/h),West
3074,2016-12-10,16.9,23.7,0.0,9.0,9.8,E,39,SSE,ENE,11,26,54,52,1022.5,1020.5,3,2,20.8,22.1,No,No,No,2016-12-11,True,1.0,0,0,2016,4,12,Dec,2016-12,Winter,20.3,6.8,0,0,None,Moderate (30-45 km/h),East
3075,2016-12-11,20.0,26.3,0.0,9.0,11.4,E,41,NE,E,13,28,57,56,1022.2,1020.4,3,1,23.6,24.3,No,No,No,2016-12-12,True,1.0,0,0,2016,4,12,Dec,2016-12,Winter,23.15,6.3,0,0,None,Moderate (30-45 km/h),East
3076,2016-12-12,20.9,27.6,0.0,10.6,12.4,NE,52,NE,ENE,15,19,59,53,1022.6,1018.1,6,1,23.8,25.5,No,No,No,2016-12-13,True,1.0,0,0,2016,4,12,Dec,2016-12,Winter,24.25,6.7,0,0,None,Strong (45-60 km/h),North
3077,2016-12-13,20.7,37.8,0.0,10.2,11.4,NNE,44,ESE,NE,9,15,49,36,1015.5,1011.1,3,5,27.5,31.1,No,No,No,2016-12-14,True,1.0,0,0,2016,4,12,Dec,2016-12,Winter,29.25,17.1,1,0,None,Moderate (30-45 km/h),North
3078,2016-12-14,27.1,37.2,0.0,13.4,2.5,WSW,57,NW,WSW,24,33,23,16,1008.5,1007.0,7,7,32.4,34.1,No,Yes,Yes,2016-12-15,True,1.0,0,0,2016,4,12,Dec,2016-12,Winter,32.15,10.1,1,0,None,Strong (45-60 km/h),West
3079,2016-12-15,17.4,19.1,8.2,8.8,0.0,SSE,46,SE,SSE,17,15,88,81,1017.2,1017.4,8,8,17.7,17.7,Yes,Yes,Yes,2016-12-16,True,1.0,0,0,2016,4,12,Dec,2016-12,Winter,18.25,1.7,0,1,Moderate,Strong (45-60 km/h),South
3080,2016-12-16,17.2,25.4,32.6,1.0,0.0,ESE,30,SSE,ESE,17,4,89,86,1013.3,1009.3,8,8,18.8,20.2,Yes,Yes,Yes,2016-12-17,True,1.0,0,0,2016,4,12,Dec,2016-12,Winter,21.3,8.2,0,1,Heavy,Moderate (30-45 km/h),East
3081,2016-12-17,18.5,33.7,10.4,1.4,12.7,S,70,NW,WNW,2,19,67,27,1007.4,1005.2,3,4,25.4,32.4,Yes,No,No,2016-12-18,True,1.0,0,0,2016,4,12,Dec,2016-12,Winter,26.1,15.2,0,1,Heavy,Gale (>60 km/h),South
3082,2016-12-18,18.3,21.3,0.0,10.0,0.7,SSE,57,SE,SE,15,22,61,55,1018.8,1020.0,8,8,19.8,19.9,No,No,No,2016-12-19,True,1.0,0,0,2016,4,12,Dec,2016-12,Winter,19.8,3.0,0,0,None,Strong (45-60 km/h),South
3083,2016-12-19,17.7,22.9,0.0,7.8,7.1,NE,44,ENE,NE,13,24,49,47,1021.0,1017.5,6,3,20.8,21.4,No,No,No,2016-12-20,True,1.0,0,0,2016,4,12,Dec,2016-12,Winter,20.3,5.2,0,0,None,Moderate (30-45 km/h),North
3084,2016-12-20,16.7,27.1,0.0,7.0,12.0,SSW,48,E,ESE,4,20,52,52,1010.4,1005.3,2,3,22.8,26.9,No,No,No,2016-12-21,True,1.0,0,0,2016,4,12,Dec,2016-12,Winter,21.9,10.4,0,0,None,Strong (45-60 km/h),South
3085,2016-12-21,18.6,26.7,0.0,10.0,10.4,S,52,S,ESE,15,28,64,50,1012.3,1012.2,3,2,22.8,25.0,No,No,No,2016-12-22,True,1.0,0,0,2016,4,12,Dec,2016-12,Winter,22.65,8.1,0,0,None,Strong (45-60 km/h),South
3086,2016-12-22,20.3,24.3,0.0,9.2,3.7,ENE,35,E,ENE,17,20,60,52,1019.4,1018.1,8,5,21.1,23.0,No,No,No,2016-12-23,True,1.0,0,0,2016,4,12,Dec,2016-12,Winter,22.3,4.0,0,0,None,Moderate (30-45 km/h),East
3087,2016-12-23,20.8,24.4,0.0,7.6,7.9,ENE,48,NE,NE,20,28,56,56,1019.3,1016.6,5,2,23.0,23.8,No,No,No,2016-12-24,True,1.0,0,0,2016,4,12,Dec,2016-12,Winter,22.6,3.6,0,0,None,Strong (45-60 km/h),East
3088,2016-12-24,19.8,27.2,0.0,9.4,4.3,NNW,44,WNW,ENE,9,20,66,55,1015.7,1013.8,7,7,23.2,26.3,No,Yes,Yes,2016-12-25,True,1.0,0,0,2016,4,12,Dec,2016-12,Winter,23.5,7.4,0,0,None,Moderate (30-45 km/h),North
3089,2016-12-25,19.1,27.4,1.6,4.6,12.8,NE,48,ESE,NE,4,26,64,55,1017.1,1015.5,3,3,23.9,26.8,Yes,No,No,2016-12-26,True,1.0,0,0,2016,4,12,Dec,2016-12,Winter,23.25,8.3,0,1,Light,Strong (45-60 km/h),North
3090,2016-12-26,20.9,29.3,0.0,11.2,10.9,NE,52,E,NE,13,30,59,51,1014.7,1011.4,1,1,25.8,27.9,No,No,No,2016-12-27,True,1.0,0,0,2016,4,12,Dec,2016-12,Winter,25.1,8.4,0,0,None,Strong (45-60 km/h),North
3091,2016-12-27,21.8,29.6,0.0,11.2,6.0,NE,43,S,ESE,17,19,66,60,1014.5,1013.3,7,7,25.7,27.5,No,No,No,2016-12-28,True,1.0,0,0,2016,4,12,Dec,2016-12,Winter,25.7,7.8,0,0,None,Moderate (30-45 km/h),North
3092,2016-12-28,21.1,28.9,0.0,7.8,9.4,NNE,61,E,NNE,15,24,63,48,1013.0,1009.7,6,6,24.9,27.5,No,No,No,2016-12-29,True,1.0,0,0,2016,4,12,Dec,2016-12,Winter,25.0,7.8,0,0,None,Gale (>60 km/h),North
3093,2016-12-29,22.6,36.6,0.0,10.4,4.8,E,28,W,ENE,15,22,49,30,1007.2,1004.4,7,6,28.1,31.8,No,No,No,2016-12-30,True,1.0,0,0,2016,4,12,Dec,2016-12,Winter,29.6,14.0,1,0,None,Light (<30 km/h),East
3094,2016-12-30,23.9,33.3,0.0,9.2,0.5,NNE,30,W,ENE,9,20,58,34,1003.6,1001.7,8,7,27.3,32.1,No,No,No,2016-12-31,True,1.0,0,0,2016,4,12,Dec,2016-12,Winter,28.6,9.4,0,0,None,Moderate (30-45 km/h),North
3095,2016-12-31,24.1,30.0,0.0,8.2,4.8,SE,37,SSE,SE,17,24,57,62,1003.7,1003.4,6,7,27.7,26.4,No,No,No,2017-01-01,True,1.0,0,0,2016,4,12,Dec,2016-12,Winter,27.05,5.9,0,0,None,Moderate (30-45 km/h),East
3096,2017-01-01,22.7,26.6,0.0,6.8,0.0,E,24,E,E,9,19,70,70,1007.4,1005.5,7,8,24.6,24.9,No,No,No,2017-01-02,True,1.0,0,0,2017,1,1,Jan,2017-01,Winter,24.65,3.9,0,0,None,Light (<30 km/h),East
3097,2017-01-02,21.2,26.3,0.4,3.4,3.5,S,56,SSW,SSE,26,28,71,54,1009.9,1011.8,7,5,22.1,24.8,No,Yes,Yes,2017-01-03,True,1.0,0,0,2017,1,1,Jan,2017-01,Winter,23.75,5.1,0,0,Light,Strong (45-60 km/h),South
3098,2017-01-03,18.5,26.6,2.6,6.2,8.8,SSE,48,S,SSE,19,19,66,60,1018.5,1018.3,7,7,21.9,25.4,Yes,Yes,Yes,2017-01-04,True,1.0,0,0,2017,1,1,Jan,2017-01,Winter,22.55,8.1,0,1,Moderate,Strong (45-60 km/h),South
3099,2017-01-04,20.1,25.9,1.2,7.8,5.6,ESE,31,ESE,ESE,22,22,53,45,1021.4,1020.0,7,7,24.0,23.7,Yes,Yes,Yes,2017-01-05,True,1.0,0,0,2017,1,1,Jan,2017-01,Winter,23.0,5.8,0,1,Light,Moderate (30-45 km/h),East
3100,2017-01-05,19.6,24.3,5.0,6.0,0.5,ENE,30,NNE,E,7,20,89,69,1019.0,1017.2,8,7,20.5,22.6,Yes,Yes,Yes,2017-01-06,True,1.0,0,0,2017,1,1,Jan,2017-01,Winter,21.95,4.7,0,1,Moderate,Moderate (30-45 km/h),East
3101,2017-01-06,19.9,26.5,8.8,3.8,4.8,E,35,ESE,E,15,22,86,57,1018.3,1017.5,7,6,20.0,25.3,Yes,Yes,Yes,2017-01-07,True,1.0,0,0,2017,1,1,Jan,2017-01,Winter,23.2,6.6,0,1,Moderate,Moderate (30-45 km/h),East
3102,2017-01-07,19.2,26.8,4.4,6.6,11.5,NE,43,S,NE,2,28,61,57,1018.4,1015.0,3,3,24.8,25.2,Yes,No,No,2017-01-08,True,1.0,0,0,2017,1,1,Jan,2017-01,Winter,23.0,7.6,0,1,Moderate,Moderate (30-45 km/h),North
3103,2017-01-08,19.7,28.5,0.0,10.4,11.7,NE,54,N,ENE,11,20,52,52,1013.5,1010.0,2,6,25.1,27.5,No,No,No,2017-01-09,True,1.0,0,0,2017,1,1,Jan,2017-01,Winter,24.1,8.8,0,0,None,Strong (45-60 km/h),North
3104,2017-01-09,21.3,29.9,0.0,9.6,9.2,ENE,31,ESE,E,9,20,57,57,1011.5,1009.2,2,2,27.0,26.7,No,No,No,2017-01-10,True,1.0,0,0,2017,1,1,Jan,2017-01,Winter,25.6,8.6,0,0,None,Moderate (30-45 km/h),East
3105,2017-01-10,22.6,31.3,0.4,8.2,8.8,E,31,W,E,9,17,73,49,1012.0,1008.1,7,4,24.8,30.5,No,No,No,2017-01-11,True,1.0,0,0,2017,1,1,Jan,2017-01,Winter,26.95,8.7,0,0,Light,Moderate (30-45 km/h),East
3106,2017-01-11,24.0,37.7,0.0,7.4,10.9,SSE,63,W,ESE,9,20,53,47,1007.6,1003.4,4,7,29.2,31.4,No,No,No,2017-01-12,True,1.0,0,0,2017,1,1,Jan,2017-01,Winter,30.85,13.7,1,0,None,Gale (>60 km/h),South
3107,2017-01-12,22.3,28.4,0.0,9.4,7.2,E,31,SSE,E,7,20,68,52,1012.4,1010.7,7,2,24.7,26.8,No,No,No,2017-01-13,True,1.0,0,0,2017,1,1,Jan,2017-01,Winter,25.35,6.1,0,0,None,Moderate (30-45 km/h),East
3108,2017-01-13,23.0,30.5,0.0,8.6,8.9,SSW,52,N,NE,15,30,68,57,1008.9,1001.3,8,1,24.6,29.0,No,No,No,2017-01-14,True,1.0,0,0,2017,1,1,Jan,2017-01,Winter,26.75,7.5,0,0,None,Strong (45-60 km/h),South
3109,2017-01-14,24.6,32.5,0.0,10.6,7.1,ESE,35,NNW,ESE,2,22,59,52,1003.4,1003.2,8,1,28.7,29.2,No,No,No,2017-01-15,True,1.0,0,0,2017,1,1,Jan,2017-01,Winter,28.55,7.9,0,0,None,Moderate (30-45 km/h),East
3110,2017-01-15,22.8,27.0,0.0,8.0,6.9,ESE,33,E,E,20,22,56,57,1015.1,1015.7,6,7,25.6,25.5,No,No,No,2017-01-16,True,1.0,0,0,2017,1,1,Jan,2017-01,Winter,24.9,4.2,0,0,None,Moderate (30-45 km/h),East
3111,2017-01-16,21.7,27.2,0.0,7.2,12.1,NE,52,NNE,NE,22,28,55,57,1017.1,1013.9,3,0,26.2,26.3,No,No,No,2017-01-17,True,1.0,0,0,2017,1,1,Jan,2017-01,Winter,24.45,5.5,0,0,None,Strong (45-60 km/h),North
3112,2017-01-17,20.8,36.6,0.0,10.4,11.9,NNE,50,ESE,ENE,6,11,64,44,1013.6,1008.3,5,2,25.3,32.6,No,No,No,2017-01-18,True,1.0,0,0,2017,1,1,Jan,2017-01,Winter,28.7,15.8,1,0,None,Strong (45-60 km/h),North
3113,2017-01-18,25.1,38.1,0.0,13.8,11.1,SSE,59,WNW,SSE,20,31,26,52,1005.4,1006.8,1,2,36.5,30.1,No,No,No,2017-01-19,True,1.0,0,0,2017,1,1,Jan,2017-01,Winter,31.6,13.0,1,0,None,Strong (45-60 km/h),South
3114,2017-01-19,20.1,24.5,0.0,12.6,0.0,ENE,41,ESE,ENE,20,19,61,53,1015.3,1013.7,8,8,21.5,22.7,No,No,No,2017-01-20,True,1.0,0,0,2017,1,1,Jan,2017-01,Winter,22.3,4.4,0,0,None,Moderate (30-45 km/h),East
3115,2017-01-20,19.0,29.2,0.0,5.8,2.6,SSW,65,NNE,NNW,22,28,62,68,1001.1,994.3,7,7,24.1,28.3,No,Yes,Yes,2017-01-21,True,1.0,0,0,2017,1,1,Jan,2017-01,Winter,24.1,10.2,0,0,None,Gale (>60 km/h),South
3116,2017-01-21,20.8,27.4,7.8,6.2,9.7,SSE,48,SSE,SE,22,20,49,42,1010.5,1012.2,7,1,22.2,26.6,Yes,No,No,2017-01-22,True,1.0,0,0,2017,1,1,Jan,2017-01,Winter,24.1,6.6,0,1,Moderate,Strong (45-60 km/h),South
3117,2017-01-22,20.4,26.5,0.0,9.1,10.7,ENE,39,NE,E,4,22,50,50,1017.9,1015.8,1,4,23.8,26.0,No,No,No,2017-01-23,True,1.0,0,0,2017,1,1,Jan,2017-01,Winter,23.45,6.1,0,0,None,Moderate (30-45 km/h),East
3118,2017-01-23,21.5,32.6,0.0,9.6,12.1,NE,56,NNW,NE,17,20,60,51,1014.9,1010.1,3,1,25.5,28.6,No,No,No,2017-01-24,True,1.0,0,0,2017,1,1,Jan,2017-01,Winter,27.05,11.1,0,0,None,Strong (45-60 km/h),North
3119,2017-01-24,24.5,37.0,0.0,12.0,2.6,SSW,69,NW,W,11,20,34,33,1007.4,1008.4,6,7,32.6,35.0,No,Yes,Yes,2017-01-25,True,1.0,0,0,2017,1,1,Jan,2017-01,Winter,30.75,12.5,1,0,None,Gale (>60 km/h),South
3120,2017-01-25,20.6,24.3,17.8,10.2,0.3,SSE,35,S,S,13,11,68,62,1020.5,1018.0,7,8,21.7,23.3,Yes,No,No,2017-01-26,True,1.0,0,0,2017,1,1,Jan,2017-01,Winter,22.45,3.7,0,1,Heavy,Moderate (30-45 km/h),South
3121,2017-01-26,20.7,25.5,0.0,2.8,0.4,SSE,31,SSW,SSE,11,13,70,64,1015.9,1014.9,8,6,22.6,24.9,No,No,No,2017-01-27,True,1.0,0,0,2017,1,1,Jan,2017-01,Winter,23.1,4.8,0,0,None,Moderate (30-45 km/h),South
3122,2017-01-27,20.4,27.1,0.0,4.2,6.0,S,31,SSW,ESE,13,15,67,57,1018.5,1016.9,7,4,21.7,25.7,No,No,No,2017-01-28,True,1.0,0,0,2017,1,1,Jan,2017-01,Winter,23.75,6.7,0,0,None,Moderate (30-45 km/h),South
3123,2017-01-28,20.4,29.7,0.0,5.4,12.2,NE,48,NE,ENE,2,17,63,59,1015.9,1012.2,1,1,26.4,28.1,No,No,No,2017-01-29,True,1.0,0,0,2017,1,1,Jan,2017-01,Winter,25.05,9.3,0,0,None,Strong (45-60 km/h),North
3124,2017-01-29,22.3,30.2,0.0,11.4,6.8,S,31,SSW,SSE,13,19,74,56,1016.8,1015.4,7,6,24.5,28.9,No,No,No,2017-01-30,True,1.0,0,0,2017,1,1,Jan,2017-01,Winter,26.25,7.9,0,0,None,Moderate (30-45 km/h),South
3125,2017-01-30,23.1,34.3,0.0,6.0,12.0,NNE,56,E,NE,13,17,67,54,1012.5,1008.0,1,3,27.9,30.3,No,No,No,2017-01-31,True,1.0,0,0,2017,1,1,Jan,2017-01,Winter,28.7,11.2,0,0,None,Strong (45-60 km/h),North
3126,2017-01-31,25.4,39.4,0.0,11.8,4.8,SSE,57,ESE,SSE,7,33,36,58,1008.1,1009.7,7,7,33.2,29.2,No,Yes,Yes,2017-02-01,True,1.0,0,0,2017,1,1,Jan,2017-01,Winter,32.4,14.0,1,0,None,Strong (45-60 km/h),South
3127,2017-02-01,20.3,23.6,1.2,9.2,0.0,SSW,33,SSW,SSE,6,9,83,79,1016.1,1012.7,8,8,21.1,22.4,Yes,Yes,Yes,2017-02-02,True,1.0,0,0,2017,1,2,Feb,2017-02,Winter,21.95,3.3,0,1,Light,Moderate (30-45 km/h),South
3128,2017-02-02,20.8,27.1,4.4,0.0,6.0,S,50,S,SE,30,22,70,56,1013.2,1013.9,7,7,23.1,25.4,Yes,No,No,2017-02-03,True,1.0,0,0,2017,1,2,Feb,2017-02,Winter,23.95,6.3,0,1,Moderate,Strong (45-60 km/h),South
3129,2017-02-03,22.3,26.4,0.0,6.6,0.1,NNE,24,NNE,NE,11,17,79,63,1015.5,1013.5,8,8,22.8,26.1,No,No,No,2017-02-04,True,1.0,0,0,2017,1,2,Feb,2017-02,Winter,24.35,4.1,0,0,None,Light (<30 km/h),North
3130,2017-02-04,22.7,30.4,0.0,4.4,7.2,NNE,35,ESE,E,4,17,78,65,1013.9,1010.4,8,5,26.0,28.1,No,No,No,2017-02-05,True,1.0,0,0,2017,1,2,Feb,2017-02,Winter,26.55,7.7,0,0,None,Moderate (30-45 km/h),North
3131,2017-02-05,25.8,34.9,0.0,9.6,7.0,NW,41,E,ENE,4,6,50,41,1010.4,1007.3,7,7,29.5,34.1,No,No,No,2017-02-06,True,1.0,0,0,2017,1,2,Feb,2017-02,Winter,30.35,9.1,0,0,None,Moderate (30-45 km/h),North
3132,2017-02-06,26.2,34.7,0.0,11.8,10.9,S,48,S,SE,19,19,55,44,1011.3,1009.3,1,1,29.6,33.9,No,Yes,Yes,2017-02-07,True,1.0,0,0,2017,1,2,Feb,2017-02,Winter,30.45,8.5,0,0,None,Strong (45-60 km/h),South
3133,2017-02-07,22.1,24.9,6.4,8.2,1.3,W,41,S,S,24,19,88,89,1017.6,1018.7,8,7,22.2,21.0,Yes,Yes,Yes,2017-02-08,True,1.0,0,0,2017,1,2,Feb,2017-02,Winter,23.5,2.8,0,1,Moderate,Moderate (30-45 km/h),West
3134,2017-02-08,20.7,27.0,85.0,3.4,5.9,ESE,46,ESE,E,37,19,79,85,1022.1,1021.8,7,7,24.6,23.1,Yes,Yes,Yes,2017-02-09,True,1.0,0,1,2017,1,2,Feb,2017-02,Winter,23.85,6.3,0,1,Extreme,Strong (45-60 km/h),East
3135,2017-02-09,22.5,30.9,5.4,5.2,11.8,NNE,54,NNW,NE,17,20,72,55,1018.6,1013.0,3,1,25.7,29.7,Yes,No,No,2017-02-10,True,1.0,0,0,2017,1,2,Feb,2017-02,Winter,26.7,8.4,0,1,Moderate,Strong (45-60 km/h),North
3136,2017-02-10,23.7,37.5,0.0,10.0,12.0,SSE,44,NW,ENE,7,17,61,35,1010.4,1006.4,6,2,27.4,36.2,No,No,No,2017-02-11,True,1.0,0,0,2017,1,2,Feb,2017-02,Winter,30.6,13.8,1,0,None,Moderate (30-45 km/h),South
3137,2017-02-11,23.9,36.2,0.0,11.0,11.4,SSW,63,W,E,9,19,72,51,1007.8,1002.7,5,3,26.4,33.1,No,No,No,2017-02-12,True,1.0,0,0,2017,1,2,Feb,2017-02,Winter,30.05,12.3,1,0,None,Gale (>60 km/h),South
3138,2017-02-12,24.5,31.9,0.0,10.4,7.8,SSE,59,S,SSE,2,33,67,59,1000.5,998.0,1,7,28.1,28.1,No,No,No,2017-02-13,True,1.0,0,0,2017,1,2,Feb,2017-02,Winter,28.2,7.4,0,0,None,Strong (45-60 km/h),South
3139,2017-02-13,17.8,27.3,0.0,7.0,12.8,SW,37,SSW,ESE,19,22,29,32,1008.1,1007.3,1,1,21.9,26.9,No,No,No,2017-02-14,True,1.0,0,0,2017,1,2,Feb,2017-02,Winter,22.55,9.5,0,0,None,Moderate (30-45 km/h),South
3140,2017-02-14,21.6,24.0,0.0,9.0,1.9,SSE,44,E,SSE,17,24,68,73,1015.0,1015.9,5,6,22.3,21.2,No,Yes,Yes,2017-02-15,True,1.0,0,0,2017,1,2,Feb,2017-02,Winter,22.8,2.4,0,0,None,Moderate (30-45 km/h),South
3141,2017-02-15,18.0,26.1,25.6,1.2,10.1,ENE,37,WSW,E,7,17,66,52,1017.4,1013.6,4,2,21.3,26.1,Yes,No,No,2017-02-16,True,1.0,0,0,2017,1,2,Feb,2017-02,Winter,22.05,8.1,0,1,Heavy,Moderate (30-45 km/h),East
3142,2017-02-16,19.5,30.0,0.0,8.0,11.1,NNE,54,W,ENE,6,24,63,51,1012.1,1009.0,1,1,23.4,28.8,No,No,No,2017-02-17,True,1.0,0,0,2017,1,2,Feb,2017-02,Winter,24.75,10.5,0,0,None,Strong (45-60 km/h),North
3143,2017-02-17,22.6,29.9,0.0,11.2,6.6,N,70,NE,NE,9,9,66,59,1009.8,1005.7,4,7,26.6,26.8,No,Yes,Yes,2017-02-18,True,1.0,0,0,2017,1,2,Feb,2017-02,Winter,26.25,7.3,0,0,None,Gale (>60 km/h),North
3144,2017-02-18,21.8,29.4,8.0,5.4,7.0,SE,41,S,ESE,17,20,79,58,1007.1,1004.9,3,2,22.9,28.8,Yes,Yes,Yes,2017-02-19,True,1.0,0,0,2017,1,2,Feb,2017-02,Winter,25.6,7.6,0,1,Moderate,Moderate (30-45 km/h),East
3145,2017-02-19,18.6,26.1,3.2,6.4,7.9,S,48,W,ESE,17,19,69,48,1008.7,1006.1,5,2,19.7,25.0,Yes,No,No,2017-02-20,True,1.0,0,0,2017,1,2,Feb,2017-02,Winter,22.35,7.5,0,1,Moderate,Strong (45-60 km/h),South
3146,2017-02-20,17.5,28.3,0.6,8.0,12.5,WSW,63,W,WNW,35,19,32,18,1010.5,1009.6,0,0,19.9,27.5,No,No,No,2017-02-21,True,1.0,0,0,2017,1,2,Feb,2017-02,Winter,22.9,10.8,0,0,Light,Gale (>60 km/h),West
3147,2017-02-21,16.9,27.6,0.0,10.4,11.7,NNE,33,WNW,ESE,17,19,41,36,1019.7,1018.5,6,2,19.4,26.3,No,No,No,2017-02-22,True,1.0,0,0,2017,1,2,Feb,2017-02,Winter,22.25,10.7,0,0,None,Moderate (30-45 km/h),North
3148,2017-02-22,19.3,27.7,0.0,7.0,12.2,NE,48,NNE,NE,15,22,50,47,1021.6,1018.5,2,1,25.8,26.2,No,No,No,2017-02-23,True,1.0,0,0,2017,1,2,Feb,2017-02,Winter,23.5,8.4,0,0,None,Strong (45-60 km/h),North
3149,2017-02-23,21.6,28.1,0.0,11.6,11.5,NNE,46,N,ENE,17,22,55,52,1019.8,1017.2,1,1,25.4,27.3,No,No,No,2017-02-24,True,1.0,0,0,2017,1,2,Feb,2017-02,Winter,24.85,6.5,0,0,None,Strong (45-60 km/h),North
3150,2017-02-24,21.8,28.0,0.0,10.6,5.7,S,31,SE,ESE,7,15,69,56,1020.8,1018.6,8,7,24.5,27.3,No,Yes,Yes,2017-02-25,True,1.0,0,0,2017,1,2,Feb,2017-02,Winter,24.9,6.2,0,0,None,Moderate (30-45 km/h),South
3151,2017-02-25,18.6,20.8,7.8,4.4,0.0,SSW,44,S,SSW,19,19,89,87,1020.5,1020.1,8,8,18.7,19.0,Yes,Yes,Yes,2017-02-26,True,1.0,0,0,2017,1,2,Feb,2017-02,Winter,19.7,2.2,0,1,Moderate,Moderate (30-45 km/h),South
3152,2017-02-26,18.3,25.5,28.6,5.8,5.3,S,48,SSE,SSW,15,24,67,54,1021.8,1021.8,6,3,20.7,24.3,Yes,Yes,Yes,2017-02-27,True,1.0,0,0,2017,1,2,Feb,2017-02,Winter,21.9,7.2,0,1,Heavy,Strong (45-60 km/h),South
3153,2017-02-27,18.7,26.6,26.4,7.6,7.5,ESE,44,SE,SE,19,24,60,47,1024.0,1022.8,7,3,23.3,25.6,Yes,Yes,Yes,2017-02-28,True,1.0,0,0,2017,1,2,Feb,2017-02,Winter,22.65,7.9,0,1,Heavy,Moderate (30-45 km/h),East
3154,2017-02-28,20.7,26.7,2.6,5.6,9.2,ESE,48,ESE,E,19,17,63,61,1022.7,1021.4,6,6,25.1,26.4,Yes,Yes,Yes,2017-03-01,True,1.0,0,0,2017,1,2,Feb,2017-02,Winter,23.7,6.0,0,1,Moderate,Strong (45-60 km/h),East
3155,2017-03-01,20.6,27.2,26.4,7.2,2.2,E,43,SE,ESE,9,22,87,67,1021.0,1019.4,6,7,21.4,25.0,Yes,Yes,Yes,2017-03-02,True,1.0,0,0,2017,1,3,Mar,2017-03,Spring,23.9,6.6,0,1,Heavy,Moderate (30-45 km/h),East
3156,2017-03-02,20.5,26.3,3.2,3.6,7.6,E,26,WNW,E,13,15,81,69,1018.1,1016.0,3,5,23.0,25.0,Yes,Yes,Yes,2017-03-03,True,1.0,0,0,2017,1,3,Mar,2017-03,Spring,23.4,5.8,0,1,Moderate,Light (<30 km/h),East
3157,2017-03-03,20.7,24.8,37.8,5.2,1.4,SE,63,S,SE,6,17,89,85,1016.9,1016.0,7,8,21.7,22.2,Yes,Yes,Yes,2017-03-04,True,1.0,0,0,2017,1,3,Mar,2017-03,Spring,22.75,4.1,0,1,Heavy,Gale (>60 km/h),East
3158,2017-03-04,19.9,23.3,27.6,4.0,0.2,SSE,54,SE,S,19,20,87,86,1015.2,1013.1,7,7,21.5,20.9,Yes,Yes,Yes,2017-03-05,True,1.0,0,0,2017,1,3,Mar,2017-03,Spring,21.6,3.4,0,1,Heavy,Strong (45-60 km/h),South
3159,2017-03-05,20.1,23.0,7.6,2.4,0.0,SW,56,W,SW,20,24,78,76,1010.2,1009.6,7,7,20.4,22.1,Yes,Yes,Yes,2017-03-06,True,1.0,0,0,2017,1,3,Mar,2017-03,Spring,21.55,2.9,0,1,Moderate,Strong (45-60 km/h),South
3160,2017-03-06,19.6,25.7,2.4,4.0,7.7,SSW,65,WSW,SSW,19,33,63,49,1012.8,1013.2,5,3,20.5,25.5,Yes,No,No,2017-03-07,True,1.0,0,0,2017,1,3,Mar,2017-03,Spring,22.65,6.1,0,1,Light,Gale (>60 km/h),South
3161,2017-03-07,18.8,23.2,0.0,9.4,3.6,SSE,54,SW,SSW,13,30,73,62,1017.6,1017.7,7,7,19.3,21.7,No,Yes,Yes,2017-03-08,True,1.0,0,0,2017,1,3,Mar,2017-03,Spring,21.0,4.4,0,0,None,Strong (45-60 km/h),South
3162,2017-03-08,16.9,23.5,5.0,8.8,1.4,SE,46,ESE,SE,17,20,67,56,1018.5,1017.4,8,8,19.9,22.0,Yes,No,No,2017-03-09,True,1.0,0,0,2017,1,3,Mar,2017-03,Spring,20.2,6.6,0,1,Moderate,Strong (45-60 km/h),East
3163,2017-03-09,17.9,25.1,1.0,5.4,2.7,SSE,43,SE,SSE,15,31,69,54,1017.0,1016.0,7,7,20.3,23.3,No,No,No,2017-03-10,True,1.0,0,0,2017,1,3,Mar,2017-03,Spring,21.5,7.2,0,1,Light,Moderate (30-45 km/h),South
3164,2017-03-10,17.3,25.8,0.6,5.4,7.4,SSE,44,W,S,17,24,73,51,1015.1,1014.0,3,3,19.3,25.1,No,No,No,2017-03-11,True,1.0,0,0,2017,1,3,Mar,2017-03,Spring,21.55,8.5,0,0,Light,Moderate (30-45 km/h),South
3165,2017-03-11,16.9,26.1,0.2,5.0,10.7,SSE,31,WNW,ESE,17,20,61,47,1014.2,1012.3,5,2,20.1,25.5,No,No,No,2017-03-12,True,1.0,0,0,2017,1,3,Mar,2017-03,Spring,21.5,9.2,0,0,Light,Moderate (30-45 km/h),South
3166,2017-03-12,17.4,26.4,0.0,7.2,10.6,NNE,46,NNE,ENE,9,28,62,50,1010.6,1007.7,1,1,22.3,26.0,No,No,No,2017-03-13,True,1.0,0,0,2017,1,3,Mar,2017-03,Spring,21.9,9.0,0,0,None,Strong (45-60 km/h),North
3167,2017-03-13,22.2,27.4,0.0,7.2,6.2,E,56,NNE,E,7,19,68,63,1011.1,1012.4,6,6,23.7,27.0,No,No,No,2017-03-14,True,1.0,0,0,2017,1,3,Mar,2017-03,Spring,24.8,5.2,0,0,None,Strong (45-60 km/h),East
3168,2017-03-14,22.6,25.9,0.4,7.6,0.5,E,44,ESE,ENE,20,24,71,67,1019.2,1020.2,7,8,23.9,21.4,No,Yes,Yes,2017-03-15,True,1.0,0,0,2017,1,3,Mar,2017-03,Spring,24.25,3.3,0,0,Light,Moderate (30-45 km/h),East
3169,2017-03-15,19.8,25.9,38.0,4.8,5.5,E,54,E,E,30,31,76,67,1020.6,1018.7,7,6,22.9,24.8,Yes,Yes,Yes,2017-03-16,True,1.0,0,0,2017,1,3,Mar,2017-03,Spring,22.85,6.1,0,1,Heavy,Strong (45-60 km/h),East
3170,2017-03-16,21.9,24.9,2.6,7.6,1.0,ENE,56,ENE,NE,26,24,84,85,1013.2,1009.0,8,7,23.1,24.5,Yes,Yes,Yes,2017-03-17,True,1.0,0,0,2017,1,3,Mar,2017-03,Spring,23.4,3.0,0,1,Moderate,Strong (45-60 km/h),East
3171,2017-03-17,20.0,22.7,20.0,3.0,1.3,S,59,SSW,S,26,35,83,81,1018.4,1020.6,8,8,20.3,20.5,Yes,Yes,Yes,2017-03-18,True,1.0,0,0,2017,1,3,Mar,2017-03,Spring,21.35,2.7,0,1,Heavy,Strong (45-60 km/h),South
3172,2017-03-18,19.3,25.8,45.8,2.8,3.6,SSE,65,SE,ESE,24,22,88,79,1022.9,1022.2,8,7,21.8,24.1,Yes,Yes,Yes,2017-03-19,True,1.0,0,0,2017,1,3,Mar,2017-03,Spring,22.55,6.5,0,1,Heavy,Gale (>60 km/h),South
3173,2017-03-19,21.6,26.2,4.2,4.8,5.5,ESE,57,E,ENE,28,24,86,76,1020.3,1017.9,7,7,23.7,25.3,Yes,No,No,2017-03-20,True,1.0,0,0,2017,1,3,Mar,2017-03,Spring,23.9,4.6,0,1,Moderate,Strong (45-60 km/h),East
3174,2017-03-20,23.7,27.9,0.2,8.4,4.4,NNE,39,NE,NE,11,20,74,66,1018.5,1015.6,7,7,25.8,26.9,No,No,No,2017-03-21,True,1.0,0,0,2017,1,3,Mar,2017-03,Spring,25.8,4.2,0,0,Light,Moderate (30-45 km/h),North
3175,2017-03-21,23.3,27.1,0.0,5.2,1.5,NNE,30,NNE,E,11,17,77,72,1015.7,1012.6,7,6,24.5,26.0,No,Yes,Yes,2017-03-22,True,1.0,0,0,2017,1,3,Mar,2017-03,Spring,25.2,3.8,0,0,None,Moderate (30-45 km/h),North
3176,2017-03-22,22.3,31.9,25.6,6.0,4.4,WSW,63,SE,E,4,19,82,57,1012.6,1010.7,7,6,23.9,29.8,Yes,Yes,Yes,2017-03-23,True,1.0,0,0,2017,1,3,Mar,2017-03,Spring,27.1,9.6,0,1,Heavy,Gale (>60 km/h),West
3177,2017-03-23,20.7,23.3,18.2,4.8,0.2,SSW,41,SSW,SSW,19,20,72,71,1018.5,1017.4,7,8,21.5,22.2,Yes,Yes,Yes,2017-03-24,True,1.0,0,0,2017,1,3,Mar,2017-03,Spring,22.0,2.6,0,1,Heavy,Moderate (30-45 km/h),South
3178,2017-03-24,18.5,24.1,10.2,7.8,5.5,S,41,W,SSW,13,20,85,70,1019.9,1019.1,2,7,20.4,21.7,Yes,Yes,Yes,2017-03-25,True,1.0,0,0,2017,1,3,Mar,2017-03,Spring,21.3,5.6,0,1,Heavy,Moderate (30-45 km/h),South
3179,2017-03-25,19.2,24.5,4.8,3.2,4.9,ENE,26,WNW,NE,11,13,81,58,1017.8,1014.1,6,7,20.2,24.2,Yes,No,No,2017-03-26,True,1.0,0,0,2017,1,3,Mar,2017-03,Spring,21.85,5.3,0,1,Moderate,Light (<30 km/h),East
3180,2017-03-26,18.9,26.5,0.0,3.0,11.0,ENE,28,WNW,E,13,19,74,66,1015.9,1014.7,1,2,21.3,26.0,No,No,No,2017-03-27,True,1.0,0,0,2017,1,3,Mar,2017-03,Spring,22.7,7.6,0,0,None,Light (<30 km/h),East
3181,2017-03-27,19.2,27.0,0.0,5.8,11.0,NNE,41,W,NE,11,22,76,62,1017.1,1012.3,1,1,21.8,26.0,No,No,No,2017-03-28,True,1.0,0,0,2017,1,3,Mar,2017-03,Spring,23.1,7.8,0,0,None,Moderate (30-45 km/h),North
3182,2017-03-28,21.2,23.8,0.0,7.4,0.0,SSW,54,SSW,S,19,11,76,69,1013.9,1012.4,7,8,21.8,23.6,No,No,No,2017-03-29,True,1.0,0,0,2017,1,3,Mar,2017-03,Spring,22.5,2.6,0,0,None,Strong (45-60 km/h),South
3183,2017-03-29,21.4,28.8,0.0,2.4,8.4,E,30,E,E,2,22,84,71,1012.3,1007.4,8,1,22.5,27.0,No,Yes,Yes,2017-03-30,True,1.0,0,0,2017,1,3,Mar,2017-03,Spring,25.1,7.4,0,0,None,Moderate (30-45 km/h),East
3184,2017-03-30,22.5,26.0,2.4,7.4,0.0,SSW,69,NNE,SSW,19,28,70,88,1007.0,1007.7,8,8,25.2,19.2,Yes,Yes,Yes,2017-03-31,True,1.0,0,0,2017,1,3,Mar,2017-03,Spring,24.25,3.5,0,1,Light,Gale (>60 km/h),South
3185,2017-03-31,15.3,22.6,42.4,4.8,9.9,SW,54,W,S,20,28,56,53,1016.4,1015.6,4,2,16.9,21.6,Yes,No,No,2017-04-01,True,1.0,0,0,2017,1,3,Mar,2017-03,Spring,18.95,7.3,0,1,Heavy,Strong (45-60 km/h),South
3186,2017-04-01,14.5,25.6,0.0,4.8,10.7,SSE,35,W,ESE,17,17,63,48,1018.2,1016.6,1,2,17.1,22.5,No,No,No,2017-04-02,True,1.0,0,0,2017,2,4,Apr,2017-04,Spring,20.05,11.1,0,0,None,Moderate (30-45 km/h),South
3187,2017-04-02,17.0,22.0,0.0,4.8,5.8,SSE,50,SSW,SSE,15,22,66,59,1025.1,1024.7,6,6,19.8,20.1,No,Yes,Yes,2017-04-03,True,1.0,0,0,2017,2,4,Apr,2017-04,Spring,19.5,5.0,0,0,None,Strong (45-60 km/h),South
3188,2017-04-03,14.8,22.0,33.8,4.2,1.5,SSE,50,W,ESE,19,24,90,49,1028.4,1026.3,8,7,15.7,21.8,Yes,Yes,Yes,2017-04-04,True,1.0,0,0,2017,2,4,Apr,2017-04,Spring,18.4,7.2,0,1,Heavy,Strong (45-60 km/h),South
3189,2017-04-04,14.9,22.8,7.8,0.4,6.4,SE,41,WNW,SSE,15,20,78,60,1028.1,1026.3,3,6,17.9,20.7,Yes,No,No,2017-04-05,True,1.0,0,0,2017,2,4,Apr,2017-04,Spring,18.85,7.9,0,1,Moderate,Moderate (30-45 km/h),East
3190,2017-04-05,14.1,23.3,0.4,5.4,10.2,ESE,37,W,ESE,9,22,72,45,1026.1,1023.3,3,3,18.1,22.9,No,No,No,2017-04-06,True,1.0,0,0,2017,2,4,Apr,2017-04,Spring,18.7,9.2,0,0,Light,Moderate (30-45 km/h),East
3191,2017-04-06,13.2,23.4,0.2,6.0,8.7,ESE,24,W,ENE,17,15,69,42,1026.2,1023.9,2,3,17.1,23.2,No,No,No,2017-04-07,True,1.0,0,0,2017,2,4,Apr,2017-04,Spring,18.3,10.2,0,0,Light,Light (<30 km/h),East
3192,2017-04-07,14.1,23.8,0.0,3.4,10.6,ENE,28,WNW,E,11,13,69,41,1028.4,1025.7,2,2,18.7,23.7,No,No,No,2017-04-08,True,1.0,0,0,2017,2,4,Apr,2017-04,Spring,18.95,9.7,0,0,None,Light (<30 km/h),East
3193,2017-04-08,14.9,24.9,0.0,5.0,9.8,ENE,37,WNW,NE,13,20,68,49,1026.2,1021.4,4,4,18.4,23.1,No,No,No,2017-04-09,True,1.0,0,0,2017,2,4,Apr,2017-04,Spring,19.9,10.0,0,0,None,Moderate (30-45 km/h),East
3194,2017-04-09,15.5,28.7,0.0,7.0,9.6,WNW,67,NW,NNE,7,20,62,35,1015.3,1007.1,1,4,20.1,27.9,No,Yes,Yes,2017-04-10,True,1.0,0,0,2017,2,4,Apr,2017-04,Spring,22.1,13.2,0,0,None,Gale (>60 km/h),West
3195,2017-04-10,11.7,17.9,8.8,7.8,6.1,W,54,WNW,W,26,26,51,56,1009.3,1008.5,7,7,13.9,15.7,Yes,No,No,2017-04-11,True,1.0,0,0,2017,2,4,Apr,2017-04,Spring,14.8,6.2,0,1,Moderate,Strong (45-60 km/h),West
3196,2017-04-11,13.8,23.0,0.0,3.6,2.1,SSW,54,W,SSW,22,26,56,48,1017.2,1017.3,7,7,17.9,22.2,No,Yes,Yes,2017-04-12,True,1.0,0,0,2017,2,4,Apr,2017-04,Spring,18.4,9.2,0,0,None,Strong (45-60 km/h),South
3197,2017-04-12,15.0,22.7,9.4,4.2,2.8,SSW,43,W,SSW,19,17,71,75,1023.7,1022.2,7,7,17.4,20.2,Yes,Yes,Yes,2017-04-13,True,1.0,0,0,2017,2,4,Apr,2017-04,Spring,18.85,7.7,0,1,Moderate,Moderate (30-45 km/h),South
3198,2017-04-13,15.3,23.6,19.8,2.4,9.2,SSE,31,W,SSE,17,20,80,51,1023.8,1020.9,4,3,17.3,22.6,Yes,No,No,2017-04-14,True,1.0,0,0,2017,2,4,Apr,2017-04,Spring,19.45,8.3,0,1,Heavy,Moderate (30-45 km/h),South
3199,2017-04-14,13.9,24.7,0.0,4.0,10.8,W,26,WNW,SE,11,15,69,41,1022.1,1019.3,1,1,17.2,23.5,No,No,No,2017-04-15,True,1.0,0,0,2017,2,4,Apr,2017-04,Spring,19.3,10.8,0,0,None,Light (<30 km/h),West
3200,2017-04-15,13.2,23.8,0.0,5.2,9.8,W,26,W,ESE,13,17,72,55,1021.0,1018.7,1,4,16.5,22.0,No,No,No,2017-04-16,True,1.0,0,0,2017,2,4,Apr,2017-04,Spring,18.5,10.6,0,0,None,Light (<30 km/h),West
3201,2017-04-16,15.2,26.9,0.0,4.4,8.1,WSW,39,W,WSW,13,9,75,30,1020.0,1017.4,3,5,18.2,26.2,No,No,No,2017-04-17,True,1.0,0,0,2017,2,4,Apr,2017-04,Spring,21.05,11.7,0,0,None,Moderate (30-45 km/h),West
3202,2017-04-17,14.2,24.1,0.0,3.0,8.9,W,24,WNW,ESE,15,13,68,55,1024.4,1022.1,2,2,17.4,22.3,No,No,No,2017-04-18,True,1.0,0,0,2017,2,4,Apr,2017-04,Spring,19.15,9.9,0,0,None,Light (<30 km/h),West
3203,2017-04-18,16.0,24.3,0.0,4.0,9.3,ESE,24,W,E,15,17,73,55,1027.0,1025.3,1,1,19.2,23.0,No,No,No,2017-04-19,True,1.0,0,0,2017,2,4,Apr,2017-04,Spring,20.15,8.3,0,0,None,Light (<30 km/h),East
3204,2017-04-19,15.2,24.9,0.0,4.6,6.1,SE,30,W,SE,17,15,72,63,1030.6,1028.1,3,6,17.7,22.3,No,No,No,2017-04-20,True,1.0,0,0,2017,2,4,Apr,2017-04,Spring,20.05,9.7,0,0,None,Moderate (30-45 km/h),East
3205,2017-04-20,16.2,24.0,0.2,3.8,9.9,E,30,WNW,ENE,9,20,83,48,1030.3,1027.5,4,2,19.0,23.0,No,No,No,2017-04-21,True,1.0,0,0,2017,2,4,Apr,2017-04,Spring,20.1,7.8,0,0,Light,Moderate (30-45 km/h),East
3206,2017-04-21,14.4,23.9,0.0,4.0,7.2,ENE,26,WNW,E,15,17,68,58,1028.4,1024.8,5,6,17.9,22.4,No,No,No,2017-04-22,True,1.0,0,0,2017,2,4,Apr,2017-04,Spring,19.15,9.5,0,0,None,Light (<30 km/h),East
3207,2017-04-22,17.7,24.1,0.0,4.2,3.5,N,19,NNE,ENE,2,15,68,60,1025.9,1022.2,7,5,19.9,22.5,No,No,No,2017-04-23,True,1.0,0,0,2017,2,4,Apr,2017-04,Spring,20.9,6.4,0,0,None,Light (<30 km/h),North
3208,2017-04-23,15.9,26.7,0.0,3.6,9.5,E,22,WNW,ESE,11,17,74,58,1024.1,1020.9,1,2,18.5,23.6,No,No,No,2017-04-24,True,1.0,0,0,2017,2,4,Apr,2017-04,Spring,21.3,10.8,0,0,None,Light (<30 km/h),East
3209,2017-04-24,15.7,23.9,0.0,3.0,10.0,NNE,24,W,E,15,17,74,61,1022.7,1018.4,1,3,18.2,22.7,No,No,No,2017-04-25,True,1.0,0,0,2017,2,4,Apr,2017-04,Spring,19.8,8.2,0,0,None,Light (<30 km/h),North
3210,2017-04-25,18.2,26.7,0.0,4.4,3.0,NW,39,E,NW,4,22,69,65,1014.0,1008.8,7,7,20.6,21.9,No,Yes,No,2017-04-27,False,1.0,0,0,2017,2,4,Apr,2017-04,Spring,22.45,8.5,0,0,None,Moderate (30-45 km/h),North
3211,2017-04-27,12.1,20.0,0.4,7.0,8.2,S,46,W,S,22,24,46,45,1015.8,1015.2,2,4,13.1,18.5,No,No,No,2017-04-28,True,2.0,1,0,2017,2,4,Apr,2017-04,Spring,16.05,7.9,0,0,Light,Strong (45-60 km/h),South
3212,2017-04-28,10.2,21.8,0.0,5.0,10.4,SW,44,W,S,22,13,51,39,1022.7,1020.3,1,5,13.5,20.1,No,No,No,2017-04-29,True,1.0,0,0,2017,2,4,Apr,2017-04,Spring,16.0,11.6,0,0,None,Moderate (30-45 km/h),South
3213,2017-04-29,10.8,22.7,0.0,3.6,10.5,W,31,W,ESE,24,13,60,51,1020.8,1018.2,1,3,14.0,21.2,No,No,No,2017-04-30,True,1.0,0,0,2017,2,4,Apr,2017-04,Spring,16.75,11.9,0,0,None,Moderate (30-45 km/h),West
3214,2017-04-30,14.0,22.6,0.0,3.0,7.8,SSE,28,WNW,SE,15,13,66,59,1023.0,1020.9,7,4,17.2,20.5,No,No,No,2017-05-01,True,1.0,0,0,2017,2,4,Apr,2017-04,Spring,18.3,8.6,0,0,None,Light (<30 km/h),South
3215,2017-05-01,13.2,25.6,0.0,4.0,9.5,NNW,30,W,N,11,19,78,40,1019.5,1014.9,5,5,15.9,24.2,No,No,No,2017-05-02,True,1.0,0,0,2017,2,5,May,2017-05,Spring,19.4,12.4,0,0,None,Moderate (30-45 km/h),North
3216,2017-05-02,14.6,23.9,0.0,5.0,8.4,SSW,39,W,SSW,17,15,65,33,1017.5,1016.0,3,6,17.2,23.2,No,Yes,Yes,2017-05-03,True,1.0,0,0,2017,2,5,May,2017-05,Spring,19.25,9.3,0,0,None,Moderate (30-45 km/h),South
3217,2017-05-03,14.9,18.4,1.4,5.0,3.4,S,43,S,SSE,17,15,61,67,1027.0,1027.3,6,8,16.9,16.3,Yes,Yes,Yes,2017-05-04,True,1.0,0,0,2017,2,5,May,2017-05,Spring,16.65,3.5,0,1,Light,Moderate (30-45 km/h),South
3218,2017-05-04,11.8,20.0,3.8,3.8,3.3,W,24,WNW,ESE,13,13,78,45,1031.6,1029.4,6,7,14.7,19.5,Yes,No,No,2017-05-05,True,1.0,0,0,2017,2,5,May,2017-05,Spring,15.9,8.2,0,1,Moderate,Light (<30 km/h),West
3219,2017-05-05,12.7,21.6,0.4,2.4,8.5,E,26,WNW,ENE,15,20,74,54,1031.2,1027.8,1,1,15.1,20.5,No,No,No,2017-05-06,True,1.0,0,0,2017,2,5,May,2017-05,Spring,17.15,8.9,0,0,Light,Light (<30 km/h),East
3220,2017-05-06,12.7,26.2,0.0,4.0,8.4,NNW,43,W,N,11,13,77,39,1025.9,1021.1,7,6,14.8,25.2,No,No,No,2017-05-07,True,1.0,0,0,2017,2,5,May,2017-05,Spring,19.45,13.5,0,0,None,Moderate (30-45 km/h),North
3221,2017-05-07,14.6,22.2,0.2,4.0,10.0,W,50,W,ESE,22,13,47,25,1023.6,1023.2,1,1,17.2,21.1,No,No,No,2017-05-08,True,1.0,0,0,2017,2,5,May,2017-05,Spring,18.4,7.6,0,0,Light,Strong (45-60 km/h),West
3222,2017-05-08,10.2,20.1,0.0,4.8,9.9,SSW,33,W,SE,22,20,49,41,1027.9,1025.1,2,1,12.2,18.9,No,No,No,2017-05-09,True,1.0,0,0,2017,2,5,May,2017-05,Spring,15.15,9.9,0,0,None,Moderate (30-45 km/h),South
3223,2017-05-09,10.7,21.0,0.0,9.6,7.5,SSE,31,W,S,19,13,67,45,1026.9,1024.0,5,1,13.3,19.8,No,No,No,2017-05-10,True,1.0,0,0,2017,2,5,May,2017-05,Spring,15.85,10.3,0,0,None,Moderate (30-45 km/h),South
3224,2017-05-10,10.5,21.7,0.0,3.4,10.0,W,37,W,SE,20,13,70,52,1025.1,1021.9,1,1,13.3,20.3,No,No,No,2017-05-11,True,1.0,0,0,2017,2,5,May,2017-05,Spring,16.1,11.2,0,0,None,Moderate (30-45 km/h),West
3225,2017-05-11,10.9,22.1,0.0,2.0,8.5,W,30,W,SSE,24,19,73,56,1024.7,1022.9,1,7,13.4,19.7,No,No,No,2017-05-12,True,1.0,0,0,2017,2,5,May,2017-05,Spring,16.5,11.2,0,0,None,Moderate (30-45 km/h),West
3226,2017-05-12,12.5,19.6,0.4,2.6,1.7,WNW,26,W,ESE,19,17,78,71,1027.0,1024.5,7,7,14.1,18.5,No,Yes,Yes,2017-05-13,True,1.0,0,0,2017,2,5,May,2017-05,Spring,16.05,7.1,0,0,Light,Light (<30 km/h),West
3227,2017-05-13,14.0,21.3,3.2,0.6,7.3,ENE,28,WNW,NE,11,17,86,67,1024.9,1021.7,1,7,15.8,20.1,Yes,No,No,2017-05-14,True,1.0,0,0,2017,2,5,May,2017-05,Spring,17.65,7.3,0,1,Moderate,Light (<30 km/h),East
3228,2017-05-14,14.7,18.7,0.0,4.0,0.3,ESE,26,SW,SE,7,9,89,74,1021.9,1019.2,7,7,16.3,18.1,No,Yes,Yes,2017-05-15,True,1.0,0,0,2017,2,5,May,2017-05,Spring,16.7,4.0,0,0,None,Light (<30 km/h),East
3229,2017-05-15,13.1,20.8,5.2,1.6,5.5,SSW,43,W,SSW,20,20,75,49,1017.1,1014.0,7,1,14.6,20.2,Yes,No,No,2017-05-16,True,1.0,0,0,2017,2,5,May,2017-05,Spring,16.95,7.7,0,1,Moderate,Moderate (30-45 km/h),South
3230,2017-05-16,11.1,21.9,0.0,3.0,9.9,W,33,W,SSE,19,11,59,39,1017.9,1016.5,1,1,14.4,20.3,No,No,No,2017-05-17,True,1.0,0,0,2017,2,5,May,2017-05,Spring,16.5,10.8,0,0,None,Moderate (30-45 km/h),West
3231,2017-05-17,9.8,20.2,0.0,3.4,9.5,W,28,W,E,17,17,72,52,1023.4,1021.3,1,2,12.7,19.6,No,No,No,2017-05-18,True,1.0,0,0,2017,2,5,May,2017-05,Spring,15.0,10.4,0,0,None,Light (<30 km/h),West
3232,2017-05-18,12.6,21.5,0.0,3.6,6.4,E,33,WNW,E,15,22,79,62,1027.0,1024.7,7,4,14.8,20.2,No,No,No,2017-05-19,True,1.0,0,0,2017,2,5,May,2017-05,Spring,17.05,8.9,0,0,None,Moderate (30-45 km/h),East
3233,2017-05-19,14.8,20.4,0.0,1.4,0.5,NNE,43,NE,NNE,11,17,78,72,1025.3,1020.9,7,7,19.5,20.2,No,Yes,Yes,2017-05-20,True,1.0,0,0,2017,2,5,May,2017-05,Spring,17.6,5.6,0,0,None,Moderate (30-45 km/h),North
3234,2017-05-20,16.7,23.2,14.6,1.0,5.4,NE,35,NW,WNW,11,9,86,58,1017.9,1015.4,8,3,17.5,22.8,Yes,No,No,2017-05-21,True,1.0,0,0,2017,2,5,May,2017-05,Spring,19.95,6.5,0,1,Heavy,Moderate (30-45 km/h),North
3235,2017-05-21,13.8,23.5,0.0,4.0,9.2,W,30,W,ESE,22,17,69,49,1021.0,1019.3,2,1,15.7,21.9,No,No,No,2017-05-22,True,1.0,0,0,2017,2,5,May,2017-05,Spring,18.65,9.7,0,0,None,Moderate (30-45 km/h),West
3236,2017-05-22,13.0,21.0,0.0,1.0,6.9,W,22,W,E,17,11,84,65,1024.7,1021.9,2,4,14.7,20.1,No,No,No,2017-05-23,True,1.0,0,0,2017,2,5,May,2017-05,Spring,17.0,8.0,0,0,None,Light (<30 km/h),West
3237,2017-05-23,14.7,22.6,0.0,2.4,8.8,ENE,24,WNW,ENE,11,17,82,65,1022.1,1017.2,1,2,16.6,22.4,No,No,No,2017-05-24,True,1.0,0,0,2017,2,5,May,2017-05,Spring,18.65,7.9,0,0,None,Light (<30 km/h),East
3238,2017-05-24,14.8,22.7,0.8,3.4,9.0,WSW,54,NNW,WSW,7,22,77,31,1014.7,1012.7,5,1,16.7,22.5,No,No,No,2017-05-25,True,1.0,0,0,2017,2,5,May,2017-05,Spring,18.75,7.9,0,0,Light,Strong (45-60 km/h),West
3239,2017-05-25,11.6,21.4,0.0,5.6,9.6,WSW,33,W,E,22,11,60,43,1021.3,1018.9,1,0,14.0,19.7,No,No,No,2017-05-26,True,1.0,0,0,2017,2,5,May,2017-05,Spring,16.5,9.8,0,0,None,Moderate (30-45 km/h),West
3240,2017-05-26,10.6,20.8,0.0,1.8,9.8,W,30,W,S,19,13,58,56,1021.7,1019.7,2,3,14.0,19.6,No,No,No,2017-05-27,True,1.0,0,0,2017,2,5,May,2017-05,Spring,15.7,10.2,0,0,None,Moderate (30-45 km/h),West
3241,2017-05-27,12.6,20.6,0.0,2.8,7.0,W,24,W,ENE,19,15,77,65,1021.8,1017.6,3,3,14.2,19.4,No,No,No,2017-05-28,True,1.0,0,0,2017,2,5,May,2017-05,Spring,16.6,8.0,0,0,None,Light (<30 km/h),West
3242,2017-05-28,11.9,23.7,0.0,2.4,8.4,NNW,48,W,NW,13,24,83,37,1013.2,1009.0,1,6,13.3,23.2,No,No,No,2017-05-29,True,1.0,0,0,2017,2,5,May,2017-05,Spring,17.8,11.8,0,0,None,Strong (45-60 km/h),North
3243,2017-05-29,11.4,18.3,0.0,5.2,9.4,W,56,SW,WSW,15,19,44,30,1017.8,1018.6,1,1,13.5,17.5,No,No,No,2017-05-30,True,1.0,0,0,2017,2,5,May,2017-05,Spring,14.85,6.9,0,0,None,Strong (45-60 km/h),West
3244,2017-05-30,7.1,17.1,0.0,3.4,9.7,WSW,39,W,WNW,17,17,60,37,1023.1,1020.1,1,6,9.7,16.7,No,No,No,2017-05-31,True,1.0,0,0,2017,2,5,May,2017-05,Spring,12.1,10.0,0,0,None,Moderate (30-45 km/h),West
3245,2017-05-31,9.7,16.3,0.0,3.4,7.8,SSW,52,SSW,SSW,20,28,58,43,1025.4,1026.0,6,4,13.4,15.9,No,No,No,2017-06-01,True,1.0,0,0,2017,2,5,May,2017-05,Spring,13.0,6.6,0,0,None,Strong (45-60 km/h),South
3246,2017-06-01,8.0,18.3,0.0,4.8,9.7,WSW,43,W,SSW,28,26,54,39,1032.8,1031.2,1,1,10.3,17.8,No,No,No,2017-06-02,True,1.0,0,0,2017,2,6,Jun,2017-06,Summer,13.15,10.3,0,0,None,Moderate (30-45 km/h),West
3247,2017-06-02,8.5,18.1,0.0,3.2,4.8,SSW,41,W,SSW,24,20,61,50,1032.7,1030.8,1,4,10.7,16.4,No,No,No,2017-06-03,True,1.0,0,0,2017,2,6,Jun,2017-06,Summer,13.3,9.6,0,0,None,Moderate (30-45 km/h),South
3248,2017-06-03,10.7,17.4,0.0,3.4,2.1,S,41,W,S,20,22,64,66,1031.1,1028.8,4,7,13.4,16.4,No,Yes,Yes,2017-06-04,True,1.0,0,0,2017,2,6,Jun,2017-06,Summer,14.05,6.7,0,0,None,Moderate (30-45 km/h),South
3249,2017-06-04,10.5,19.7,1.4,0.6,6.8,W,28,W,SSE,20,17,77,57,1028.3,1024.5,1,2,12.2,19.0,Yes,No,No,2017-06-05,True,1.0,0,0,2017,2,6,Jun,2017-06,Summer,15.1,9.2,0,1,Light,Light (<30 km/h),West
3250,2017-06-05,9.4,19.6,0.0,2.8,9.4,W,28,W,WSW,20,7,78,41,1025.0,1021.5,3,5,11.5,19.2,No,No,No,2017-06-06,True,1.0,0,0,2017,2,6,Jun,2017-06,Summer,14.5,10.2,0,0,None,Light (<30 km/h),West
3251,2017-06-06,9.1,17.9,0.0,2.2,7.2,WSW,59,W,S,19,15,58,43,1019.7,1017.7,2,2,11.2,14.7,No,Yes,Yes,2017-06-07,True,1.0,0,0,2017,2,6,Jun,2017-06,Summer,13.5,8.8,0,0,None,Strong (45-60 km/h),West
3252,2017-06-07,8.8,15.5,54.6,2.6,0.0,SSW,56,SSW,S,24,17,82,85,1020.2,1019.6,8,8,13.3,14.2,Yes,Yes,Yes,2017-06-08,True,1.0,0,1,2017,2,6,Jun,2017-06,Summer,12.15,6.7,0,1,Extreme,Strong (45-60 km/h),South
3253,2017-06-08,12.4,18.1,61.0,1.8,1.3,SE,44,W,S,17,15,91,84,1024.2,1023.4,5,6,13.3,16.9,Yes,Yes,Yes,2017-06-09,True,1.0,0,1,2017,2,6,Jun,2017-06,Summer,15.25,5.7,0,1,Extreme,Moderate (30-45 km/h),East
3254,2017-06-09,10.4,18.9,3.4,1.6,4.8,ESE,52,W,SSE,19,28,90,64,1027.6,1026.7,6,7,12.5,18.2,Yes,Yes,Yes,2017-06-10,True,1.0,0,0,2017,2,6,Jun,2017-06,Summer,14.65,8.5,0,1,Moderate,Strong (45-60 km/h),East
3255,2017-06-10,12.5,18.1,38.8,3.6,0.2,SSE,50,SE,SSE,17,15,85,70,1031.9,1030.2,7,7,15.8,17.5,Yes,Yes,Yes,2017-06-11,True,1.0,0,0,2017,2,6,Jun,2017-06,Summer,15.3,5.6,0,1,Heavy,Strong (45-60 km/h),South
3256,2017-06-11,12.5,17.2,2.8,1.6,0.2,WNW,20,W,W,15,6,90,85,1029.2,1025.9,5,6,13.1,16.0,Yes,Yes,Yes,2017-06-12,True,1.0,0,0,2017,2,6,Jun,2017-06,Summer,14.85,4.7,0,1,Moderate,Light (<30 km/h),West
3257,2017-06-12,11.3,20.4,1.2,0.8,7.5,SSE,26,WNW,SSE,15,15,92,59,1025.0,1024.0,2,3,11.6,19.1,Yes,No,No,2017-06-13,True,1.0,0,0,2017,2,6,Jun,2017-06,Summer,15.85,9.1,0,1,Light,Light (<30 km/h),South
3258,2017-06-13,9.5,18.7,0.0,2.2,9.1,SSE,37,W,SSE,20,22,82,62,1030.0,1029.1,2,3,11.2,18.2,No,Yes,Yes,2017-06-14,True,1.0,0,0,2017,2,6,Jun,2017-06,Summer,14.1,9.2,0,0,None,Moderate (30-45 km/h),South
3259,2017-06-14,11.1,17.8,2.6,1.8,2.9,WNW,24,WNW,ENE,13,9,82,78,1031.3,1028.4,3,7,13.3,17.4,Yes,No,No,2017-06-15,True,1.0,0,0,2017,2,6,Jun,2017-06,Summer,14.45,6.7,0,1,Moderate,Light (<30 km/h),West
3260,2017-06-15,10.7,20.1,0.6,1.2,6.4,W,22,W,ENE,13,15,89,69,1027.9,1024.4,2,6,11.9,18.7,No,No,No,2017-06-16,True,1.0,0,0,2017,2,6,Jun,2017-06,Summer,15.4,9.4,0,0,Light,Light (<30 km/h),West
3261,2017-06-16,11.9,17.3,0.0,1.6,0.2,WNW,26,W,WSW,19,7,79,69,1026.2,1023.5,7,7,13.3,17.2,No,No,No,2017-06-17,True,1.0,0,0,2017,2,6,Jun,2017-06,Summer,14.6,5.4,0,0,None,Light (<30 km/h),West
3262,2017-06-17,13.2,19.1,0.0,1.0,0.2,SSW,26,WNW,SSW,9,13,81,67,1024.3,1021.8,7,7,14.6,17.4,No,Yes,Yes,2017-06-18,True,1.0,0,0,2017,2,6,Jun,2017-06,Summer,16.15,5.9,0,0,None,Light (<30 km/h),South
3263,2017-06-18,11.3,18.0,1.8,2.0,6.3,S,52,SW,SSW,13,28,83,62,1025.7,1025.8,3,5,12.9,17.6,Yes,No,No,2017-06-19,True,1.0,0,0,2017,2,6,Jun,2017-06,Summer,14.65,6.7,0,1,Light,Strong (45-60 km/h),South
3264,2017-06-19,11.2,18.3,0.4,2.2,1.9,SSW,37,W,S,17,19,79,69,1030.4,1028.4,6,7,12.7,17.2,No,Yes,Yes,2017-06-20,True,1.0,0,0,2017,2,6,Jun,2017-06,Summer,14.75,7.1,0,0,Light,Moderate (30-45 km/h),South
3265,2017-06-20,11.3,20.0,4.4,2.2,5.8,W,26,W,SSW,19,9,88,60,1028.7,1025.2,6,1,11.9,19.7,Yes,No,No,2017-06-21,True,1.0,0,0,2017,2,6,Jun,2017-06,Summer,15.65,8.7,0,1,Moderate,Light (<30 km/h),West
3266,2017-06-21,8.6,19.6,0.0,2.0,7.8,SSE,37,W,SSE,22,20,73,52,1025.9,1025.3,2,2,10.5,17.9,No,No,No,2017-06-22,True,1.0,0,0,2017,2,6,Jun,2017-06,Summer,14.1,11.0,0,0,None,Moderate (30-45 km/h),South
3267,2017-06-22,9.3,19.2,0.0,2.0,9.2,W,30,W,ESE,20,7,78,53,1028.5,1024.6,2,2,11.0,18.7,No,No,No,2017-06-23,True,1.0,0,0,2017,2,6,Jun,2017-06,Summer,14.25,9.9,0,0,None,Moderate (30-45 km/h),West
3268,2017-06-23,9.4,17.7,0.0,2.4,2.7,W,24,WNW,N,15,13,85,56,1020.8,1015.0,6,6,10.2,17.3,No,No,No,2017-06-24,True,1.0,0,0,2017,2,6,Jun,2017-06,Summer,13.55,8.3,0,0,None,Light (<30 km/h),West
3269,2017-06-24,10.1,19.3,0.0,1.4,9.3,W,43,W,W,17,19,56,35,1017.3,1015.1,5,2,12.4,19.0,No,No,No,2017-06-25,True,1.0,0,0,2017,2,6,Jun,2017-06,Summer,14.7,9.2,0,0,None,Moderate (30-45 km/h),West
3270,2017-06-25,7.6,19.3,0.0,3.4,9.4,W,35,W,W,13,13,73,32,1018.6,1015.4,1,1,9.4,18.8,No,No,,,False,1.0,0,0,2017,2,6,Jun,2017-06,Summer,13.45,11.7,0,0,None,Moderate (30-45 km/h),West
